assembly_accession	length_accepted_markers	recovery_fixed119	primary_accepted_markers	primary_marker_denominator	post_occupancy_recovery	post_minimum_markers	orthology_unique_length_accepted_markers
GCF_000009425.1	115	0.9663865546218487	99	100	0.99	80	114
GCF_000010145.1	113	0.9495798319327731	97	100	0.97	80	112
GCF_000011045.1	118	0.9915966386554622	100	100	1.0	80	117
GCF_000014385.1	110	0.9243697478991597	98	100	0.98	80	109
GCF_000014425.1	109	0.9159663865546218	98	100	0.98	80	108
GCF_000014445.1	110	0.9243697478991597	97	100	0.97	80	109
GCF_000014505.1	119	1.0	100	100	1.0	80	118
GCF_000014545.1	114	0.957983193277311	98	100	0.98	80	113
GCF_000015385.1	108	0.907563025210084	94	100	0.94	80	107
GCF_000016825.1	114	0.957983193277311	98	100	0.98	80	113
GCF_000023085.1	117	0.9831932773109243	100	100	1.0	80	116
GCF_000025045.1	115	0.9663865546218487	100	100	1.0	80	114
GCF_000026405.1	110	0.9243697478991597	98	100	0.98	80	110
GCF_000092505.1	111	0.9327731092436975	98	100	0.98	80	110
GCF_000148815.2	117	0.9831932773109243	100	100	1.0	80	116
GCF_000155515.2	117	0.9831932773109243	100	100	1.0	80	116
GCF_000160835.1	117	0.9831932773109243	99	100	0.99	80	116
GCF_000203855.3	116	0.9747899159663865	99	100	0.99	80	115
GCF_000237995.1	116	0.9747899159663865	100	100	1.0	80	115
GCF_000241055.1	109	0.9159663865546218	97	100	0.97	80	108
GCF_000269925.1	115	0.9663865546218487	99	100	0.99	80	114
GCF_000269945.1	115	0.9663865546218487	99	100	0.99	80	114
GCF_000298875.1	111	0.9327731092436975	98	100	0.98	80	110
GCF_000468955.1	116	0.9747899159663865	100	100	1.0	80	115
GCF_000691805.2	114	0.957983193277311	100	100	1.0	80	113
GCF_001434365.1	113	0.9495798319327731	96	100	0.96	80	112
GCF_001434705.1	117	0.9831932773109243	100	100	1.0	80	116
GCF_001435245.1	109	0.9159663865546218	97	100	0.97	80	108
GCF_001436135.1	114	0.957983193277311	100	100	1.0	80	113
GCF_001436905.1	116	0.9747899159663865	100	100	1.0	80	115
GCF_001437055.1	109	0.9159663865546218	95	100	0.95	80	108
GCF_001437425.1	113	0.9495798319327731	100	100	1.0	80	112
GCF_001438705.1	107	0.8991596638655462	96	100	0.96	80	106
GCF_001536305.1	111	0.9327731092436975	98	100	0.98	80	110
GCF_001618285.1	110	0.9243697478991597	98	100	0.98	80	109
GCF_001702215.1	116	0.9747899159663865	100	100	1.0	80	115
GCF_001702235.1	116	0.9747899159663865	100	100	1.0	80	115
GCF_001752505.1	109	0.9159663865546218	97	100	0.97	80	108
GCF_001752515.1	109	0.9159663865546218	97	100	0.97	80	108
GCF_001752545.1	109	0.9159663865546218	97	100	0.97	80	108
GCF_001761545.1	113	0.9495798319327731	99	100	0.99	80	112
GCF_001767275.1	116	0.9747899159663865	99	100	0.99	80	115
GCF_001888925.1	109	0.9159663865546218	95	100	0.95	80	108
GCF_001891125.1	111	0.9327731092436975	98	100	0.98	80	110
GCF_001932615.1	115	0.9663865546218487	100	100	1.0	80	114
GCF_001998805.1	111	0.9327731092436975	99	100	0.99	80	110
GCF_002174215.1	117	0.9831932773109243	99	100	0.99	80	116
GCF_002950695.1	107	0.8991596638655462	96	100	0.96	80	106
GCF_002970915.1	117	0.9831932773109243	100	100	1.0	80	116
GCF_002970935.1	117	0.9831932773109243	100	100	1.0	80	116
GCF_003150935.1	110	0.9243697478991597	98	100	0.98	80	109
GCF_003151025.1	108	0.907563025210084	97	100	0.97	80	107
GCF_003173695.1	109	0.9159663865546218	98	100	0.98	80	108
GCF_003176835.1	116	0.9747899159663865	99	100	0.99	80	115
GCF_003264795.1	109	0.9159663865546218	97	100	0.97	80	108
GCF_003584685.1	109	0.9159663865546218	98	100	0.98	80	108
GCF_003641185.1	117	0.9831932773109243	100	100	1.0	80	116
GCF_003722275.1	115	0.9663865546218487	98	100	0.98	80	114
GCF_003999355.1	108	0.907563025210084	97	100	0.97	80	107
GCF_004354645.1	111	0.9327731092436975	98	100	0.98	80	110
GCF_004377635.1	110	0.9243697478991597	98	100	0.98	80	109
GCF_005405405.1	116	0.9747899159663865	99	100	0.99	80	115
GCF_005405465.1	113	0.9495798319327731	100	100	1.0	80	112
GCF_007954605.1	111	0.9327731092436975	99	100	0.99	80	110
GCF_007954785.1	109	0.9159663865546218	97	100	0.97	80	109
GCF_008107645.1	111	0.9327731092436975	98	100	0.98	80	110
GCF_008831485.1	110	0.9243697478991597	99	100	0.99	80	109
GCF_009184845.1	118	0.9915966386554622	100	100	1.0	80	117
GCF_009856565.1	116	0.9747899159663865	100	100	1.0	80	115
GCF_009913655.1	117	0.9831932773109243	100	100	1.0	80	116
GCF_009913995.1	118	0.9915966386554622	99	100	0.99	80	117
GCF_009914015.1	117	0.9831932773109243	98	100	0.98	80	116
GCF_009914035.1	118	0.9915966386554622	99	100	0.99	80	117
GCF_010092385.1	117	0.9831932773109243	99	100	0.99	80	116
GCF_011058775.1	108	0.907563025210084	96	100	0.96	80	107
GCF_011304355.1	103	0.865546218487395	93	100	0.93	80	102
GCF_013113695.1	110	0.9243697478991597	98	100	0.98	80	109
GCF_013407595.1	117	0.9831932773109243	100	100	1.0	80	116
GCF_014131735.1	117	0.9831932773109243	100	100	1.0	80	116
GCF_014145545.1	113	0.9495798319327731	98	100	0.98	80	112
GCF_014145555.1	115	0.9663865546218487	99	100	0.99	80	114
GCF_014145615.1	115	0.9663865546218487	99	100	0.99	80	114
GCF_014397255.1	111	0.9327731092436975	98	100	0.98	80	110
GCF_014656585.1	110	0.9243697478991597	97	100	0.97	80	109
GCF_014789145.1	112	0.9411764705882353	100	100	1.0	80	111
GCF_016127255.1	111	0.9327731092436975	98	100	0.98	80	110
GCF_016127815.1	117	0.9831932773109243	99	100	0.99	80	116
GCF_016647595.1	110	0.9243697478991597	97	100	0.97	80	109
GCF_016919665.1	117	0.9831932773109243	100	100	1.0	80	116
GCF_017068355.1	117	0.9831932773109243	100	100	1.0	80	116
GCF_017894345.1	108	0.907563025210084	96	100	0.96	80	107
GCF_018394055.1	110	0.9243697478991597	99	100	0.99	80	109
GCF_018502505.1	110	0.9243697478991597	99	100	0.99	80	109
GCF_019448175.1	116	0.9747899159663865	99	100	0.99	80	115
GCF_019469265.1	110	0.9243697478991597	98	100	0.98	80	109
GCF_019576155.1	112	0.9411764705882353	99	100	0.99	80	111
GCF_019797825.1	114	0.957983193277311	97	100	0.97	80	113
GCF_020510245.1	110	0.9243697478991597	98	100	0.98	80	109
GCF_020784695.1	115	0.9663865546218487	99	100	0.99	80	114
GCF_020844005.1	117	0.9831932773109243	100	100	1.0	80	116
GCF_021378055.1	119	1.0	100	100	1.0	80	118
GCF_023169905.1	115	0.9663865546218487	99	100	0.99	80	114
GCF_023499275.1	114	0.957983193277311	99	100	0.99	80	113
GCF_023920145.1	110	0.9243697478991597	98	100	0.98	80	109
GCF_024334065.1	115	0.9663865546218487	99	100	0.99	80	114
GCF_024397795.1	108	0.907563025210084	97	100	0.97	80	107
GCF_024718545.1	112	0.9411764705882353	100	100	1.0	80	111
GCF_025311495.1	116	0.9747899159663865	98	100	0.98	80	115
GCF_025490915.1	116	0.9747899159663865	99	100	0.99	80	115
GCF_025739325.1	117	0.9831932773109243	100	100	1.0	80	116
GCF_025948295.1	117	0.9831932773109243	100	100	1.0	80	116
GCF_026222675.1	117	0.9831932773109243	100	100	1.0	80	116
GCF_028607025.1	114	0.957983193277311	97	100	0.97	80	113
GCF_028621815.1	117	0.9831932773109243	99	100	0.99	80	116
GCF_028736235.1	113	0.9495798319327731	99	100	0.99	80	112
GCF_029025825.1	117	0.9831932773109243	100	100	1.0	80	116
GCF_029726355.1	117	0.9831932773109243	100	100	1.0	80	116
GCF_029854335.1	117	0.9831932773109243	100	100	1.0	80	116
GCF_029866985.1	117	0.9831932773109243	100	100	1.0	80	116
GCF_030480545.1	112	0.9411764705882353	99	100	0.99	80	111
GCF_030770265.1	117	0.9831932773109243	100	100	1.0	80	116
GCF_030770295.1	117	0.9831932773109243	100	100	1.0	80	116
GCF_030770335.1	117	0.9831932773109243	100	100	1.0	80	116
GCF_032762665.1	110	0.9243697478991597	98	100	0.98	80	109
GCF_033142085.1	110	0.9243697478991597	98	100	0.98	80	109
GCF_033570435.1	115	0.9663865546218487	98	100	0.98	80	114
GCF_034703025.1	117	0.9831932773109243	99	100	0.99	80	116
GCF_035985965.1	117	0.9831932773109243	100	100	1.0	80	116
GCF_036246165.1	117	0.9831932773109243	100	100	1.0	80	116
GCF_036246185.1	117	0.9831932773109243	100	100	1.0	80	116
GCF_036246225.1	117	0.9831932773109243	100	100	1.0	80	117
GCF_036327715.1	114	0.957983193277311	100	100	1.0	80	113
GCF_037290055.1	117	0.9831932773109243	100	100	1.0	80	116
GCF_037891785.1	114	0.957983193277311	99	100	0.99	80	113
GCF_037892375.1	114	0.957983193277311	99	100	0.99	80	113
GCF_038049945.1	117	0.9831932773109243	100	100	1.0	80	116
GCF_039645515.1	115	0.9663865546218487	99	100	0.99	80	114
GCF_039645575.1	114	0.957983193277311	99	100	0.99	80	113
GCF_039783225.1	117	0.9831932773109243	100	100	1.0	80	116
GCF_039783785.1	117	0.9831932773109243	100	100	1.0	80	116
GCF_039955095.1	113	0.9495798319327731	97	100	0.97	80	112
GCF_041225485.1	115	0.9663865546218487	100	100	1.0	80	114
GCF_041225605.1	115	0.9663865546218487	100	100	1.0	80	114
GCF_041281755.1	113	0.9495798319327731	99	100	0.99	80	112
GCF_041509385.1	117	0.9831932773109243	100	100	1.0	80	116
GCF_041514285.1	117	0.9831932773109243	100	100	1.0	80	116
GCF_041514295.1	117	0.9831932773109243	100	100	1.0	80	116
GCF_041893975.1	117	0.9831932773109243	100	100	1.0	80	116
GCF_042847315.1	117	0.9831932773109243	100	100	1.0	80	117
GCF_042997415.1	110	0.9243697478991597	98	100	0.98	80	109
GCF_045760565.1	115	0.9663865546218487	100	100	1.0	80	114
GCF_045801155.1	110	0.9243697478991597	97	100	0.97	80	109
GCF_045862825.1	117	0.9831932773109243	100	100	1.0	80	116
GCF_046109915.1	111	0.9327731092436975	97	100	0.97	80	110
GCF_047344935.1	110	0.9243697478991597	97	100	0.97	80	109
GCF_050407965.1	117	0.9831932773109243	100	100	1.0	80	116
GCF_050847345.1	117	0.9831932773109243	100	100	1.0	80	116
GCF_051098045.1	117	0.9831932773109243	100	100	1.0	80	116
GCF_052569745.1	117	0.9831932773109243	100	100	1.0	80	116
GCF_052570115.1	117	0.9831932773109243	100	100	1.0	80	116
GCF_052571685.1	117	0.9831932773109243	100	100	1.0	80	116
GCF_054073565.1	112	0.9411764705882353	99	100	0.99	80	111
GCF_054331775.1	112	0.9411764705882353	98	100	0.98	80	111
GCF_054452875.2	118	0.9915966386554622	100	100	1.0	80	117
GCF_054784775.1	116	0.9747899159663865	98	100	0.98	80	115
GCF_054785075.1	117	0.9831932773109243	100	100	1.0	80	116
GCF_055180435.1	115	0.9663865546218487	99	100	0.99	80	114
GCF_055502585.1	110	0.9243697478991597	96	100	0.96	80	109
GCF_055755075.1	119	1.0	100	100	1.0	80	118
GCF_056269605.1	117	0.9831932773109243	100	100	1.0	80	116
GCF_056676095.1	114	0.957983193277311	98	100	0.98	80	113
GCF_057786735.1	115	0.9663865546218487	99	100	0.99	80	114
GCF_058111805.1	110	0.9243697478991597	97	100	0.97	80	109
GCF_059089415.1	116	0.9747899159663865	98	100	0.98	80	115
GCF_060305805.1	117	0.9831932773109243	100	100	1.0	80	116
GCF_060307215.1	117	0.9831932773109243	100	100	1.0	80	116
GCF_900016205.1	111	0.9327731092436975	98	100	0.98	80	110
GCF_900094835.1	111	0.9327731092436975	100	100	1.0	80	110
GCF_900240275.1	115	0.9663865546218487	99	100	0.99	80	114
GCF_900519455.1	110	0.9243697478991597	98	100	0.98	80	109
GCF_900519475.1	110	0.9243697478991597	98	100	0.98	80	109
GCF_900636965.1	117	0.9831932773109243	100	100	1.0	80	116
GCF_903885985.1	117	0.9831932773109243	100	100	1.0	80	116
GCF_903886345.1	117	0.9831932773109243	100	100	1.0	80	116
GCF_903886475.1	117	0.9831932773109243	100	100	1.0	80	116
GCF_903891025.1	117	0.9831932773109243	100	100	1.0	80	116
GCF_903891205.1	117	0.9831932773109243	100	100	1.0	80	116
GCF_947539375.1	110	0.9243697478991597	98	100	0.98	80	109
GCF_963243495.1	117	0.9831932773109243	100	100	1.0	80	116
GCF_963281025.1	114	0.957983193277311	97	100	0.97	80	113
GCF_964063315.1	111	0.9327731092436975	98	100	0.98	80	110
GCF_965136965.1	116	0.9747899159663865	99	100	0.99	80	115
GCF_965286035.1	110	0.9243697478991597	97	100	0.97	80	109
GCF_965286295.1	117	0.9831932773109243	100	100	1.0	80	116
GCF_965286585.1	113	0.9495798319327731	97	100	0.97	80	112
GCF_982267005.1	110	0.9243697478991597	98	100	0.98	80	109
