profile	median_single_copy_source_aa_length	inclusive_minimum_aa_length	inclusive_maximum_aa_length	accepted_genomes_fixed196	occupancy_fixed196	primary_retained	orthology_review_state
5-FTHF_cyc-lig	184.0	147	221	189	0.9642857142857143	True	KEEP_ORIGINAL_FIXED_FILTER_RESULT
ADK	216.0	173	259	196	1.0	True	KEEP_ORIGINAL_FIXED_FILTER_RESULT
AICARFT_IMPCHas	510.0	408	612	167	0.8520408163265306	False	KEEP_ORIGINAL_FIXED_FILTER_RESULT
ATP-synt	303.0	242	364	196	1.0	True	KEEP_ORIGINAL_FIXED_FILTER_RESULT
ATP-synt_A	237.0	190	284	196	1.0	True	KEEP_ORIGINAL_FIXED_FILTER_RESULT
ATP-synt_B	169.0	135	203	196	1.0	True	KEEP_ORIGINAL_FIXED_FILTER_RESULT
ATP-synt_DE_N	142.0	114	170	196	1.0	True	KEEP_ORIGINAL_FIXED_FILTER_RESULT
ATP_bind_2	295.0	236	354	162	0.826530612244898	False	KEEP_ORIGINAL_FIXED_FILTER_RESULT
Adenylsucc_synt	430.0	344	516	195	0.9948979591836735	True	KEEP_ORIGINAL_FIXED_FILTER_RESULT
CTP_transf_1	264.0	211	317	195	0.9948979591836735	True	KEEP_ORIGINAL_FIXED_FILTER_RESULT
Cpn10	94.0	75	113	196	1.0	True	KEEP_ORIGINAL_FIXED_FILTER_RESULT
Cpn60_TCP1	541.0	433	649	196	1.0	True	KEEP_ORIGINAL_FIXED_FILTER_RESULT
Cytidylate_kin2	225.0	180	270	190	0.9693877551020408	True	KEEP_ORIGINAL_FIXED_FILTER_RESULT
DAGK_prokar	137.0	110	164	173	0.8826530612244898	False	KEEP_ORIGINAL_FIXED_FILTER_RESULT
DHOase	425.0	340	510	189	0.9642857142857143	True	KEEP_ORIGINAL_FIXED_FILTER_RESULT
DNA_pol3_delta	339.0	271	407	196	1.0	True	KEEP_ORIGINAL_FIXED_FILTER_RESULT
DNA_processg_A	286.0	229	343	186	0.9489795918367347	True	KEEP_ORIGINAL_FIXED_FILTER_RESULT
DUF1934	145.0	116	174	196	1.0	True	KEEP_ORIGINAL_FIXED_FILTER_RESULT
DUF448	99.0	79	119	196	1.0	True	KEEP_ORIGINAL_FIXED_FILTER_RESULT
DUF951	64.0	51	77	177	0.9030612244897959	True	KEEP_ORIGINAL_FIXED_FILTER_RESULT
DnaJ_C	377.0	302	452	178	0.9081632653061225	True	KEEP_ORIGINAL_FIXED_FILTER_RESULT
EF_TS	292.0	234	350	196	1.0	True	KEEP_ORIGINAL_FIXED_FILTER_RESULT
Exonuc_VII_L	446.0	357	535	195	0.9948979591836735	True	KEEP_ORIGINAL_FIXED_FILTER_RESULT
Exonuc_VII_S	76.0	61	91	177	0.9030612244897959	True	KEEP_ORIGINAL_FIXED_FILTER_RESULT
FA_synthesis	343.0	274	412	196	1.0	True	KEEP_ORIGINAL_FIXED_FILTER_RESULT
FbpA	563.0	450	676	171	0.8724489795918368	False	KEEP_ORIGINAL_FIXED_FILTER_RESULT
GatB_N	476.5	381	572	196	1.0	True	KEEP_ORIGINAL_FIXED_FILTER_RESULT
Glu-tRNAGln	102.0	82	122	196	1.0	True	KEEP_ORIGINAL_FIXED_FILTER_RESULT
GrpE	192.0	154	230	196	1.0	True	KEEP_ORIGINAL_FIXED_FILTER_RESULT
HSP33	294.0	235	353	194	0.9897959183673469	True	KEEP_ORIGINAL_FIXED_FILTER_RESULT
Ham1p_like	204.0	163	245	58	0.29591836734693877	False	KEEP_ORIGINAL_FIXED_FILTER_RESULT
Hpr_kinase_C	315.0	252	378	195	0.9948979591836735	True	KEEP_ORIGINAL_FIXED_FILTER_RESULT
HrcA	347.0	278	416	180	0.9183673469387755	True	KEEP_ORIGINAL_FIXED_FILTER_RESULT
IPPT	306.0	245	367	196	1.0	True	KEEP_ORIGINAL_FIXED_FILTER_RESULT
IPT	306.0	245	367	192	0.9795918367346939	False	REDUNDANT_COMPLETE_SOURCE_SIGNAL_EXCLUDED
IreB	88.0	70	106	195	0.9948979591836735	True	KEEP_ORIGINAL_FIXED_FILTER_RESULT
Methyltrans_RNA	247.0	198	296	175	0.8928571428571429	False	KEEP_ORIGINAL_FIXED_FILTER_RESULT
MnmE_helical	462.0	370	554	143	0.7295918367346939	False	KEEP_ORIGINAL_FIXED_FILTER_RESULT
MreC	283.0	226	340	194	0.9897959183673469	True	KEEP_ORIGINAL_FIXED_FILTER_RESULT
NifU_N	148.0	118	178	164	0.8367346938775511	False	KEEP_ORIGINAL_FIXED_FILTER_RESULT
NusG	182.0	146	218	196	1.0	True	KEEP_ORIGINAL_FIXED_FILTER_RESULT
OSCP	180.0	144	216	196	1.0	True	KEEP_ORIGINAL_FIXED_FILTER_RESULT
PGI	449.0	359	539	186	0.9489795918367347	True	KEEP_ORIGINAL_FIXED_FILTER_RESULT
PGK	400.0	320	480	195	0.9948979591836735	True	KEEP_ORIGINAL_FIXED_FILTER_RESULT
Pept_tRNA_hydro	188.0	150	226	196	1.0	True	KEEP_ORIGINAL_FIXED_FILTER_RESULT
Peptidase_A8	150.0	120	180	146	0.7448979591836735	False	KEEP_ORIGINAL_FIXED_FILTER_RESULT
Prenyltransf	250.0	200	300	196	1.0	True	KEEP_ORIGINAL_FIXED_FILTER_RESULT
Queuosine_synth	347.0	278	416	152	0.7755102040816326	False	KEEP_ORIGINAL_FIXED_FILTER_RESULT
RBFA	117.0	94	140	196	1.0	True	KEEP_ORIGINAL_FIXED_FILTER_RESULT
RNA_pol_L	314.0	251	377	196	1.0	True	KEEP_ORIGINAL_FIXED_FILTER_RESULT
RNA_pol_Rpb6	73.5	59	88	125	0.6377551020408163	False	KEEP_ORIGINAL_FIXED_FILTER_RESULT
RRF	185.0	148	222	196	1.0	True	KEEP_ORIGINAL_FIXED_FILTER_RESULT
RecO_C	258.0	206	310	196	1.0	True	KEEP_ORIGINAL_FIXED_FILTER_RESULT
RecX	267.0	214	320	196	1.0	True	KEEP_ORIGINAL_FIXED_FILTER_RESULT
Ribonuclease_P	118.0	94	142	196	1.0	True	KEEP_ORIGINAL_FIXED_FILTER_RESULT
Ribosom_S12_S23	137.0	110	164	196	1.0	True	KEEP_ORIGINAL_FIXED_FILTER_RESULT
Ribosomal_L1	229.0	183	275	196	1.0	True	KEEP_ORIGINAL_FIXED_FILTER_RESULT
Ribosomal_L13	147.0	118	176	196	1.0	True	KEEP_ORIGINAL_FIXED_FILTER_RESULT
Ribosomal_L14	122.0	98	146	196	1.0	True	KEEP_ORIGINAL_FIXED_FILTER_RESULT
Ribosomal_L16	143.0	114	172	196	1.0	True	KEEP_ORIGINAL_FIXED_FILTER_RESULT
Ribosomal_L17	127.0	102	152	196	1.0	True	KEEP_ORIGINAL_FIXED_FILTER_RESULT
Ribosomal_L18p	118.0	94	142	196	1.0	True	KEEP_ORIGINAL_FIXED_FILTER_RESULT
Ribosomal_L19	118.0	94	142	196	1.0	True	KEEP_ORIGINAL_FIXED_FILTER_RESULT
Ribosomal_L20	118.0	94	142	162	0.826530612244898	False	KEEP_ORIGINAL_FIXED_FILTER_RESULT
Ribosomal_L21p	102.0	82	122	195	0.9948979591836735	True	KEEP_ORIGINAL_FIXED_FILTER_RESULT
Ribosomal_L22	115.0	92	138	196	1.0	True	KEEP_ORIGINAL_FIXED_FILTER_RESULT
Ribosomal_L23	97.0	78	116	196	1.0	True	KEEP_ORIGINAL_FIXED_FILTER_RESULT
Ribosomal_L27	96.0	77	115	196	1.0	True	KEEP_ORIGINAL_FIXED_FILTER_RESULT
Ribosomal_L27A	145.5	116	175	196	1.0	True	KEEP_ORIGINAL_FIXED_FILTER_RESULT
Ribosomal_L28	62.0	50	74	196	1.0	True	KEEP_ORIGINAL_FIXED_FILTER_RESULT
Ribosomal_L29	68.0	54	82	196	1.0	True	KEEP_ORIGINAL_FIXED_FILTER_RESULT
Ribosomal_L3	210.0	168	252	195	0.9948979591836735	True	KEEP_ORIGINAL_FIXED_FILTER_RESULT
Ribosomal_L34	44.0	35	53	196	1.0	True	KEEP_ORIGINAL_FIXED_FILTER_RESULT
Ribosomal_L35p	65.0	52	78	196	1.0	True	KEEP_ORIGINAL_FIXED_FILTER_RESULT
Ribosomal_L36	39.0	31	47	195	0.9948979591836735	True	KEEP_ORIGINAL_FIXED_FILTER_RESULT
Ribosomal_L4	207.0	166	248	196	1.0	True	KEEP_ORIGINAL_FIXED_FILTER_RESULT
Ribosomal_L6	178.0	142	214	196	1.0	True	KEEP_ORIGINAL_FIXED_FILTER_RESULT
Ribosomal_L9_C	150.0	120	180	196	1.0	True	KEEP_ORIGINAL_FIXED_FILTER_RESULT
Ribosomal_S10	102.0	82	122	196	1.0	True	KEEP_ORIGINAL_FIXED_FILTER_RESULT
Ribosomal_S11	129.0	103	155	196	1.0	True	KEEP_ORIGINAL_FIXED_FILTER_RESULT
Ribosomal_S13	121.0	97	145	196	1.0	True	KEEP_ORIGINAL_FIXED_FILTER_RESULT
Ribosomal_S15	89.0	71	107	196	1.0	True	KEEP_ORIGINAL_FIXED_FILTER_RESULT
Ribosomal_S16	90.0	72	108	177	0.9030612244897959	True	KEEP_ORIGINAL_FIXED_FILTER_RESULT
Ribosomal_S17	88.0	70	106	196	1.0	True	KEEP_ORIGINAL_FIXED_FILTER_RESULT
Ribosomal_S19	93.0	74	112	195	0.9948979591836735	True	KEEP_ORIGINAL_FIXED_FILTER_RESULT
Ribosomal_S2	259.0	207	311	196	1.0	True	KEEP_ORIGINAL_FIXED_FILTER_RESULT
Ribosomal_S20p	84.0	67	101	195	0.9948979591836735	True	KEEP_ORIGINAL_FIXED_FILTER_RESULT
Ribosomal_S21	61.0	49	73	196	1.0	True	KEEP_ORIGINAL_FIXED_FILTER_RESULT
Ribosomal_S30AE	184.0	147	221	189	0.9642857142857143	True	KEEP_ORIGINAL_FIXED_FILTER_RESULT
Ribosomal_S6	98.0	78	118	181	0.923469387755102	True	KEEP_ORIGINAL_FIXED_FILTER_RESULT
Ribosomal_S7	156.0	125	187	196	1.0	True	KEEP_ORIGINAL_FIXED_FILTER_RESULT
Ribosomal_S8	132.0	106	158	196	1.0	True	KEEP_ORIGINAL_FIXED_FILTER_RESULT
Ribosomal_S9	130.0	104	156	196	1.0	True	KEEP_ORIGINAL_FIXED_FILTER_RESULT
RsfS	118.0	94	142	196	1.0	True	KEEP_ORIGINAL_FIXED_FILTER_RESULT
RuvX	144.0	115	173	196	1.0	True	KEEP_ORIGINAL_FIXED_FILTER_RESULT
SAICAR_synt	241.0	193	289	167	0.8520408163265306	False	KEEP_ORIGINAL_FIXED_FILTER_RESULT
SHMT	412.0	330	494	178	0.9081632653061225	True	KEEP_ORIGINAL_FIXED_FILTER_RESULT
SMC_ScpA	250.0	200	300	193	0.9846938775510204	True	KEEP_ORIGINAL_FIXED_FILTER_RESULT
SMC_ScpB	196.0	157	235	193	0.9846938775510204	True	KEEP_ORIGINAL_FIXED_FILTER_RESULT
SPOUT_MTase	159.0	127	191	174	0.8877551020408163	False	KEEP_ORIGINAL_FIXED_FILTER_RESULT
SecE	58.0	46	70	195	0.9948979591836735	True	KEEP_ORIGINAL_FIXED_FILTER_RESULT
SecG	78.0	62	94	194	0.9897959183673469	True	KEEP_ORIGINAL_FIXED_FILTER_RESULT
SmpB	155.0	124	186	195	0.9948979591836735	True	KEEP_ORIGINAL_FIXED_FILTER_RESULT
TGT	380.0	304	456	169	0.8622448979591837	False	KEEP_ORIGINAL_FIXED_FILTER_RESULT
TrmK	231.0	185	277	195	0.9948979591836735	True	KEEP_ORIGINAL_FIXED_FILTER_RESULT
TsaE	152.5	122	183	186	0.9489795918367347	True	KEEP_ORIGINAL_FIXED_FILTER_RESULT
Tyr_Deacylase	148.0	118	178	192	0.9795918367346939	True	KEEP_ORIGINAL_FIXED_FILTER_RESULT
UPF0052	328.5	263	394	196	1.0	True	KEEP_ORIGINAL_FIXED_FILTER_RESULT
UPF0054	160.0	128	192	196	1.0	True	KEEP_ORIGINAL_FIXED_FILTER_RESULT
VEG	83.0	66	100	182	0.9285714285714286	True	KEEP_ORIGINAL_FIXED_FILTER_RESULT
YGGT	87.0	70	104	196	1.0	True	KEEP_ORIGINAL_FIXED_FILTER_RESULT
YajC	124.0	99	149	163	0.8316326530612245	False	KEEP_ORIGINAL_FIXED_FILTER_RESULT
YbaB_DNA_bd	102.0	82	122	158	0.8061224489795918	False	KEEP_ORIGINAL_FIXED_FILTER_RESULT
YbbR	322.0	258	386	193	0.9846938775510204	True	KEEP_ORIGINAL_FIXED_FILTER_RESULT
YceD	181.0	145	217	196	1.0	True	KEEP_ORIGINAL_FIXED_FILTER_RESULT
YidD	88.0	70	106	143	0.7295918367346939	False	KEEP_ORIGINAL_FIXED_FILTER_RESULT
eIF-1a	72.0	58	86	196	1.0	True	KEEP_ORIGINAL_FIXED_FILTER_RESULT
ribosomal_L24	102.0	82	122	183	0.9336734693877551	True	KEEP_ORIGINAL_FIXED_FILTER_RESULT
tRNA_m1G_MT	246.0	197	295	196	1.0	True	KEEP_ORIGINAL_FIXED_FILTER_RESULT
