profile	median_single_copy_source_aa_length	inclusive_minimum_aa_length	inclusive_maximum_aa_length	accepted_genomes_fixed196	occupancy_fixed196	primary_retained
5-FTHF_cyc-lig	184.0	147	221	189	0.9642857142857143	True
ADK	216.0	173	259	196	1.0	True
AICARFT_IMPCHas	510.0	408	612	167	0.8520408163265306	False
ATP-synt	303.0	242	364	196	1.0	True
ATP-synt_A	237.0	190	284	196	1.0	True
ATP-synt_B	169.0	135	203	196	1.0	True
ATP-synt_DE_N	142.0	114	170	196	1.0	True
ATP_bind_2	295.0	236	354	162	0.826530612244898	False
Adenylsucc_synt	430.0	344	516	195	0.9948979591836735	True
CTP_transf_1	264.0	211	317	195	0.9948979591836735	True
Cpn10	94.0	75	113	196	1.0	True
Cpn60_TCP1	541.0	433	649	196	1.0	True
Cytidylate_kin2	225.0	180	270	190	0.9693877551020408	True
DAGK_prokar	137.0	110	164	173	0.8826530612244898	False
DHOase	425.0	340	510	189	0.9642857142857143	True
DNA_pol3_delta	339.0	271	407	196	1.0	True
DNA_processg_A	286.0	229	343	186	0.9489795918367347	True
DUF1934	145.0	116	174	196	1.0	True
DUF448	99.0	79	119	196	1.0	True
DUF951	64.0	51	77	177	0.9030612244897959	True
DnaJ_C	377.0	302	452	178	0.9081632653061225	True
EF_TS	292.0	234	350	196	1.0	True
Exonuc_VII_L	446.0	357	535	195	0.9948979591836735	True
Exonuc_VII_S	76.0	61	91	177	0.9030612244897959	True
FA_synthesis	343.0	274	412	196	1.0	True
FbpA	563.0	450	676	171	0.8724489795918368	False
GatB_N	476.5	381	572	196	1.0	True
Glu-tRNAGln	102.0	82	122	196	1.0	True
GrpE	192.0	154	230	196	1.0	True
HSP33	294.0	235	353	194	0.9897959183673469	True
Ham1p_like	204.0	163	245	58	0.29591836734693877	False
Hpr_kinase_C	315.0	252	378	195	0.9948979591836735	True
HrcA	347.0	278	416	180	0.9183673469387755	True
IPPT	306.0	245	367	196	1.0	True
IPT	306.0	245	367	192	0.9795918367346939	True
IreB	88.0	70	106	195	0.9948979591836735	True
Methyltrans_RNA	247.0	198	296	175	0.8928571428571429	False
MnmE_helical	462.0	370	554	143	0.7295918367346939	False
MreC	283.0	226	340	194	0.9897959183673469	True
NifU_N	148.0	118	178	164	0.8367346938775511	False
NusG	182.0	146	218	196	1.0	True
OSCP	180.0	144	216	196	1.0	True
PGI	449.0	359	539	186	0.9489795918367347	True
PGK	400.0	320	480	195	0.9948979591836735	True
Pept_tRNA_hydro	188.0	150	226	196	1.0	True
Peptidase_A8	150.0	120	180	146	0.7448979591836735	False
Prenyltransf	250.0	200	300	196	1.0	True
Queuosine_synth	347.0	278	416	152	0.7755102040816326	False
RBFA	117.0	94	140	196	1.0	True
RNA_pol_L	314.0	251	377	196	1.0	True
RNA_pol_Rpb6	73.5	59	88	125	0.6377551020408163	False
RRF	185.0	148	222	196	1.0	True
RecO_C	258.0	206	310	196	1.0	True
RecX	267.0	214	320	196	1.0	True
Ribonuclease_P	118.0	94	142	196	1.0	True
Ribosom_S12_S23	137.0	110	164	196	1.0	True
Ribosomal_L1	229.0	183	275	196	1.0	True
Ribosomal_L13	147.0	118	176	196	1.0	True
Ribosomal_L14	122.0	98	146	196	1.0	True
Ribosomal_L16	143.0	114	172	196	1.0	True
Ribosomal_L17	127.0	102	152	196	1.0	True
Ribosomal_L18p	118.0	94	142	196	1.0	True
Ribosomal_L19	118.0	94	142	196	1.0	True
Ribosomal_L20	118.0	94	142	162	0.826530612244898	False
Ribosomal_L21p	102.0	82	122	195	0.9948979591836735	True
Ribosomal_L22	115.0	92	138	196	1.0	True
Ribosomal_L23	97.0	78	116	196	1.0	True
Ribosomal_L27	96.0	77	115	196	1.0	True
Ribosomal_L27A	145.5	116	175	196	1.0	True
Ribosomal_L28	62.0	50	74	196	1.0	True
Ribosomal_L29	68.0	54	82	196	1.0	True
Ribosomal_L3	210.0	168	252	195	0.9948979591836735	True
Ribosomal_L34	44.0	35	53	196	1.0	True
Ribosomal_L35p	65.0	52	78	196	1.0	True
Ribosomal_L36	39.0	31	47	195	0.9948979591836735	True
Ribosomal_L4	207.0	166	248	196	1.0	True
Ribosomal_L6	178.0	142	214	196	1.0	True
Ribosomal_L9_C	150.0	120	180	196	1.0	True
Ribosomal_S10	102.0	82	122	196	1.0	True
Ribosomal_S11	129.0	103	155	196	1.0	True
Ribosomal_S13	121.0	97	145	196	1.0	True
Ribosomal_S15	89.0	71	107	196	1.0	True
Ribosomal_S16	90.0	72	108	177	0.9030612244897959	True
Ribosomal_S17	88.0	70	106	196	1.0	True
Ribosomal_S19	93.0	74	112	195	0.9948979591836735	True
Ribosomal_S2	259.0	207	311	196	1.0	True
Ribosomal_S20p	84.0	67	101	195	0.9948979591836735	True
Ribosomal_S21	61.0	49	73	196	1.0	True
Ribosomal_S30AE	184.0	147	221	189	0.9642857142857143	True
Ribosomal_S6	98.0	78	118	181	0.923469387755102	True
Ribosomal_S7	156.0	125	187	196	1.0	True
Ribosomal_S8	132.0	106	158	196	1.0	True
Ribosomal_S9	130.0	104	156	196	1.0	True
RsfS	118.0	94	142	196	1.0	True
RuvX	144.0	115	173	196	1.0	True
SAICAR_synt	241.0	193	289	167	0.8520408163265306	False
SHMT	412.0	330	494	178	0.9081632653061225	True
SMC_ScpA	250.0	200	300	193	0.9846938775510204	True
SMC_ScpB	196.0	157	235	193	0.9846938775510204	True
SPOUT_MTase	159.0	127	191	174	0.8877551020408163	False
SecE	58.0	46	70	195	0.9948979591836735	True
SecG	78.0	62	94	194	0.9897959183673469	True
SmpB	155.0	124	186	195	0.9948979591836735	True
TGT	380.0	304	456	169	0.8622448979591837	False
TrmK	231.0	185	277	195	0.9948979591836735	True
TsaE	152.5	122	183	186	0.9489795918367347	True
Tyr_Deacylase	148.0	118	178	192	0.9795918367346939	True
UPF0052	328.5	263	394	196	1.0	True
UPF0054	160.0	128	192	196	1.0	True
VEG	83.0	66	100	182	0.9285714285714286	True
YGGT	87.0	70	104	196	1.0	True
YajC	124.0	99	149	163	0.8316326530612245	False
YbaB_DNA_bd	102.0	82	122	158	0.8061224489795918	False
YbbR	322.0	258	386	193	0.9846938775510204	True
YceD	181.0	145	217	196	1.0	True
YidD	88.0	70	106	143	0.7295918367346939	False
eIF-1a	72.0	58	86	196	1.0	True
ribosomal_L24	102.0	82	122	183	0.9336734693877551	True
tRNA_m1G_MT	246.0	197	295	196	1.0	True
