profile	profile_accession	profile_description	profile_length	ga_sequence	ga_domain	source_ga_text	annotation_review_state	review_limit
5-FTHF_cyc-lig	PF01812.20	5-formyltetrahydrofolate cyclo-ligase family	187	20.9	20.9	20.90 20.90	PROFILE_DESCRIPTION_HAS_HOST_FUNCTION_NO_EXPLICIT_RM_DESCRIPTION	Profile/source annotations require review; absence of explicit RM words is not proof of protein function
Adenylsucc_synt	PF00709.21	Adenylosuccinate synthetase	419	20.4	20.4	20.40 20.40	PROFILE_DESCRIPTION_HAS_HOST_FUNCTION_NO_EXPLICIT_RM_DESCRIPTION	Profile/source annotations require review; absence of explicit RM words is not proof of protein function
ADK	PF00406.22	Adenylate kinase	151	26.8	26.8	26.80 26.80	PROFILE_DESCRIPTION_HAS_HOST_FUNCTION_NO_EXPLICIT_RM_DESCRIPTION	Profile/source annotations require review; absence of explicit RM words is not proof of protein function
AICARFT_IMPCHas	PF01808.18	AICARFT/IMPCHase bienzyme	296	25.0	25.0	25.00 25.00	PROFILE_DESCRIPTION_HAS_HOST_FUNCTION_NO_EXPLICIT_RM_DESCRIPTION	Profile/source annotations require review; absence of explicit RM words is not proof of protein function
ATP-synt	PF00231.19	ATP synthase	279	22.2	22.2	22.20 22.20	PROFILE_DESCRIPTION_HAS_HOST_FUNCTION_NO_EXPLICIT_RM_DESCRIPTION	Profile/source annotations require review; absence of explicit RM words is not proof of protein function
ATP-synt_A	PF00119.20	ATP synthase A chain	211	33.9	33.9	33.90 33.90	PROFILE_DESCRIPTION_HAS_HOST_FUNCTION_NO_EXPLICIT_RM_DESCRIPTION	Profile/source annotations require review; absence of explicit RM words is not proof of protein function
ATP-synt_B	PF00430.18	ATP synthase B/B' CF(0)	132	26.9	26.9	26.90 26.90	PROFILE_DESCRIPTION_HAS_HOST_FUNCTION_NO_EXPLICIT_RM_DESCRIPTION	Profile/source annotations require review; absence of explicit RM words is not proof of protein function
ATP-synt_DE_N	PF02823.16	ATP synthase, Delta/Epsilon chain, beta-sandwich domain	80	20.1	20.1	20.10 20.10	PROFILE_DESCRIPTION_HAS_HOST_FUNCTION_NO_EXPLICIT_RM_DESCRIPTION	Profile/source annotations require review; absence of explicit RM words is not proof of protein function
ATP_bind_2	PF03668.15	P-loop ATPase protein family	284	25.4	25.4	25.40 25.40	GENERIC_OR_UNCHARACTERIZED_FAMILY_REVIEW_REQUIRED	Profile/source annotations require review; absence of explicit RM words is not proof of protein function
Cpn10	PF00166.21	Chaperonin 10 Kd subunit	93	21.1	21.1	21.10 21.10	PROFILE_DESCRIPTION_HAS_HOST_FUNCTION_NO_EXPLICIT_RM_DESCRIPTION	Profile/source annotations require review; absence of explicit RM words is not proof of protein function
Cpn60_TCP1	PF00118.24	TCP-1/cpn60 chaperonin family	491	34.3	34.3	34.30 34.30	PROFILE_DESCRIPTION_HAS_HOST_FUNCTION_NO_EXPLICIT_RM_DESCRIPTION	Profile/source annotations require review; absence of explicit RM words is not proof of protein function
CTP_transf_1	PF01148.20	Cytidylyltransferase family	266	23.6	23.6	23.60 23.60	GENERIC_OR_UNCHARACTERIZED_FAMILY_REVIEW_REQUIRED	Profile/source annotations require review; absence of explicit RM words is not proof of protein function
Cytidylate_kin2	PF13189.6	Cytidylate kinase-like family	179	28.0	28.0	28.00 28.00	GENERIC_OR_UNCHARACTERIZED_FAMILY_REVIEW_REQUIRED	Profile/source annotations require review; absence of explicit RM words is not proof of protein function
DAGK_prokar	PF01219.19	Prokaryotic diacylglycerol kinase	102	22.3	22.3	22.30 22.30	PROFILE_DESCRIPTION_HAS_HOST_FUNCTION_NO_EXPLICIT_RM_DESCRIPTION	Profile/source annotations require review; absence of explicit RM words is not proof of protein function
DHOase	PF12890.7	Dihydro-orotase-like	142	21.2	21.2	21.20 21.20	GENERIC_OR_UNCHARACTERIZED_FAMILY_REVIEW_REQUIRED	Profile/source annotations require review; absence of explicit RM words is not proof of protein function
DnaJ_C	PF01556.18	DnaJ C terminal domain	148	26.6	26.6	26.60 26.60	PROFILE_DESCRIPTION_HAS_HOST_FUNCTION_NO_EXPLICIT_RM_DESCRIPTION	Profile/source annotations require review; absence of explicit RM words is not proof of protein function
DNA_pol3_delta	PF06144.13	DNA polymerase III, delta subunit	174	27.0	27.0	27.00 27.00	PROFILE_DESCRIPTION_HAS_HOST_FUNCTION_NO_EXPLICIT_RM_DESCRIPTION	Profile/source annotations require review; absence of explicit RM words is not proof of protein function
DNA_processg_A	PF02481.15	DNA recombination-mediator protein A	210	29.6	29.6	29.60 29.60	PROFILE_DESCRIPTION_HAS_HOST_FUNCTION_NO_EXPLICIT_RM_DESCRIPTION	Profile/source annotations require review; absence of explicit RM words is not proof of protein function
DUF1934	PF09148.10	Domain of unknown function (DUF1934)	128	21.6	21.6	21.60 21.60	GENERIC_OR_UNCHARACTERIZED_FAMILY_REVIEW_REQUIRED	Profile/source annotations require review; absence of explicit RM words is not proof of protein function
DUF448	PF04296.13	Protein of unknown function (DUF448)	75	21.6	21.6	21.60 21.60	GENERIC_OR_UNCHARACTERIZED_FAMILY_REVIEW_REQUIRED	Profile/source annotations require review; absence of explicit RM words is not proof of protein function
DUF951	PF06107.11	Bacterial protein of unknown function (DUF951)	55	25.0	25.0	25.00 25.00	GENERIC_OR_UNCHARACTERIZED_FAMILY_REVIEW_REQUIRED	Profile/source annotations require review; absence of explicit RM words is not proof of protein function
EF_TS	PF00889.19	Elongation factor TS	208	27.0	27.0	27.00 27.00	PROFILE_DESCRIPTION_HAS_HOST_FUNCTION_NO_EXPLICIT_RM_DESCRIPTION	Profile/source annotations require review; absence of explicit RM words is not proof of protein function
eIF-1a	PF01176.19	Translation initiation factor 1A / IF-1	64	29.4	29.4	29.40 29.40	PROFILE_DESCRIPTION_HAS_HOST_FUNCTION_NO_EXPLICIT_RM_DESCRIPTION	Profile/source annotations require review; absence of explicit RM words is not proof of protein function
Exonuc_VII_L	PF02601.15	Exonuclease VII, large subunit	304	33.3	33.3	33.30 33.30	PROFILE_DESCRIPTION_HAS_HOST_FUNCTION_NO_EXPLICIT_RM_DESCRIPTION	Profile/source annotations require review; absence of explicit RM words is not proof of protein function
Exonuc_VII_S	PF02609.16	Exonuclease VII small subunit	52	24.0	24.0	24.00 24.00	PROFILE_DESCRIPTION_HAS_HOST_FUNCTION_NO_EXPLICIT_RM_DESCRIPTION	Profile/source annotations require review; absence of explicit RM words is not proof of protein function
FA_synthesis	PF02504.15	Fatty acid synthesis protein	323	29.1	29.1	29.10 29.10	PROFILE_DESCRIPTION_HAS_HOST_FUNCTION_NO_EXPLICIT_RM_DESCRIPTION	Profile/source annotations require review; absence of explicit RM words is not proof of protein function
FbpA	PF05833.11	Fibronectin-binding protein A N-terminus (FbpA)	455	31.0	31.0	31.00 31.00	PROFILE_DESCRIPTION_HAS_HOST_FUNCTION_NO_EXPLICIT_RM_DESCRIPTION	Profile/source annotations require review; absence of explicit RM words is not proof of protein function
GatB_N	PF02934.15	GatB/GatE catalytic domain	273	23.4	23.4	23.40 23.40	PROFILE_DESCRIPTION_HAS_HOST_FUNCTION_NO_EXPLICIT_RM_DESCRIPTION	Profile/source annotations require review; absence of explicit RM words is not proof of protein function
Glu-tRNAGln	PF02686.15	Glu-tRNAGln amidotransferase C subunit	62	23.0	23.0	23.00 23.00	PROFILE_DESCRIPTION_HAS_HOST_FUNCTION_NO_EXPLICIT_RM_DESCRIPTION	Profile/source annotations require review; absence of explicit RM words is not proof of protein function
GrpE	PF01025.19	GrpE	166	25.8	25.8	25.80 25.80	PROFILE_DESCRIPTION_HAS_HOST_FUNCTION_NO_EXPLICIT_RM_DESCRIPTION	Profile/source annotations require review; absence of explicit RM words is not proof of protein function
Ham1p_like	PF01725.16	Ham1 family	187	22.5	22.5	22.50 22.50	GENERIC_OR_UNCHARACTERIZED_FAMILY_REVIEW_REQUIRED	Profile/source annotations require review; absence of explicit RM words is not proof of protein function
Hpr_kinase_C	PF07475.12	HPr Serine kinase C-terminal domain	171	33.3	33.3	33.30 33.30	PROFILE_DESCRIPTION_HAS_HOST_FUNCTION_NO_EXPLICIT_RM_DESCRIPTION	Profile/source annotations require review; absence of explicit RM words is not proof of protein function
HrcA	PF01628.21	HrcA protein C terminal domain	220	21.5	21.5	21.50 21.50	PROFILE_DESCRIPTION_HAS_HOST_FUNCTION_NO_EXPLICIT_RM_DESCRIPTION	Profile/source annotations require review; absence of explicit RM words is not proof of protein function
HSP33	PF01430.19	Hsp33 protein	267	21.4	21.4	21.40 21.40	PROFILE_DESCRIPTION_HAS_HOST_FUNCTION_NO_EXPLICIT_RM_DESCRIPTION	Profile/source annotations require review; absence of explicit RM words is not proof of protein function
IPPT	PF01715.17	IPP transferase	228	23.6	23.6	23.60 23.60	GENERIC_OR_UNCHARACTERIZED_FAMILY_REVIEW_REQUIRED	Profile/source annotations require review; absence of explicit RM words is not proof of protein function
IPT	PF01745.16	Isopentenyl transferase	233	20.0	20.0	20.00 20.00	GENERIC_OR_UNCHARACTERIZED_FAMILY_REVIEW_REQUIRED	Profile/source annotations require review; absence of explicit RM words is not proof of protein function
IreB	PF06135.12	IreB regulatory phosphoprotein	78	25.0	25.0	25.00 25.00	PROFILE_DESCRIPTION_HAS_HOST_FUNCTION_NO_EXPLICIT_RM_DESCRIPTION	Profile/source annotations require review; absence of explicit RM words is not proof of protein function
Methyltrans_RNA	PF04452.14	RNA methyltransferase	226	33.0	33.0	33.00 33.00	PROFILE_DESCRIPTION_HAS_HOST_FUNCTION_NO_EXPLICIT_RM_DESCRIPTION	Profile/source annotations require review; absence of explicit RM words is not proof of protein function
MnmE_helical	PF12631.7	MnmE helical domain	206	40.1	40.1	40.10 40.10	PROFILE_DESCRIPTION_HAS_HOST_FUNCTION_NO_EXPLICIT_RM_DESCRIPTION	Profile/source annotations require review; absence of explicit RM words is not proof of protein function
MreC	PF04085.14	rod shape-determining protein MreC	150	28.0	28.0	28.00 28.00	PROFILE_DESCRIPTION_HAS_HOST_FUNCTION_NO_EXPLICIT_RM_DESCRIPTION	Profile/source annotations require review; absence of explicit RM words is not proof of protein function
NifU_N	PF01592.16	NifU-like N terminal domain	129	20.8	20.8	20.80 20.80	GENERIC_OR_UNCHARACTERIZED_FAMILY_REVIEW_REQUIRED	Profile/source annotations require review; absence of explicit RM words is not proof of protein function
NusG	PF02357.19	Transcription termination factor nusG	95	22.2	22.2	22.20 22.20	PROFILE_DESCRIPTION_HAS_HOST_FUNCTION_NO_EXPLICIT_RM_DESCRIPTION	Profile/source annotations require review; absence of explicit RM words is not proof of protein function
OSCP	PF00213.18	ATP synthase delta (OSCP) subunit	172	22.3	22.3	22.30 22.30	PROFILE_DESCRIPTION_HAS_HOST_FUNCTION_NO_EXPLICIT_RM_DESCRIPTION	Profile/source annotations require review; absence of explicit RM words is not proof of protein function
Peptidase_A8	PF01252.18	Signal peptidase (SPase) II	141	25.0	25.0	25.00 25.00	PROFILE_DESCRIPTION_HAS_HOST_FUNCTION_NO_EXPLICIT_RM_DESCRIPTION	Profile/source annotations require review; absence of explicit RM words is not proof of protein function
Pept_tRNA_hydro	PF01195.19	Peptidyl-tRNA hydrolase	171	20.7	20.7	20.70 20.70	PROFILE_DESCRIPTION_HAS_HOST_FUNCTION_NO_EXPLICIT_RM_DESCRIPTION	Profile/source annotations require review; absence of explicit RM words is not proof of protein function
PGI	PF00342.19	Phosphoglucose isomerase	486	20.5	20.5	20.50 20.50	PROFILE_DESCRIPTION_HAS_HOST_FUNCTION_NO_EXPLICIT_RM_DESCRIPTION	Profile/source annotations require review; absence of explicit RM words is not proof of protein function
PGK	PF00162.19	Phosphoglycerate kinase	378	21.9	21.9	21.90 21.90	PROFILE_DESCRIPTION_HAS_HOST_FUNCTION_NO_EXPLICIT_RM_DESCRIPTION	Profile/source annotations require review; absence of explicit RM words is not proof of protein function
Prenyltransf	PF01255.19	Putative undecaprenyl diphosphate synthase	224	21.2	21.2	21.20 21.20	PROFILE_DESCRIPTION_HAS_HOST_FUNCTION_NO_EXPLICIT_RM_DESCRIPTION	Profile/source annotations require review; absence of explicit RM words is not proof of protein function
Queuosine_synth	PF02547.15	Queuosine biosynthesis protein	325	25.0	25.0	25.00 25.00	PROFILE_DESCRIPTION_HAS_HOST_FUNCTION_NO_EXPLICIT_RM_DESCRIPTION	Profile/source annotations require review; absence of explicit RM words is not proof of protein function
RBFA	PF02033.18	Ribosome-binding factor A	105	34.7	34.7	34.70 34.70	PROFILE_DESCRIPTION_HAS_HOST_FUNCTION_NO_EXPLICIT_RM_DESCRIPTION	Profile/source annotations require review; absence of explicit RM words is not proof of protein function
RecO_C	PF02565.15	Recombination protein O C terminal	157	22.1	22.1	22.10 22.10	PROFILE_DESCRIPTION_HAS_HOST_FUNCTION_NO_EXPLICIT_RM_DESCRIPTION	Profile/source annotations require review; absence of explicit RM words is not proof of protein function
RecX	PF02631.16	RecX family	122	20.8	20.8	20.80 20.80	PROFILE_DESCRIPTION_HAS_HOST_FUNCTION_NO_EXPLICIT_RM_DESCRIPTION	Profile/source annotations require review; absence of explicit RM words is not proof of protein function
Ribonuclease_P	PF00825.18	Ribonuclease P	110	22.3	22.3	22.30 22.30	PROFILE_DESCRIPTION_HAS_HOST_FUNCTION_NO_EXPLICIT_RM_DESCRIPTION	Profile/source annotations require review; absence of explicit RM words is not proof of protein function
Ribosomal_L1	PF00687.21	Ribosomal protein L1p/L10e family	204	32.2	32.2	32.20 32.20	PROFILE_DESCRIPTION_HAS_HOST_FUNCTION_NO_EXPLICIT_RM_DESCRIPTION	Profile/source annotations require review; absence of explicit RM words is not proof of protein function
Ribosomal_L13	PF00572.18	Ribosomal protein L13	125	18.8	18.8	18.80 18.80	PROFILE_DESCRIPTION_HAS_HOST_FUNCTION_NO_EXPLICIT_RM_DESCRIPTION	Profile/source annotations require review; absence of explicit RM words is not proof of protein function
Ribosomal_L14	PF00238.19	Ribosomal protein L14p/L23e	122	23.6	23.6	23.60 23.60	PROFILE_DESCRIPTION_HAS_HOST_FUNCTION_NO_EXPLICIT_RM_DESCRIPTION	Profile/source annotations require review; absence of explicit RM words is not proof of protein function
Ribosomal_L16	PF00252.18	Ribosomal protein L16p/L10e	132	26.4	26.4	26.40 26.40	PROFILE_DESCRIPTION_HAS_HOST_FUNCTION_NO_EXPLICIT_RM_DESCRIPTION	Profile/source annotations require review; absence of explicit RM words is not proof of protein function
Ribosomal_L17	PF01196.19	Ribosomal protein L17	94	20.2	20.2	20.20 20.20	PROFILE_DESCRIPTION_HAS_HOST_FUNCTION_NO_EXPLICIT_RM_DESCRIPTION	Profile/source annotations require review; absence of explicit RM words is not proof of protein function
Ribosomal_L18p	PF00861.22	Ribosomal L18 of archaea, bacteria, mitoch. and chloroplast	116	27.8	27.8	27.80 27.80	PROFILE_DESCRIPTION_HAS_HOST_FUNCTION_NO_EXPLICIT_RM_DESCRIPTION	Profile/source annotations require review; absence of explicit RM words is not proof of protein function
Ribosomal_L19	PF01245.20	Ribosomal protein L19	111	22.0	22.0	22.00 22.00	PROFILE_DESCRIPTION_HAS_HOST_FUNCTION_NO_EXPLICIT_RM_DESCRIPTION	Profile/source annotations require review; absence of explicit RM words is not proof of protein function
Ribosomal_L20	PF00453.18	Ribosomal protein L20	107	30.8	30.8	30.80 30.80	PROFILE_DESCRIPTION_HAS_HOST_FUNCTION_NO_EXPLICIT_RM_DESCRIPTION	Profile/source annotations require review; absence of explicit RM words is not proof of protein function
Ribosomal_L21p	PF00829.21	Ribosomal prokaryotic L21 protein	101	21.1	21.1	21.10 21.10	PROFILE_DESCRIPTION_HAS_HOST_FUNCTION_NO_EXPLICIT_RM_DESCRIPTION	Profile/source annotations require review; absence of explicit RM words is not proof of protein function
Ribosomal_L22	PF00237.19	Ribosomal protein L22p/L17e	103	26.0	26.0	26.00 26.00	PROFILE_DESCRIPTION_HAS_HOST_FUNCTION_NO_EXPLICIT_RM_DESCRIPTION	Profile/source annotations require review; absence of explicit RM words is not proof of protein function
Ribosomal_L23	PF00276.20	Ribosomal protein L23	86	21.1	21.1	21.10 21.10	PROFILE_DESCRIPTION_HAS_HOST_FUNCTION_NO_EXPLICIT_RM_DESCRIPTION	Profile/source annotations require review; absence of explicit RM words is not proof of protein function
ribosomal_L24	PF17136.4	Ribosomal proteins 50S L24/mitochondrial 39S L24	65	27.0	27.0	27.00 27.00	PROFILE_DESCRIPTION_HAS_HOST_FUNCTION_NO_EXPLICIT_RM_DESCRIPTION	Profile/source annotations require review; absence of explicit RM words is not proof of protein function
Ribosomal_L27	PF01016.19	Ribosomal L27 protein	79	20.5	20.5	20.50 20.50	PROFILE_DESCRIPTION_HAS_HOST_FUNCTION_NO_EXPLICIT_RM_DESCRIPTION	Profile/source annotations require review; absence of explicit RM words is not proof of protein function
Ribosomal_L27A	PF00828.19	Ribosomal proteins 50S-L15, 50S-L18e, 60S-L27A	128	22.1	22.1	22.10 22.10	PROFILE_DESCRIPTION_HAS_HOST_FUNCTION_NO_EXPLICIT_RM_DESCRIPTION	Profile/source annotations require review; absence of explicit RM words is not proof of protein function
Ribosomal_L28	PF00830.19	Ribosomal L28 family	60	20.7	20.7	20.70 20.70	PROFILE_DESCRIPTION_HAS_HOST_FUNCTION_NO_EXPLICIT_RM_DESCRIPTION	Profile/source annotations require review; absence of explicit RM words is not proof of protein function
Ribosomal_L29	PF00831.23	Ribosomal L29 protein	57	24.5	24.5	24.50 24.50	PROFILE_DESCRIPTION_HAS_HOST_FUNCTION_NO_EXPLICIT_RM_DESCRIPTION	Profile/source annotations require review; absence of explicit RM words is not proof of protein function
Ribosomal_L3	PF00297.22	Ribosomal protein L3	369	22.6	22.6	22.60 22.60	PROFILE_DESCRIPTION_HAS_HOST_FUNCTION_NO_EXPLICIT_RM_DESCRIPTION	Profile/source annotations require review; absence of explicit RM words is not proof of protein function
Ribosomal_L34	PF00468.17	Ribosomal protein L34	44	25.0	25.0	25.00 25.00	PROFILE_DESCRIPTION_HAS_HOST_FUNCTION_NO_EXPLICIT_RM_DESCRIPTION	Profile/source annotations require review; absence of explicit RM words is not proof of protein function
Ribosomal_L35p	PF01632.19	Ribosomal protein L35	61	28.4	28.4	28.40 28.40	PROFILE_DESCRIPTION_HAS_HOST_FUNCTION_NO_EXPLICIT_RM_DESCRIPTION	Profile/source annotations require review; absence of explicit RM words is not proof of protein function
Ribosomal_L36	PF00444.18	Ribosomal protein L36	38	26.1	26.1	26.10 26.10	PROFILE_DESCRIPTION_HAS_HOST_FUNCTION_NO_EXPLICIT_RM_DESCRIPTION	Profile/source annotations require review; absence of explicit RM words is not proof of protein function
Ribosomal_L4	PF00573.22	Ribosomal protein L4/L1 family	192	25.8	25.8	25.80 25.80	PROFILE_DESCRIPTION_HAS_HOST_FUNCTION_NO_EXPLICIT_RM_DESCRIPTION	Profile/source annotations require review; absence of explicit RM words is not proof of protein function
Ribosomal_L6	PF00347.23	Ribosomal protein L6	76	21.5	21.5	21.50 21.50	PROFILE_DESCRIPTION_HAS_HOST_FUNCTION_NO_EXPLICIT_RM_DESCRIPTION	Profile/source annotations require review; absence of explicit RM words is not proof of protein function
Ribosomal_L9_C	PF03948.14	Ribosomal protein L9, C-terminal domain	86	23.2	23.2	23.20 23.20	PROFILE_DESCRIPTION_HAS_HOST_FUNCTION_NO_EXPLICIT_RM_DESCRIPTION	Profile/source annotations require review; absence of explicit RM words is not proof of protein function
Ribosomal_S10	PF00338.22	Ribosomal protein S10p/S20e	98	21.2	21.2	21.20 21.20	PROFILE_DESCRIPTION_HAS_HOST_FUNCTION_NO_EXPLICIT_RM_DESCRIPTION	Profile/source annotations require review; absence of explicit RM words is not proof of protein function
Ribosomal_S11	PF00411.19	Ribosomal protein S11	110	21.7	21.7	21.70 21.70	PROFILE_DESCRIPTION_HAS_HOST_FUNCTION_NO_EXPLICIT_RM_DESCRIPTION	Profile/source annotations require review; absence of explicit RM words is not proof of protein function
Ribosomal_S13	PF00416.22	Ribosomal protein S13/S18	128	27.7	27.7	27.70 27.70	PROFILE_DESCRIPTION_HAS_HOST_FUNCTION_NO_EXPLICIT_RM_DESCRIPTION	Profile/source annotations require review; absence of explicit RM words is not proof of protein function
Ribosomal_S15	PF00312.22	Ribosomal protein S15	81	29.5	29.5	29.50 29.50	PROFILE_DESCRIPTION_HAS_HOST_FUNCTION_NO_EXPLICIT_RM_DESCRIPTION	Profile/source annotations require review; absence of explicit RM words is not proof of protein function
Ribosomal_S16	PF00886.19	Ribosomal protein S16	62	21.2	21.2	21.20 21.20	PROFILE_DESCRIPTION_HAS_HOST_FUNCTION_NO_EXPLICIT_RM_DESCRIPTION	Profile/source annotations require review; absence of explicit RM words is not proof of protein function
Ribosomal_S17	PF00366.20	Ribosomal protein S17	68	25.4	25.4	25.40 25.40	PROFILE_DESCRIPTION_HAS_HOST_FUNCTION_NO_EXPLICIT_RM_DESCRIPTION	Profile/source annotations require review; absence of explicit RM words is not proof of protein function
Ribosomal_S19	PF00203.21	Ribosomal protein S19	81	21.0	21.0	21.00 21.00	PROFILE_DESCRIPTION_HAS_HOST_FUNCTION_NO_EXPLICIT_RM_DESCRIPTION	Profile/source annotations require review; absence of explicit RM words is not proof of protein function
Ribosomal_S2	PF00318.20	Ribosomal protein S2	215	26.1	26.1	26.10 26.10	PROFILE_DESCRIPTION_HAS_HOST_FUNCTION_NO_EXPLICIT_RM_DESCRIPTION	Profile/source annotations require review; absence of explicit RM words is not proof of protein function
Ribosomal_S20p	PF01649.18	Ribosomal protein S20	82	21.5	21.5	21.50 21.50	PROFILE_DESCRIPTION_HAS_HOST_FUNCTION_NO_EXPLICIT_RM_DESCRIPTION	Profile/source annotations require review; absence of explicit RM words is not proof of protein function
Ribosomal_S21	PF01165.20	Ribosomal protein S21	55	21.0	21.0	21.00 21.00	PROFILE_DESCRIPTION_HAS_HOST_FUNCTION_NO_EXPLICIT_RM_DESCRIPTION	Profile/source annotations require review; absence of explicit RM words is not proof of protein function
Ribosomal_S30AE	PF02482.19	Sigma 54 modulation protein / S30EA ribosomal protein	86	23.7	23.7	23.70 23.70	PROFILE_DESCRIPTION_HAS_HOST_FUNCTION_NO_EXPLICIT_RM_DESCRIPTION	Profile/source annotations require review; absence of explicit RM words is not proof of protein function
Ribosomal_S6	PF01250.17	Ribosomal protein S6	90	21.7	21.7	21.70 21.70	PROFILE_DESCRIPTION_HAS_HOST_FUNCTION_NO_EXPLICIT_RM_DESCRIPTION	Profile/source annotations require review; absence of explicit RM words is not proof of protein function
Ribosomal_S7	PF00177.21	Ribosomal protein S7p/S5e	149	23.2	23.2	23.20 23.20	PROFILE_DESCRIPTION_HAS_HOST_FUNCTION_NO_EXPLICIT_RM_DESCRIPTION	Profile/source annotations require review; absence of explicit RM words is not proof of protein function
Ribosomal_S8	PF00410.19	Ribosomal protein S8	127	24.0	24.0	24.00 24.00	PROFILE_DESCRIPTION_HAS_HOST_FUNCTION_NO_EXPLICIT_RM_DESCRIPTION	Profile/source annotations require review; absence of explicit RM words is not proof of protein function
Ribosomal_S9	PF00380.19	Ribosomal protein S9/S16	121	21.8	21.8	21.80 21.80	PROFILE_DESCRIPTION_HAS_HOST_FUNCTION_NO_EXPLICIT_RM_DESCRIPTION	Profile/source annotations require review; absence of explicit RM words is not proof of protein function
Ribosom_S12_S23	PF00164.25	Ribosomal protein S12/S23	114	22.3	22.3	22.30 22.30	PROFILE_DESCRIPTION_HAS_HOST_FUNCTION_NO_EXPLICIT_RM_DESCRIPTION	Profile/source annotations require review; absence of explicit RM words is not proof of protein function
RNA_pol_L	PF01193.24	RNA polymerase Rpb3/Rpb11 dimerisation domain	69	19.1	19.1	19.10 19.10	PROFILE_DESCRIPTION_HAS_HOST_FUNCTION_NO_EXPLICIT_RM_DESCRIPTION	Profile/source annotations require review; absence of explicit RM words is not proof of protein function
RNA_pol_Rpb6	PF01192.22	RNA polymerase Rpb6	49	20.6	20.6	20.60 20.60	PROFILE_DESCRIPTION_HAS_HOST_FUNCTION_NO_EXPLICIT_RM_DESCRIPTION	Profile/source annotations require review; absence of explicit RM words is not proof of protein function
RRF	PF01765.19	Ribosome recycling factor	162	26.7	26.7	26.70 26.70	PROFILE_DESCRIPTION_HAS_HOST_FUNCTION_NO_EXPLICIT_RM_DESCRIPTION	Profile/source annotations require review; absence of explicit RM words is not proof of protein function
RsfS	PF02410.15	Ribosomal silencing factor during starvation	99	21.6	21.6	21.60 21.60	PROFILE_DESCRIPTION_HAS_HOST_FUNCTION_NO_EXPLICIT_RM_DESCRIPTION	Profile/source annotations require review; absence of explicit RM words is not proof of protein function
RuvX	PF03652.15	Holliday junction resolvase	135	29.2	29.2	29.20 29.20	PROFILE_DESCRIPTION_HAS_HOST_FUNCTION_NO_EXPLICIT_RM_DESCRIPTION	Profile/source annotations require review; absence of explicit RM words is not proof of protein function
SAICAR_synt	PF01259.18	SAICAR synthetase	252	19.7	19.7	19.70 19.70	PROFILE_DESCRIPTION_HAS_HOST_FUNCTION_NO_EXPLICIT_RM_DESCRIPTION	Profile/source annotations require review; absence of explicit RM words is not proof of protein function
SecE	PF00584.20	SecE/Sec61-gamma subunits of protein translocation complex	55	22.7	22.7	22.70 22.70	PROFILE_DESCRIPTION_HAS_HOST_FUNCTION_NO_EXPLICIT_RM_DESCRIPTION	Profile/source annotations require review; absence of explicit RM words is not proof of protein function
SecG	PF03840.14	Preprotein translocase SecG subunit	70	29.0	29.0	29.00 29.00	PROFILE_DESCRIPTION_HAS_HOST_FUNCTION_NO_EXPLICIT_RM_DESCRIPTION	Profile/source annotations require review; absence of explicit RM words is not proof of protein function
SHMT	PF00464.19	Serine hydroxymethyltransferase	399	21.4	21.4	21.40 21.40	PROFILE_DESCRIPTION_HAS_HOST_FUNCTION_NO_EXPLICIT_RM_DESCRIPTION	Profile/source annotations require review; absence of explicit RM words is not proof of protein function
SMC_ScpA	PF02616.14	Segregation and condensation protein ScpA	241	24.6	24.6	24.60 24.60	PROFILE_DESCRIPTION_HAS_HOST_FUNCTION_NO_EXPLICIT_RM_DESCRIPTION	Profile/source annotations require review; absence of explicit RM words is not proof of protein function
SMC_ScpB	PF04079.16	Segregation and condensation complex subunit ScpB	160	27.4	27.4	27.40 27.40	PROFILE_DESCRIPTION_HAS_HOST_FUNCTION_NO_EXPLICIT_RM_DESCRIPTION	Profile/source annotations require review; absence of explicit RM words is not proof of protein function
SmpB	PF01668.18	SmpB protein	144	21.1	21.1	21.10 21.10	PROFILE_DESCRIPTION_HAS_HOST_FUNCTION_NO_EXPLICIT_RM_DESCRIPTION	Profile/source annotations require review; absence of explicit RM words is not proof of protein function
SPOUT_MTase	PF02590.17	Predicted SPOUT methyltransferase	154	20.9	20.9	20.90 20.90	GENERIC_OR_UNCHARACTERIZED_FAMILY_REVIEW_REQUIRED	Profile/source annotations require review; absence of explicit RM words is not proof of protein function
TGT	PF01702.18	Queuine tRNA-ribosyltransferase	350	26.3	26.3	26.30 26.30	PROFILE_DESCRIPTION_HAS_HOST_FUNCTION_NO_EXPLICIT_RM_DESCRIPTION	Profile/source annotations require review; absence of explicit RM words is not proof of protein function
TrmK	PF04816.12	tRNA (adenine(22)-N(1))-methyltransferase	205	20.4	20.4	20.40 20.40	PROFILE_DESCRIPTION_HAS_HOST_FUNCTION_NO_EXPLICIT_RM_DESCRIPTION	Profile/source annotations require review; absence of explicit RM words is not proof of protein function
tRNA_m1G_MT	PF01746.21	tRNA (Guanine-1)-methyltransferase	195	27.3	27.3	27.30 27.30	PROFILE_DESCRIPTION_HAS_HOST_FUNCTION_NO_EXPLICIT_RM_DESCRIPTION	Profile/source annotations require review; absence of explicit RM words is not proof of protein function
TsaE	PF02367.17	Threonylcarbamoyl adenosine biosynthesis protein TsaE	125	26.6	26.6	26.60 26.60	PROFILE_DESCRIPTION_HAS_HOST_FUNCTION_NO_EXPLICIT_RM_DESCRIPTION	Profile/source annotations require review; absence of explicit RM words is not proof of protein function
Tyr_Deacylase	PF02580.16	D-Tyr-tRNA(Tyr) deacylase	144	25.0	25.0	25.00 25.00	PROFILE_DESCRIPTION_HAS_HOST_FUNCTION_NO_EXPLICIT_RM_DESCRIPTION	Profile/source annotations require review; absence of explicit RM words is not proof of protein function
UPF0052	PF01933.18	Uncharacterised protein family UPF0052	293	30.0	30.0	30.00 30.00	GENERIC_OR_UNCHARACTERIZED_FAMILY_REVIEW_REQUIRED	Profile/source annotations require review; absence of explicit RM words is not proof of protein function
UPF0054	PF02130.17	Uncharacterized protein family UPF0054	128	25.0	25.0	25.00 25.00	GENERIC_OR_UNCHARACTERIZED_FAMILY_REVIEW_REQUIRED	Profile/source annotations require review; absence of explicit RM words is not proof of protein function
VEG	PF06257.11	Biofilm formation stimulator VEG	73	25.0	25.0	25.00 25.00	PROFILE_DESCRIPTION_HAS_HOST_FUNCTION_NO_EXPLICIT_RM_DESCRIPTION	Profile/source annotations require review; absence of explicit RM words is not proof of protein function
YajC	PF02699.15	Preprotein translocase subunit	80	28.2	28.2	28.20 28.20	PROFILE_DESCRIPTION_HAS_HOST_FUNCTION_NO_EXPLICIT_RM_DESCRIPTION	Profile/source annotations require review; absence of explicit RM words is not proof of protein function
YbaB_DNA_bd	PF02575.16	YbaB/EbfC DNA-binding family	91	25.2	25.2	25.20 25.20	GENERIC_OR_UNCHARACTERIZED_FAMILY_REVIEW_REQUIRED	Profile/source annotations require review; absence of explicit RM words is not proof of protein function
YbbR	PF07949.12	YbbR-like protein	82	22.3	22.3	22.30 22.30	GENERIC_OR_UNCHARACTERIZED_FAMILY_REVIEW_REQUIRED	Profile/source annotations require review; absence of explicit RM words is not proof of protein function
YceD	PF02620.17	Large ribosomal RNA subunit accumulation protein YceD	121	33.2	33.2	33.20 33.20	PROFILE_DESCRIPTION_HAS_HOST_FUNCTION_NO_EXPLICIT_RM_DESCRIPTION	Profile/source annotations require review; absence of explicit RM words is not proof of protein function
YGGT	PF02325.17	YGGT family	69	21.9	21.9	21.90 21.90	GENERIC_OR_UNCHARACTERIZED_FAMILY_REVIEW_REQUIRED	Profile/source annotations require review; absence of explicit RM words is not proof of protein function
YidD	PF01809.18	Putative membrane protein insertion efficiency factor	66	21.1	21.1	21.10 21.10	PROFILE_DESCRIPTION_HAS_HOST_FUNCTION_NO_EXPLICIT_RM_DESCRIPTION	Profile/source annotations require review; absence of explicit RM words is not proof of protein function
