marker	source_path	bytes	sha256	records	unique_accession_headers	duplicate_header_records	records_with_gap_characters	empty_sequences	not_in_approved_panel	accepted_manifest_sequence_or_length_mismatches	excess_records_with_identical_sequence_content_within_marker
5-FTHF_cyc-lig	.work/stage03_orthology_v2/marker_sequences/5-FTHF_cyc-lig.faa	37937	b6a7dca05abecb2640065e29c592dde672cb71952431e577e128c11168d690be	189	189	0	0	0	0	0	60
ADK	.work/stage03_orthology_v2/marker_sequences/ADK.faa	44544	1bf708f18ecea80df0177f98d20c9aff90a10bd77f06c61c064c88601a48a0df	196	196	0	0	0	0	0	75
ATP-synt	.work/stage03_orthology_v2/marker_sequences/ATP-synt.faa	63043	7fd9d32ca5c4d0723af15ab71445ce60779b105097a3f4628e834435ebff098c	196	196	0	0	0	0	0	78
ATP-synt_A	.work/stage03_orthology_v2/marker_sequences/ATP-synt_A.faa	50087	5908056ab17f4c4e80f899efd54c030a4861c5bcc8d1ef08d66d0f95126598da	196	196	0	0	0	0	0	81
ATP-synt_B	.work/stage03_orthology_v2/marker_sequences/ATP-synt_B.faa	36700	861cdf3764f4669bacb308e01eb62697cfe3fb34d90b7b4bcac943ae40bc2f2a	196	196	0	0	0	0	0	88
ATP-synt_DE_N	.work/stage03_orthology_v2/marker_sequences/ATP-synt_DE_N.faa	31565	93423e0e038c118ba216fbc428cf04be8249f231d5015fd57f1b1b44ae207fa7	196	196	0	0	0	0	0	79
Adenylsucc_synt	.work/stage03_orthology_v2/marker_sequences/Adenylsucc_synt.faa	87370	0863301a681b20f993019ec91c4ba3c43b06d9bece0a543dd0740bf891fda201	195	195	0	0	0	0	0	75
CTP_transf_1	.work/stage03_orthology_v2/marker_sequences/CTP_transf_1.faa	54872	137704975ecc0f4c8569f5c234a000b1b993676ec06716e592ee35a2fc69847b	195	195	0	0	0	0	0	75
Cpn10	.work/stage03_orthology_v2/marker_sequences/Cpn10.faa	21854	bc7d87d24ccc44ea0e6894286422b6147352a6114672d6f7f86c98a16dcd33c1	196	196	0	0	0	0	0	103
Cpn60_TCP1	.work/stage03_orthology_v2/marker_sequences/Cpn60_TCP1.faa	109559	4f6efd85d05d2d87ce92ae509b0183c60a1f0282bb9f91fba9e5c8aed1887dcc	196	196	0	0	0	0	0	76
Cytidylate_kin2	.work/stage03_orthology_v2/marker_sequences/Cytidylate_kin2.faa	46005	7f442ce37e0058a281786216e912f4342b6de1dad30e62c161f177284a5046db	190	190	0	0	0	0	0	68
DHOase	.work/stage03_orthology_v2/marker_sequences/DHOase.faa	83852	b468268ace94da6562f5641e6012ab6d9ecac60c972dbc9e896eb3cb23cb48c4	189	189	0	0	0	0	0	42
DNA_pol3_delta	.work/stage03_orthology_v2/marker_sequences/DNA_pol3_delta.faa	69984	f41ee020d652d2fa7245c02bb521ba21ae8ea76d609b346c7a4571b9518f85df	196	196	0	0	0	0	0	61
DNA_processg_A	.work/stage03_orthology_v2/marker_sequences/DNA_processg_A.faa	56348	9ce69f55743b2ad5bc789192994283ddb2ff412fdaf84c369d54b93f79825564	186	186	0	0	0	0	0	52
DUF1934	.work/stage03_orthology_v2/marker_sequences/DUF1934.faa	30985	661236324b266d3dd644d2171720bfc11900e285654b23ac08dfc20cd5f5fb5b	196	196	0	0	0	0	0	83
DUF448	.work/stage03_orthology_v2/marker_sequences/DUF448.faa	23266	2dac22662d0be3cee67027f1caefe81351fb3acf0105ed60da6c89a65a42b9c5	196	196	0	0	0	0	0	97
DUF951	.work/stage03_orthology_v2/marker_sequences/DUF951.faa	14497	576fb1944497bd1f57d7ef07bca9d84ec275a773959957e8c565b243ab787f5a	177	177	0	0	0	0	0	86
DnaJ_C	.work/stage03_orthology_v2/marker_sequences/DnaJ_C.faa	68376	8cf0f7e1aee0a7ad89148c9df9c0206649659decc7665342a8c4b3a7ab69920f	178	178	0	0	0	0	0	76
EF_TS	.work/stage03_orthology_v2/marker_sequences/EF_TS.faa	63688	e21d74c2bd4129bd4d361a81518833d8dcf4d8e808c709c51c07f60ddf9e5238	196	196	0	0	0	0	0	83
Exonuc_VII_L	.work/stage03_orthology_v2/marker_sequences/Exonuc_VII_L.faa	88843	8b59f4284fffb552ff558d69aea54f94d71b4f1ac23e635c69338ab975ffed20	195	195	0	0	0	0	0	58
Exonuc_VII_S	.work/stage03_orthology_v2/marker_sequences/Exonuc_VII_S.faa	16585	b7d58c9cac4a8245efe7ce20b19d81f070fdb10cfe9bdc2b45a6a903243fb7f6	177	177	0	0	0	0	0	88
FA_synthesis	.work/stage03_orthology_v2/marker_sequences/FA_synthesis.faa	70362	2450ae020b2d546f3e7886c09ccbeb9a492f2801c5657220d1cba08cab7779ff	196	196	0	0	0	0	0	64
GatB_N	.work/stage03_orthology_v2/marker_sequences/GatB_N.faa	96988	e1be3ba428b00fdd45d814bb4ad7a586c01cf310d9445b7a5c0e18355c7f8379	196	196	0	0	0	0	0	58
Glu-tRNAGln	.work/stage03_orthology_v2/marker_sequences/Glu-tRNAGln.faa	23513	08dd43766115b5e6353540d96f6c321de154cef9008c8597bbf72f1082dd640b	196	196	0	0	0	0	0	89
GrpE	.work/stage03_orthology_v2/marker_sequences/GrpE.faa	41367	955f8ce23419ed130cd3b95696dda93093a4ffb82bdc8c9aca6541aecabe68f5	196	196	0	0	0	0	0	63
HSP33	.work/stage03_orthology_v2/marker_sequences/HSP33.faa	60603	43db55511d3780d307896f6b3d970ba94c92835ec1a2d5ffcd017e5d25b29cfc	194	194	0	0	0	0	0	67
Hpr_kinase_C	.work/stage03_orthology_v2/marker_sequences/Hpr_kinase_C.faa	64863	7481eb9e08938ef7befef08f33253fcb35513d509f61ba6e829a2d1888bd120f	195	195	0	0	0	0	0	77
HrcA	.work/stage03_orthology_v2/marker_sequences/HrcA.faa	65839	3d983808cccf5e77ceb707669e1b662bc30b9a3670410b17396ed7d61300268b	180	180	0	0	0	0	0	61
IPPT	.work/stage03_orthology_v2/marker_sequences/IPPT.faa	62415	24448af305c8b7edf39e275b35a917e7d43ff01a058051898c678b1dbeccceb2	196	196	0	0	0	0	0	54
IreB	.work/stage03_orthology_v2/marker_sequences/IreB.faa	20528	1912c7571999606cafab1025da575106d35ab3980514f554c37780f645d5ffe8	195	195	0	0	0	0	0	113
MreC	.work/stage03_orthology_v2/marker_sequences/MreC.faa	58387	599dd36992eb9e4d1f41fecc44775230672b35b0f58e7e5dc3554b3795572176	194	194	0	0	0	0	0	76
NusG	.work/stage03_orthology_v2/marker_sequences/NusG.faa	39719	8f5f6d34c993f5221a16ca153fec1a505f807f189f62faed696c50d1db16b274	196	196	0	0	0	0	0	97
OSCP	.work/stage03_orthology_v2/marker_sequences/OSCP.faa	38798	5edd02f6b6125dee5fb0ac85cd8c6bbb0bf4b2e3ae6cd55db0e09c3a49b854b0	196	196	0	0	0	0	0	73
PGI	.work/stage03_orthology_v2/marker_sequences/PGI.faa	86626	1f4d998a0fbf626735a9157092067daf2b7977b2066754452173cc981fc835e2	186	186	0	0	0	0	0	72
PGK	.work/stage03_orthology_v2/marker_sequences/PGK.faa	81735	1024755ff183e3fdb946c89365b40fc54ccf608a74903dcf6332166ce4683844	195	195	0	0	0	0	0	72
Pept_tRNA_hydro	.work/stage03_orthology_v2/marker_sequences/Pept_tRNA_hydro.faa	40192	f58eb400dc7265685dd90b3fa139683cc2f70b9e97960fa0c8f6cd466e9c0a8c	196	196	0	0	0	0	0	64
Prenyltransf	.work/stage03_orthology_v2/marker_sequences/Prenyltransf.faa	52871	967f98aa4c5626f298d467bb313318d50338689d540d059d210a5f406b5ecf37	196	196	0	0	0	0	0	65
RBFA	.work/stage03_orthology_v2/marker_sequences/RBFA.faa	26705	5a9f7e456a184873fcd8d1a41452207757fb96fdfd21cbd10e72dfce1cb8de3e	196	196	0	0	0	0	0	102
RNA_pol_L	.work/stage03_orthology_v2/marker_sequences/RNA_pol_L.faa	64909	a9e8993b0d19d52b4e0e44270a4b5fc18562b2ecbe333fe640de6ac41677b306	196	196	0	0	0	0	0	97
RRF	.work/stage03_orthology_v2/marker_sequences/RRF.faa	39708	6dcc65666b73106d6929e1489de561a34d91984635be1fa623fc6090a6f85210	196	196	0	0	0	0	0	88
RecO_C	.work/stage03_orthology_v2/marker_sequences/RecO_C.faa	54066	67918ac1dd6436ae1448ce734fad2c22c7b29b384b58d5885ae0cbfdba327fa1	196	196	0	0	0	0	0	65
RecX	.work/stage03_orthology_v2/marker_sequences/RecX.faa	55824	e4128d4b5cddc7bfea7d9fecebd1a831057a692f41d6afd58c9fad42baee9221	196	196	0	0	0	0	0	54
Ribonuclease_P	.work/stage03_orthology_v2/marker_sequences/Ribonuclease_P.faa	26599	e7a2ba33e9bc9bb9014537ad264dc691b05e3a6fe4ed6345b41f8c22b05fe3a5	196	196	0	0	0	0	0	99
Ribosom_S12_S23	.work/stage03_orthology_v2/marker_sequences/Ribosom_S12_S23.faa	30414	33d2012fb66611475d95776ea37a435bef91f8276ee60018b047d34c64b69bd6	196	196	0	0	0	0	0	121
Ribosomal_L1	.work/stage03_orthology_v2/marker_sequences/Ribosomal_L1.faa	48506	617678449fb9ba39116226ffa75b73b8ca10f07a4fa9fee0b6b896e42a8a164e	196	196	0	0	0	0	0	99
Ribosomal_L13	.work/stage03_orthology_v2/marker_sequences/Ribosomal_L13.faa	32419	3e6cabb2780cefd78492aa1417eb3ea7eb532cd290d839fb0c92900ad287d700	196	196	0	0	0	0	0	102
Ribosomal_L14	.work/stage03_orthology_v2/marker_sequences/Ribosomal_L14.faa	27440	483f7cd54abfcfbc4fe1036031ece5bc6418eea9f9770d728540fce88393bb8b	196	196	0	0	0	0	0	125
Ribosomal_L16	.work/stage03_orthology_v2/marker_sequences/Ribosomal_L16.faa	31230	5bf4f9a3c5a87564c7aafd2a5d13a9b1fe403ef174b2c6e9cafa624962144e2b	196	196	0	0	0	0	0	115
Ribosomal_L17	.work/stage03_orthology_v2/marker_sequences/Ribosomal_L17.faa	28474	0a23be7ed93e36bd9aefe92ec124114d2c1028e0dd3521288b07786cd28c2b87	196	196	0	0	0	0	0	109
Ribosomal_L18p	.work/stage03_orthology_v2/marker_sequences/Ribosomal_L18p.faa	26756	1f2cdc797b3b892cf37ed4d7d5862b2df47d3bf4275fcd8eda4bc04610444d1a	196	196	0	0	0	0	0	107
Ribosomal_L19	.work/stage03_orthology_v2/marker_sequences/Ribosomal_L19.faa	26640	b0f25e58b283817f5c72e2e84627cb9aeee92800168efce56dcddb21b258b469	196	196	0	0	0	0	0	101
Ribosomal_L21p	.work/stage03_orthology_v2/marker_sequences/Ribosomal_L21p.faa	23408	6fa50ef0ee102b7141cc3980f8b8d58e64f543dbf2815a612e595c637b65bc1d	195	195	0	0	0	0	0	114
Ribosomal_L22	.work/stage03_orthology_v2/marker_sequences/Ribosomal_L22.faa	26274	616a7c51833e6521f37182c0ecd6054e319c2ef8cfdc5430d75877f5c2a7374b	196	196	0	0	0	0	0	130
Ribosomal_L23	.work/stage03_orthology_v2/marker_sequences/Ribosomal_L23.faa	22563	687cff25edaba3f866f4093185a9db67287b8ff7c5ffd81d1de20dae1b60891b	196	196	0	0	0	0	0	102
Ribosomal_L27	.work/stage03_orthology_v2/marker_sequences/Ribosomal_L27.faa	22608	bfea80dca5a24698bf916b94a887e06018313c193d766728a61510fb12849177	196	196	0	0	0	0	0	117
Ribosomal_L27A	.work/stage03_orthology_v2/marker_sequences/Ribosomal_L27A.faa	32097	f9d197a3fddb49c9659a8520a0a20a20dacd7a1a17e586aa26d139bf12fe4c07	196	196	0	0	0	0	0	97
Ribosomal_L28	.work/stage03_orthology_v2/marker_sequences/Ribosomal_L28.faa	15842	f9cc1f7f8e017f3493e1bad15f898de19c20c5c257faa7a71a3ed821c1e35333	196	196	0	0	0	0	0	131
Ribosomal_L29	.work/stage03_orthology_v2/marker_sequences/Ribosomal_L29.faa	16597	818ae7242472998ce190a97c0f549ad40e9c5f3bd46809ff3d9b0e143ae30d95	196	196	0	0	0	0	0	136
Ribosomal_L3	.work/stage03_orthology_v2/marker_sequences/Ribosomal_L3.faa	45382	51562d3c9c0ecc05f0cad1cf9f2647298bee4e2f00599cd63a7d89f6f0979617	195	195	0	0	0	0	0	97
Ribosomal_L34	.work/stage03_orthology_v2/marker_sequences/Ribosomal_L34.faa	12232	4be0abbe9157f0691f025a9283c612e809e1c0737eb40b50dedaa0e6ce086345	196	196	0	0	0	0	0	165
Ribosomal_L35p	.work/stage03_orthology_v2/marker_sequences/Ribosomal_L35p.faa	16333	9b7cd7a2a647f2ff0c3ce614c9a897ed4e2bb7f7a482e52a58bf62359b8a4a9b	196	196	0	0	0	0	0	125
Ribosomal_L36	.work/stage03_orthology_v2/marker_sequences/Ribosomal_L36.faa	11021	5aa56440f9bd5cd176be8c866832e52332fe549bc834c607b623be259005fee8	195	195	0	0	0	0	0	157
Ribosomal_L4	.work/stage03_orthology_v2/marker_sequences/Ribosomal_L4.faa	44103	f8c025ab6c66aba7821a4111e982b718eb894042fa31ae6f4c2fca15186dc4e4	196	196	0	0	0	0	0	97
Ribosomal_L6	.work/stage03_orthology_v2/marker_sequences/Ribosomal_L6.faa	38341	690112d414125bb3b2715f1476bd9ac0fb25776b43ef3d0672ae8febb2c3ab5b	196	196	0	0	0	0	0	83
Ribosomal_L9_C	.work/stage03_orthology_v2/marker_sequences/Ribosomal_L9_C.faa	33022	0825be77ee07073f990bd09eab34ad4871263ea1cf3215fd8503f9b22831853d	196	196	0	0	0	0	0	88
Ribosomal_S10	.work/stage03_orthology_v2/marker_sequences/Ribosomal_S10.faa	23520	8db83d9a686ebd3a8a756b5d43fc1bf8fd68e75a2d3202c4840a22e7cbb683b4	196	196	0	0	0	0	0	134
Ribosomal_S11	.work/stage03_orthology_v2/marker_sequences/Ribosomal_S11.faa	28714	2c6bb5006cab6038672c1b8c698f628528ef0b9f209297dab6dcdeedb7c5fb75	196	196	0	0	0	0	0	121
Ribosomal_S13	.work/stage03_orthology_v2/marker_sequences/Ribosomal_S13.faa	27221	856a724ee9f170788cc9a2ba5997073e692eb6b1f7022c8841fce0617ed66aff	196	196	0	0	0	0	0	112
Ribosomal_S15	.work/stage03_orthology_v2/marker_sequences/Ribosomal_S15.faa	20972	704793304e44f268f6e240d56923b39a2569f149478bcb8d69de40e07f94f361	196	196	0	0	0	0	0	119
Ribosomal_S16	.work/stage03_orthology_v2/marker_sequences/Ribosomal_S16.faa	19240	6ab9a9c4464c1fd839e5cdae18db651424156dcd54ce6f49368101fdb0ed4819	177	177	0	0	0	0	0	102
Ribosomal_S17	.work/stage03_orthology_v2/marker_sequences/Ribosomal_S17.faa	20683	02c4568e4c3374635b24ee60b4b4a174fd5402eea92264c2dd7a32103a09b87d	196	196	0	0	0	0	0	115
Ribosomal_S19	.work/stage03_orthology_v2/marker_sequences/Ribosomal_S19.faa	21538	9379c1c24870873d35b8d0049aa50ae5096ddbcdcd1c36c98b1723689786ab56	195	195	0	0	0	0	0	120
Ribosomal_S2	.work/stage03_orthology_v2/marker_sequences/Ribosomal_S2.faa	54419	dcddc3cb8ed11f34354fe29957c14574e5b99656a075aa9bef38b7ca4f563b73	196	196	0	0	0	0	0	95
Ribosomal_S20p	.work/stage03_orthology_v2/marker_sequences/Ribosomal_S20p.faa	19628	d71f1ca3ee00d126542317ee6ff33713b2f6f4d44f6cd8c7e67032fa2daafcf5	195	195	0	0	0	0	0	104
Ribosomal_S21	.work/stage03_orthology_v2/marker_sequences/Ribosomal_S21.faa	15337	3879b7805d320510d58103d64cf4617f203ee83cbfa88ee0594975ca7b3a7815	196	196	0	0	0	0	0	144
Ribosomal_S30AE	.work/stage03_orthology_v2/marker_sequences/Ribosomal_S30AE.faa	38232	66f269d49ae6dd71b53409901e4c9dabe690593e0e99de6e865baeedb0358a82	189	189	0	0	0	0	0	80
Ribosomal_S6	.work/stage03_orthology_v2/marker_sequences/Ribosomal_S6.faa	20894	3f5a96d2016024e8db7474ab99f10ce8fd8364aeffb752e0e3105ace3925334e	181	181	0	0	0	0	0	96
Ribosomal_S7	.work/stage03_orthology_v2/marker_sequences/Ribosomal_S7.faa	34081	bee43cae17ed4a001a17bbd04d37a00d259a233466ee832f36f17e755395be67	196	196	0	0	0	0	0	120
Ribosomal_S8	.work/stage03_orthology_v2/marker_sequences/Ribosomal_S8.faa	29393	cf3f4b8fc6c0937e5d056840c527d7cf44f3f5ca79b48cb8fbb0a58f86598e08	196	196	0	0	0	0	0	116
Ribosomal_S9	.work/stage03_orthology_v2/marker_sequences/Ribosomal_S9.faa	29087	d4ee5c71dc5c9a6c46ea927fbf82b38ab9f33175e0fdc5903720ac25f0d88036	196	196	0	0	0	0	0	115
RsfS	.work/stage03_orthology_v2/marker_sequences/RsfS.faa	26828	547fb1dffe777b028d69a0f9fc4d551cf8217ba8601a562727157b9cee0d12f6	196	196	0	0	0	0	0	86
RuvX	.work/stage03_orthology_v2/marker_sequences/RuvX.faa	31678	aa64e672ac22cf3cec91965e8ebb1a5b718d307a3540ba686b35e280622a21bf	196	196	0	0	0	0	0	83
SHMT	.work/stage03_orthology_v2/marker_sequences/SHMT.faa	76636	02f66f9974ba3e76fbe30f09f0787c5d1b7a3c9367c4550085fae7ad27fe2142	178	178	0	0	0	0	0	58
SMC_ScpA	.work/stage03_orthology_v2/marker_sequences/SMC_ScpA.faa	51612	9e710672bb83846c51cec48766a5f950a79d1f375e76e8867ecedf0aa86e8159	193	193	0	0	0	0	0	61
SMC_ScpB	.work/stage03_orthology_v2/marker_sequences/SMC_ScpB.faa	41594	a7cd917b467b797385fe9271c2d3f8e94c0b33b0a8f1732482199435c67193e0	193	193	0	0	0	0	0	69
SecE	.work/stage03_orthology_v2/marker_sequences/SecE.faa	14868	ebc5da48aafac6abf80d4bd8175426ba19509e22030b1536bc9791a9070858e0	195	195	0	0	0	0	0	98
SecG	.work/stage03_orthology_v2/marker_sequences/SecG.faa	18722	25329e7a2e907d6b968f2e054643b2bd98390aa9133f2d304bd9ffc4d9598cdf	194	194	0	0	0	0	0	99
SmpB	.work/stage03_orthology_v2/marker_sequences/SmpB.faa	33736	b1cafdfe46bb68c1a6978f53baf88fbf632310c886aa069d9d3a130c0e8bc7bb	195	195	0	0	0	0	0	86
TrmK	.work/stage03_orthology_v2/marker_sequences/TrmK.faa	48603	3c584fee931fa623f56b637c04e0b2a988929701d4bce6f1557a0c432d2afcdf	195	195	0	0	0	0	0	54
TsaE	.work/stage03_orthology_v2/marker_sequences/TsaE.faa	31724	dc7cf08ff9f670556bb0499a30837f0ef34332f413f37681a032b5a6be77db44	186	186	0	0	0	0	0	66
Tyr_Deacylase	.work/stage03_orthology_v2/marker_sequences/Tyr_Deacylase.faa	31820	fc5651dd4cb9713e43957429c414df51850ca0b72fb3cc288c402b30e26ae3ba	192	192	0	0	0	0	0	69
UPF0052	.work/stage03_orthology_v2/marker_sequences/UPF0052.faa	68492	e35d3eb6e8ab3a796b0aa6dbfdb71198b1c44d3a0cc326fc43cafbf39159e273	196	196	0	0	0	0	0	68
UPF0054	.work/stage03_orthology_v2/marker_sequences/UPF0054.faa	34933	2256ca4cfb6752be86241843f98e91dc871a291d3df19ecb7453440f6299f4c3	196	196	0	0	0	0	0	74
VEG	.work/stage03_orthology_v2/marker_sequences/VEG.faa	18688	170193aee2bb0a5376db6496ab9c5fe98324075611922ec47d799e3e4dd798c7	182	182	0	0	0	0	0	95
YGGT	.work/stage03_orthology_v2/marker_sequences/YGGT.faa	21025	112f91a40555d3364b3b84ccaf20cbad082ec3099367ce6aab83395b95a52206	196	196	0	0	0	0	0	88
YbbR	.work/stage03_orthology_v2/marker_sequences/YbbR.faa	66111	8f66fa2fb17d81d694c5625eb05adf6ecdd4a9caf8f71fdeb0bcb011b4d16ce1	193	193	0	0	0	0	0	61
YceD	.work/stage03_orthology_v2/marker_sequences/YceD.faa	39111	e6649dd83e6322838a2855d5c40a9f7cd570b9a61bc48c4654d3ff836f794048	196	196	0	0	0	0	0	66
eIF-1a	.work/stage03_orthology_v2/marker_sequences/eIF-1a.faa	17685	e6db129f0a056727fde41a766055522b61728a328b67d4892ee4af698765eec9	196	196	0	0	0	0	0	151
ribosomal_L24	.work/stage03_orthology_v2/marker_sequences/ribosomal_L24.faa	21707	c1013d944c98fc8bfa811f258a6847bafc048f868b8059a8ee818fe95c3dd267	183	183	0	0	0	0	0	107
tRNA_m1G_MT	.work/stage03_orthology_v2/marker_sequences/tRNA_m1G_MT.faa	51727	30b07063fa714c46ff00d10f06b80521dbc67c7e194b9693ecaea17e30188403	196	196	0	0	0	0	0	61
