utc	windows_before_bytes	windows_after_bytes	linux_available_bytes	windows_required_bytes	linux_required_bytes	memory_admission_passed	linux_boot_id	original_data_relative_path	measurement_sha256
2026-10-08T18:41:52.733703+00:00	4914151424	2072657920	7125770240	4831838208	4294967296	False	d0e03c90-daa3-4cb7-a065-4fedbff8fb5a	.work/stage04_inference_controller_v5/resource_preflight_measurements/measurement_2026-10-08T184152.733740_0000.json	5afd87d587e52d190fcb6e04c9c5aed520ffaea04e95c02f2f5f23309906608d
2026-10-08T18:43:57.389665+00:00	3359653888	2438799360	7162859520	4831838208	4294967296	False	91fa3369-d93d-4158-9010-f484933abfaa	.work/stage04_inference_controller_v5/resource_preflight_measurements/measurement_2026-10-08T184357.389737_0000.json	0cf61ab6532ed0ddcda19dea8035a634835fe25339a22572a3b75f0d2eb7a2f3
2026-10-08T19:16:43.386007+00:00	5050654720	1848647680	7129104384	4831838208	4294967296	False	bba307af-2274-44e0-8dda-1d73f5440abc	.work/stage04_inference_controller_v5/resource_preflight_measurements/measurement_2026-10-08T191643.386034_0000.json	2a205dc33dd9d64f0f53d0f196f968fd2b2b99160ab69f837af4318ffb8f9310
2026-10-08T19:18:37.356986+00:00	5103210496	1902678016	7139606528	4831838208	4294967296	False	31fd4568-da3f-45d9-9a78-402bb5bd6c24	.work/stage04_inference_controller_v5/resource_preflight_measurements/measurement_2026-10-08T191837.357014_0000.json	ac3ca7519985b43ed49cc969cf63469aff1a7870710b61b37d94f8bf38e2bcaf
2026-10-08T19:20:32.666288+00:00	5345280000	2045689856	7143493632	4831838208	4294967296	False	58531936-457d-42f9-a0de-8f939c84ae91	.work/stage04_inference_controller_v5/resource_preflight_measurements/measurement_2026-10-08T192032.666330_0000.json	99ec2f1da46b40ca584456e1d5907ad88d6a6bb320fc2093f0ee36b1997408b7
2026-10-08T19:22:47.683471+00:00	4438945792	1456160768	7155056640	4831838208	4294967296	False	51f4b288-2d2e-4785-9b79-a64b11aeb2d6	.work/stage04_inference_controller_v5/resource_preflight_measurements/measurement_2026-10-08T192247.683568_0000.json	e714c5f140be77c893c7aa33b12ff361826116d29281a91d4bba60d0f08546b4
2026-10-08T19:24:47.419283+00:00	4876136448	1642881024	7170039808	4831838208	4294967296	False	eb31359a-ecef-4ea9-a3b2-963bcc03d9b3	.work/stage04_inference_controller_v5/resource_preflight_measurements/measurement_2026-10-08T192447.419323_0000.json	f8dede8d5786e0d9dc59f7fdb5b89df5f4f90b8c129af83b7efe90c6dcacabf9
2026-10-08T19:27:34.999448+00:00	5566410752	2335178752	7139246080	4831838208	4294967296	False	57604ee0-993d-42f2-ac9c-07ed05f3f347	.work/stage04_inference_controller_v5/resource_preflight_measurements/measurement_2026-10-08T192734.999473_0000.json	dbc7901eee85239f58d4a1256c0c95441161f0934c54aec73d9a39645bf5e09b
2026-10-08T19:29:32.159314+00:00	5547651072	2481270784	7150006272	4831838208	4294967296	False	91e35c6c-c14f-4f77-9437-f2aaed17328f	.work/stage04_inference_controller_v5/resource_preflight_measurements/measurement_2026-10-08T192932.159345_0000.json	a3653e693388d666a95d696f210a8456e06152172064a1cdb740331b950d7712
2026-10-08T19:33:13.164929+00:00	5616070656	2502389760	7160954880	4831838208	4294967296	False	fa6d50d0-6a97-4f4d-90de-72b94606be62	.work/stage04_inference_controller_v5/resource_preflight_measurements/measurement_2026-10-08T193313.164974_0000.json	2be672702b36659e7f9c3a51299bb315f37c1ff01f77242b0f0c9757804024ce
2026-10-08T19:41:02.894591+00:00	5325230080	2408026112	7153377280	4831838208	4294967296	False	f9499f22-6d43-4f83-8b0d-546779cb5d42	.work/stage04_inference_controller_v5/resource_preflight_measurements/measurement_2026-10-08T194102.894630_0000.json	5ea214bdaaf6aabc3cb11f324ddef9cbf7587707be0edf3876d10eadb1b8eba6
2026-10-08T19:42:55.268616+00:00	5650075648	2445357056	7146926080	4831838208	4294967296	False	5a229693-afb6-4f70-b4cd-7c813cd99760	.work/stage04_inference_controller_v5/resource_preflight_measurements/measurement_2026-10-08T194255.268664_0000.json	38f69736f2c88703328f907568eec47224be107fc7f8f45e940f7579785b0037
2026-10-08T19:44:47.782336+00:00	5458624512	2318286848	5067493376	4831838208	4294967296	False	444f9f55-7a49-49a0-94e8-a19a34cc548a	.work/stage04_inference_controller_v5/resource_preflight_measurements/measurement_2026-10-08T194447.782360_0000.json	6d8eae39b7029534d715d13b011ac90297444fdae5a41c8ae643f0227e74d1ea
2026-10-08T20:02:24.098068+00:00	5042741248	3017953280	5069987840	4831838208	4294967296	False	444f9f55-7a49-49a0-94e8-a19a34cc548a	.work/stage04_inference_controller_v5/resource_preflight_measurements/measurement_2026-10-08T200224.098093_0000.json	b7f109f7fd249748aee643f345c94e98a992b93ae8decffb1f72b7579617cae7
2026-10-08T20:03:50.208582+00:00	3176042496	1419186176	5071310848	4831838208	4294967296	False	444f9f55-7a49-49a0-94e8-a19a34cc548a	.work/stage04_inference_controller_v5/resource_preflight_measurements/measurement_2026-10-08T200350.208659_0000.json	f5f42e51f040df41f1b2e725b5c77fb2d9c7c3f8c8e3ef289fd640eaa7215413
2026-10-08T20:05:09.350172+00:00	4906463232	2931150848	5054504960	4831838208	4294967296	False	444f9f55-7a49-49a0-94e8-a19a34cc548a	.work/stage04_inference_controller_v5/resource_preflight_measurements/measurement_2026-10-08T200509.350202_0000.json	ed636a682fe1754fc306c455d6bc69ee81b1d0f88d87f27d1e1bbc48d1f9c273
2026-10-08T20:06:28.014740+00:00	5611896832	3745447936	5065895936	4831838208	4294967296	False	444f9f55-7a49-49a0-94e8-a19a34cc548a	.work/stage04_inference_controller_v5/resource_preflight_measurements/measurement_2026-10-08T200628.014792_0000.json	67a6d0e6b014fb3e885fe1bac28e701157e9167a5490097db445aaef277fac7e
2026-10-08T20:07:57.408061+00:00	5383344128	3300433920	5046743040	4831838208	4294967296	False	444f9f55-7a49-49a0-94e8-a19a34cc548a	.work/stage04_inference_controller_v5/resource_preflight_measurements/measurement_2026-10-08T200757.408084_0000.json	08f0ed28b7019301200b98ac58e03b540ba3f2b436876507c8d075b87b31b3db
2026-10-08T20:09:15.569881+00:00	5107064832	3239383040	5042991104	4831838208	4294967296	False	444f9f55-7a49-49a0-94e8-a19a34cc548a	.work/stage04_inference_controller_v5/resource_preflight_measurements/measurement_2026-10-08T200915.569911_0000.json	aa4f27ef5e69fb9ad90869ae7a7138ddf24d9192919857dcd01bb57e428492fe
