accession	rm_type	inner_to_outer_ring	value	fill	state	angle_degrees	inner_radius	outer_radius	complete_count	partial_count	candidate_count	search_complete	conflict	review_ids	positive_invalidated	count_lower_bound
GCF_000009425.1	Type_I	1	NA	#9e9e9e	NOT_RUN	-90.0	334.0	346.0	0	0	0	False	True	[]	False	True
GCF_000009425.1	Type_II	2	NA	#9e9e9e	NOT_RUN	-90.0	349.0	361.0	0	0	0	False	True	[]	False	True
GCF_000009425.1	Type_III	3	NA	#9e9e9e	NOT_RUN	-90.0	364.0	376.0	0	0	0	False	True	[]	False	True
GCF_000009425.1	Type_IV	4	NA	#9e9e9e	NOT_RUN	-90.0	379.0	391.0	0	0	0	False	True	[]	False	True
GCF_000010145.1	Type_I	1	NA	#9e9e9e	NOT_RUN	-88.16326530612244	334.0	346.0	0	0	0	False	True	[]	False	True
GCF_000010145.1	Type_II	2	NA	#9e9e9e	NOT_RUN	-88.16326530612244	349.0	361.0	0	0	0	False	True	[]	False	True
GCF_000010145.1	Type_III	3	NA	#9e9e9e	NOT_RUN	-88.16326530612244	364.0	376.0	0	0	0	False	True	[]	False	True
GCF_000010145.1	Type_IV	4	NA	#9e9e9e	NOT_RUN	-88.16326530612244	379.0	391.0	0	0	0	False	True	[]	False	True
GCF_965286585.1	Type_I	1	NA	#9e9e9e	NOT_RUN	-86.3265306122449	334.0	346.0	0	0	0	False	True	[]	False	True
GCF_965286585.1	Type_II	2	NA	#9e9e9e	NOT_RUN	-86.3265306122449	349.0	361.0	0	0	0	False	True	[]	False	True
GCF_965286585.1	Type_III	3	NA	#9e9e9e	NOT_RUN	-86.3265306122449	364.0	376.0	0	0	0	False	True	[]	False	True
GCF_965286585.1	Type_IV	4	NA	#9e9e9e	NOT_RUN	-86.3265306122449	379.0	391.0	0	0	0	False	True	[]	False	True
GCF_001434365.1	Type_I	1	NA	#9e9e9e	NOT_RUN	-84.48979591836735	334.0	346.0	0	0	0	False	True	[]	False	True
GCF_001434365.1	Type_II	2	NA	#9e9e9e	NOT_RUN	-84.48979591836735	349.0	361.0	0	0	0	False	True	[]	False	True
GCF_001434365.1	Type_III	3	NA	#9e9e9e	NOT_RUN	-84.48979591836735	364.0	376.0	0	0	0	False	True	[]	False	True
GCF_001434365.1	Type_IV	4	NA	#9e9e9e	NOT_RUN	-84.48979591836735	379.0	391.0	0	0	0	False	True	[]	False	True
GCF_001435245.1	Type_I	1	NA	#9e9e9e	NOT_RUN	-82.6530612244898	334.0	346.0	0	0	0	False	True	[]	False	True
GCF_001435245.1	Type_II	2	NA	#9e9e9e	NOT_RUN	-82.6530612244898	349.0	361.0	0	0	0	False	True	[]	False	True
GCF_001435245.1	Type_III	3	NA	#9e9e9e	NOT_RUN	-82.6530612244898	364.0	376.0	0	0	0	False	True	[]	False	True
GCF_001435245.1	Type_IV	4	NA	#9e9e9e	NOT_RUN	-82.6530612244898	379.0	391.0	0	0	0	False	True	[]	False	True
GCF_001437055.1	Type_I	1	NA	#9e9e9e	NOT_RUN	-80.81632653061224	334.0	346.0	0	0	0	False	True	[]	False	True
GCF_001437055.1	Type_II	2	NA	#9e9e9e	NOT_RUN	-80.81632653061224	349.0	361.0	0	0	0	False	True	[]	False	True
GCF_001437055.1	Type_III	3	NA	#9e9e9e	NOT_RUN	-80.81632653061224	364.0	376.0	0	0	0	False	True	[]	False	True
GCF_001437055.1	Type_IV	4	NA	#9e9e9e	NOT_RUN	-80.81632653061224	379.0	391.0	0	0	0	False	True	[]	False	True
GCF_054331775.1	Type_I	1	NA	#9e9e9e	NOT_RUN	-78.9795918367347	334.0	346.0	0	0	0	False	True	[]	False	True
GCF_054331775.1	Type_II	2	NA	#9e9e9e	NOT_RUN	-78.9795918367347	349.0	361.0	0	0	0	False	True	[]	False	True
GCF_054331775.1	Type_III	3	NA	#9e9e9e	NOT_RUN	-78.9795918367347	364.0	376.0	0	0	0	False	True	[]	False	True
GCF_054331775.1	Type_IV	4	NA	#9e9e9e	NOT_RUN	-78.9795918367347	379.0	391.0	0	0	0	False	True	[]	False	True
GCF_039955095.1	Type_I	1	NA	#9e9e9e	NOT_RUN	-77.14285714285714	334.0	346.0	0	0	0	False	True	[]	False	True
GCF_039955095.1	Type_II	2	NA	#9e9e9e	NOT_RUN	-77.14285714285714	349.0	361.0	0	0	0	False	True	[]	False	True
GCF_039955095.1	Type_III	3	NA	#9e9e9e	NOT_RUN	-77.14285714285714	364.0	376.0	0	0	0	False	True	[]	False	True
GCF_039955095.1	Type_IV	4	NA	#9e9e9e	NOT_RUN	-77.14285714285714	379.0	391.0	0	0	0	False	True	[]	False	True
GCF_056676095.1	Type_I	1	NA	#9e9e9e	NOT_RUN	-75.3061224489796	334.0	346.0	0	0	0	False	True	[]	False	True
GCF_056676095.1	Type_II	2	NA	#9e9e9e	NOT_RUN	-75.3061224489796	349.0	361.0	0	0	0	False	True	[]	False	True
GCF_056676095.1	Type_III	3	NA	#9e9e9e	NOT_RUN	-75.3061224489796	364.0	376.0	0	0	0	False	True	[]	False	True
GCF_056676095.1	Type_IV	4	NA	#9e9e9e	NOT_RUN	-75.3061224489796	379.0	391.0	0	0	0	False	True	[]	False	True
GCF_000016825.1	Type_I	1	NA	#9e9e9e	NOT_RUN	-73.46938775510205	334.0	346.0	0	0	0	False	True	[]	False	True
GCF_000016825.1	Type_II	2	NA	#9e9e9e	NOT_RUN	-73.46938775510205	349.0	361.0	0	0	0	False	True	[]	False	True
GCF_000016825.1	Type_III	3	NA	#9e9e9e	NOT_RUN	-73.46938775510205	364.0	376.0	0	0	0	False	True	[]	False	True
GCF_000016825.1	Type_IV	4	NA	#9e9e9e	NOT_RUN	-73.46938775510205	379.0	391.0	0	0	0	False	True	[]	False	True
GCF_033570435.1	Type_I	1	NA	#9e9e9e	NOT_RUN	-71.63265306122449	334.0	346.0	0	0	0	False	True	[]	False	True
GCF_033570435.1	Type_II	2	NA	#9e9e9e	NOT_RUN	-71.63265306122449	349.0	361.0	0	0	0	False	True	[]	False	True
GCF_033570435.1	Type_III	3	NA	#9e9e9e	NOT_RUN	-71.63265306122449	364.0	376.0	0	0	0	False	True	[]	False	True
GCF_033570435.1	Type_IV	4	NA	#9e9e9e	NOT_RUN	-71.63265306122449	379.0	391.0	0	0	0	False	True	[]	False	True
GCF_020784695.1	Type_I	1	NA	#9e9e9e	NOT_RUN	-69.79591836734694	334.0	346.0	0	0	0	False	True	[]	False	True
GCF_020784695.1	Type_II	2	NA	#9e9e9e	NOT_RUN	-69.79591836734694	349.0	361.0	0	0	0	False	True	[]	False	True
GCF_020784695.1	Type_III	3	NA	#9e9e9e	NOT_RUN	-69.79591836734694	364.0	376.0	0	0	0	False	True	[]	False	True
GCF_020784695.1	Type_IV	4	NA	#9e9e9e	NOT_RUN	-69.79591836734694	379.0	391.0	0	0	0	False	True	[]	False	True
GCF_014145615.1	Type_I	1	NA	#9e9e9e	NOT_RUN	-67.95918367346938	334.0	346.0	0	0	0	False	True	[]	False	True
GCF_014145615.1	Type_II	2	NA	#9e9e9e	NOT_RUN	-67.95918367346938	349.0	361.0	0	0	0	False	True	[]	False	True
GCF_014145615.1	Type_III	3	NA	#9e9e9e	NOT_RUN	-67.95918367346938	364.0	376.0	0	0	0	False	True	[]	False	True
GCF_014145615.1	Type_IV	4	NA	#9e9e9e	NOT_RUN	-67.95918367346938	379.0	391.0	0	0	0	False	True	[]	False	True
GCF_014145545.1	Type_I	1	NA	#9e9e9e	NOT_RUN	-66.12244897959182	334.0	346.0	0	0	0	False	True	[]	False	True
GCF_014145545.1	Type_II	2	NA	#9e9e9e	NOT_RUN	-66.12244897959182	349.0	361.0	0	0	0	False	True	[]	False	True
GCF_014145545.1	Type_III	3	NA	#9e9e9e	NOT_RUN	-66.12244897959182	364.0	376.0	0	0	0	False	True	[]	False	True
GCF_014145545.1	Type_IV	4	NA	#9e9e9e	NOT_RUN	-66.12244897959182	379.0	391.0	0	0	0	False	True	[]	False	True
GCF_014145555.1	Type_I	1	NA	#9e9e9e	NOT_RUN	-64.28571428571429	334.0	346.0	0	0	0	False	True	[]	False	True
GCF_014145555.1	Type_II	2	NA	#9e9e9e	NOT_RUN	-64.28571428571429	349.0	361.0	0	0	0	False	True	[]	False	True
GCF_014145555.1	Type_III	3	NA	#9e9e9e	NOT_RUN	-64.28571428571429	364.0	376.0	0	0	0	False	True	[]	False	True
GCF_014145555.1	Type_IV	4	NA	#9e9e9e	NOT_RUN	-64.28571428571429	379.0	391.0	0	0	0	False	True	[]	False	True
GCF_000160835.1	Type_I	1	NA	#9e9e9e	NOT_RUN	-62.44897959183674	334.0	346.0	0	0	0	False	True	[]	False	True
GCF_000160835.1	Type_II	2	NA	#9e9e9e	NOT_RUN	-62.44897959183674	349.0	361.0	0	0	0	False	True	[]	False	True
GCF_000160835.1	Type_III	3	NA	#9e9e9e	NOT_RUN	-62.44897959183674	364.0	376.0	0	0	0	False	True	[]	False	True
GCF_000160835.1	Type_IV	4	NA	#9e9e9e	NOT_RUN	-62.44897959183674	379.0	391.0	0	0	0	False	True	[]	False	True
GCF_025311495.1	Type_I	1	NA	#9e9e9e	NOT_RUN	-60.61224489795919	334.0	346.0	0	0	0	False	True	[]	False	True
GCF_025311495.1	Type_II	2	NA	#9e9e9e	NOT_RUN	-60.61224489795919	349.0	361.0	0	0	0	False	True	[]	False	True
GCF_025311495.1	Type_III	3	NA	#9e9e9e	NOT_RUN	-60.61224489795919	364.0	376.0	0	0	0	False	True	[]	False	True
GCF_025311495.1	Type_IV	4	NA	#9e9e9e	NOT_RUN	-60.61224489795919	379.0	391.0	0	0	0	False	True	[]	False	True
GCF_019797825.1	Type_I	1	NA	#9e9e9e	NOT_RUN	-58.77551020408163	334.0	346.0	0	0	0	False	True	[]	False	True
GCF_019797825.1	Type_II	2	NA	#9e9e9e	NOT_RUN	-58.77551020408163	349.0	361.0	0	0	0	False	True	[]	False	True
GCF_019797825.1	Type_III	3	NA	#9e9e9e	NOT_RUN	-58.77551020408163	364.0	376.0	0	0	0	False	True	[]	False	True
GCF_019797825.1	Type_IV	4	NA	#9e9e9e	NOT_RUN	-58.77551020408163	379.0	391.0	0	0	0	False	True	[]	False	True
GCF_028607025.1	Type_I	1	NA	#9e9e9e	NOT_RUN	-56.93877551020408	334.0	346.0	0	0	0	False	True	[]	False	True
GCF_028607025.1	Type_II	2	NA	#9e9e9e	NOT_RUN	-56.93877551020408	349.0	361.0	0	0	0	False	True	[]	False	True
GCF_028607025.1	Type_III	3	NA	#9e9e9e	NOT_RUN	-56.93877551020408	364.0	376.0	0	0	0	False	True	[]	False	True
GCF_028607025.1	Type_IV	4	NA	#9e9e9e	NOT_RUN	-56.93877551020408	379.0	391.0	0	0	0	False	True	[]	False	True
GCF_963281025.1	Type_I	1	NA	#9e9e9e	NOT_RUN	-55.102040816326536	334.0	346.0	0	0	0	False	True	[]	False	True
GCF_963281025.1	Type_II	2	NA	#9e9e9e	NOT_RUN	-55.102040816326536	349.0	361.0	0	0	0	False	True	[]	False	True
GCF_963281025.1	Type_III	3	NA	#9e9e9e	NOT_RUN	-55.102040816326536	364.0	376.0	0	0	0	False	True	[]	False	True
GCF_963281025.1	Type_IV	4	NA	#9e9e9e	NOT_RUN	-55.102040816326536	379.0	391.0	0	0	0	False	True	[]	False	True
GCF_900240275.1	Type_I	1	NA	#9e9e9e	NOT_RUN	-53.265306122448976	334.0	346.0	0	0	0	False	True	[]	False	True
GCF_900240275.1	Type_II	2	NA	#9e9e9e	NOT_RUN	-53.265306122448976	349.0	361.0	0	0	0	False	True	[]	False	True
GCF_900240275.1	Type_III	3	NA	#9e9e9e	NOT_RUN	-53.265306122448976	364.0	376.0	0	0	0	False	True	[]	False	True
GCF_900240275.1	Type_IV	4	NA	#9e9e9e	NOT_RUN	-53.265306122448976	379.0	391.0	0	0	0	False	True	[]	False	True
GCF_000014505.1	Type_I	1	NA	#9e9e9e	NOT_RUN	-51.42857142857143	334.0	346.0	0	0	0	False	True	[]	False	True
GCF_000014505.1	Type_II	2	NA	#9e9e9e	NOT_RUN	-51.42857142857143	349.0	361.0	0	0	0	False	True	[]	False	True
GCF_000014505.1	Type_III	3	NA	#9e9e9e	NOT_RUN	-51.42857142857143	364.0	376.0	0	0	0	False	True	[]	False	True
GCF_000014505.1	Type_IV	4	NA	#9e9e9e	NOT_RUN	-51.42857142857143	379.0	391.0	0	0	0	False	True	[]	False	True
GCF_009913995.1	Type_I	1	NA	#9e9e9e	NOT_RUN	-49.591836734693885	334.0	346.0	0	0	0	False	True	[]	False	True
GCF_009913995.1	Type_II	2	NA	#9e9e9e	NOT_RUN	-49.591836734693885	349.0	361.0	0	0	0	False	True	[]	False	True
GCF_009913995.1	Type_III	3	NA	#9e9e9e	NOT_RUN	-49.591836734693885	364.0	376.0	0	0	0	False	True	[]	False	True
GCF_009913995.1	Type_IV	4	NA	#9e9e9e	NOT_RUN	-49.591836734693885	379.0	391.0	0	0	0	False	True	[]	False	True
GCF_009914035.1	Type_I	1	NA	#9e9e9e	NOT_RUN	-47.755102040816325	334.0	346.0	0	0	0	False	True	[]	False	True
GCF_009914035.1	Type_II	2	NA	#9e9e9e	NOT_RUN	-47.755102040816325	349.0	361.0	0	0	0	False	True	[]	False	True
GCF_009914035.1	Type_III	3	NA	#9e9e9e	NOT_RUN	-47.755102040816325	364.0	376.0	0	0	0	False	True	[]	False	True
GCF_009914035.1	Type_IV	4	NA	#9e9e9e	NOT_RUN	-47.755102040816325	379.0	391.0	0	0	0	False	True	[]	False	True
GCF_009914015.1	Type_I	1	NA	#9e9e9e	NOT_RUN	-45.91836734693878	334.0	346.0	0	0	0	False	True	[]	False	True
GCF_009914015.1	Type_II	2	NA	#9e9e9e	NOT_RUN	-45.91836734693878	349.0	361.0	0	0	0	False	True	[]	False	True
GCF_009914015.1	Type_III	3	NA	#9e9e9e	NOT_RUN	-45.91836734693878	364.0	376.0	0	0	0	False	True	[]	False	True
GCF_009914015.1	Type_IV	4	NA	#9e9e9e	NOT_RUN	-45.91836734693878	379.0	391.0	0	0	0	False	True	[]	False	True
GCF_021378055.1	Type_I	1	NA	#9e9e9e	NOT_RUN	-44.08163265306122	334.0	346.0	0	0	0	False	True	[]	False	True
GCF_021378055.1	Type_II	2	NA	#9e9e9e	NOT_RUN	-44.08163265306122	349.0	361.0	0	0	0	False	True	[]	False	True
GCF_021378055.1	Type_III	3	NA	#9e9e9e	NOT_RUN	-44.08163265306122	364.0	376.0	0	0	0	False	True	[]	False	True
GCF_021378055.1	Type_IV	4	NA	#9e9e9e	NOT_RUN	-44.08163265306122	379.0	391.0	0	0	0	False	True	[]	False	True
GCF_055755075.1	Type_I	1	NA	#9e9e9e	NOT_RUN	-42.244897959183675	334.0	346.0	0	0	0	False	True	[]	False	True
GCF_055755075.1	Type_II	2	NA	#9e9e9e	NOT_RUN	-42.244897959183675	349.0	361.0	0	0	0	False	True	[]	False	True
GCF_055755075.1	Type_III	3	NA	#9e9e9e	NOT_RUN	-42.244897959183675	364.0	376.0	0	0	0	False	True	[]	False	True
GCF_055755075.1	Type_IV	4	NA	#9e9e9e	NOT_RUN	-42.244897959183675	379.0	391.0	0	0	0	False	True	[]	False	True
GCF_001767275.1	Type_I	1	NA	#9e9e9e	NOT_RUN	-40.40816326530612	334.0	346.0	0	0	0	False	True	[]	False	True
GCF_001767275.1	Type_II	2	NA	#9e9e9e	NOT_RUN	-40.40816326530612	349.0	361.0	0	0	0	False	True	[]	False	True
GCF_001767275.1	Type_III	3	NA	#9e9e9e	NOT_RUN	-40.40816326530612	364.0	376.0	0	0	0	False	True	[]	False	True
GCF_001767275.1	Type_IV	4	NA	#9e9e9e	NOT_RUN	-40.40816326530612	379.0	391.0	0	0	0	False	True	[]	False	True
GCF_002174215.1	Type_I	1	NA	#9e9e9e	NOT_RUN	-38.57142857142857	334.0	346.0	0	0	0	False	True	[]	False	True
GCF_002174215.1	Type_II	2	NA	#9e9e9e	NOT_RUN	-38.57142857142857	349.0	361.0	0	0	0	False	True	[]	False	True
GCF_002174215.1	Type_III	3	NA	#9e9e9e	NOT_RUN	-38.57142857142857	364.0	376.0	0	0	0	False	True	[]	False	True
GCF_002174215.1	Type_IV	4	NA	#9e9e9e	NOT_RUN	-38.57142857142857	379.0	391.0	0	0	0	False	True	[]	False	True
GCF_028621815.1	Type_I	1	NA	#9e9e9e	NOT_RUN	-36.734693877551024	334.0	346.0	0	0	0	False	True	[]	False	True
GCF_028621815.1	Type_II	2	NA	#9e9e9e	NOT_RUN	-36.734693877551024	349.0	361.0	0	0	0	False	True	[]	False	True
GCF_028621815.1	Type_III	3	NA	#9e9e9e	NOT_RUN	-36.734693877551024	364.0	376.0	0	0	0	False	True	[]	False	True
GCF_028621815.1	Type_IV	4	NA	#9e9e9e	NOT_RUN	-36.734693877551024	379.0	391.0	0	0	0	False	True	[]	False	True
GCF_034703025.1	Type_I	1	NA	#9e9e9e	NOT_RUN	-34.89795918367347	334.0	346.0	0	0	0	False	True	[]	False	True
GCF_034703025.1	Type_II	2	NA	#9e9e9e	NOT_RUN	-34.89795918367347	349.0	361.0	0	0	0	False	True	[]	False	True
GCF_034703025.1	Type_III	3	NA	#9e9e9e	NOT_RUN	-34.89795918367347	364.0	376.0	0	0	0	False	True	[]	False	True
GCF_034703025.1	Type_IV	4	NA	#9e9e9e	NOT_RUN	-34.89795918367347	379.0	391.0	0	0	0	False	True	[]	False	True
GCF_059089415.1	Type_I	1	NA	#9e9e9e	NOT_RUN	-33.06122448979592	334.0	346.0	0	0	0	False	True	[]	False	True
GCF_059089415.1	Type_II	2	NA	#9e9e9e	NOT_RUN	-33.06122448979592	349.0	361.0	0	0	0	False	True	[]	False	True
GCF_059089415.1	Type_III	3	NA	#9e9e9e	NOT_RUN	-33.06122448979592	364.0	376.0	0	0	0	False	True	[]	False	True
GCF_059089415.1	Type_IV	4	NA	#9e9e9e	NOT_RUN	-33.06122448979592	379.0	391.0	0	0	0	False	True	[]	False	True
GCF_016127815.1	Type_I	1	NA	#9e9e9e	NOT_RUN	-31.22448979591837	334.0	346.0	0	0	0	False	True	[]	False	True
GCF_016127815.1	Type_II	2	NA	#9e9e9e	NOT_RUN	-31.22448979591837	349.0	361.0	0	0	0	False	True	[]	False	True
GCF_016127815.1	Type_III	3	NA	#9e9e9e	NOT_RUN	-31.22448979591837	364.0	376.0	0	0	0	False	True	[]	False	True
GCF_016127815.1	Type_IV	4	NA	#9e9e9e	NOT_RUN	-31.22448979591837	379.0	391.0	0	0	0	False	True	[]	False	True
GCF_019448175.1	Type_I	1	NA	#9e9e9e	NOT_RUN	-29.387755102040813	334.0	346.0	0	0	0	False	True	[]	False	True
GCF_019448175.1	Type_II	2	NA	#9e9e9e	NOT_RUN	-29.387755102040813	349.0	361.0	0	0	0	False	True	[]	False	True
GCF_019448175.1	Type_III	3	NA	#9e9e9e	NOT_RUN	-29.387755102040813	364.0	376.0	0	0	0	False	True	[]	False	True
GCF_019448175.1	Type_IV	4	NA	#9e9e9e	NOT_RUN	-29.387755102040813	379.0	391.0	0	0	0	False	True	[]	False	True
GCF_010092385.1	Type_I	1	NA	#9e9e9e	NOT_RUN	-27.551020408163257	334.0	346.0	0	0	0	False	True	[]	False	True
GCF_010092385.1	Type_II	2	NA	#9e9e9e	NOT_RUN	-27.551020408163257	349.0	361.0	0	0	0	False	True	[]	False	True
GCF_010092385.1	Type_III	3	NA	#9e9e9e	NOT_RUN	-27.551020408163257	364.0	376.0	0	0	0	False	True	[]	False	True
GCF_010092385.1	Type_IV	4	NA	#9e9e9e	NOT_RUN	-27.551020408163257	379.0	391.0	0	0	0	False	True	[]	False	True
GCF_000237995.1	Type_I	1	NA	#9e9e9e	NOT_RUN	-25.714285714285715	334.0	346.0	0	0	0	False	True	[]	False	True
GCF_000237995.1	Type_II	2	NA	#9e9e9e	NOT_RUN	-25.714285714285715	349.0	361.0	0	0	0	False	True	[]	False	True
GCF_000237995.1	Type_III	3	NA	#9e9e9e	NOT_RUN	-25.714285714285715	364.0	376.0	0	0	0	False	True	[]	False	True
GCF_000237995.1	Type_IV	4	NA	#9e9e9e	NOT_RUN	-25.714285714285715	379.0	391.0	0	0	0	False	True	[]	False	True
GCF_001436905.1	Type_I	1	NA	#9e9e9e	NOT_RUN	-23.87755102040816	334.0	346.0	0	0	0	False	True	[]	False	True
GCF_001436905.1	Type_II	2	NA	#9e9e9e	NOT_RUN	-23.87755102040816	349.0	361.0	0	0	0	False	True	[]	False	True
GCF_001436905.1	Type_III	3	NA	#9e9e9e	NOT_RUN	-23.87755102040816	364.0	376.0	0	0	0	False	True	[]	False	True
GCF_001436905.1	Type_IV	4	NA	#9e9e9e	NOT_RUN	-23.87755102040816	379.0	391.0	0	0	0	False	True	[]	False	True
GCF_001702215.1	Type_I	1	NA	#9e9e9e	NOT_RUN	-22.040816326530614	334.0	346.0	0	0	0	False	True	[]	False	True
GCF_001702215.1	Type_II	2	NA	#9e9e9e	NOT_RUN	-22.040816326530614	349.0	361.0	0	0	0	False	True	[]	False	True
GCF_001702215.1	Type_III	3	NA	#9e9e9e	NOT_RUN	-22.040816326530614	364.0	376.0	0	0	0	False	True	[]	False	True
GCF_001702215.1	Type_IV	4	NA	#9e9e9e	NOT_RUN	-22.040816326530614	379.0	391.0	0	0	0	False	True	[]	False	True
GCF_001702235.1	Type_I	1	NA	#9e9e9e	NOT_RUN	-20.20408163265307	334.0	346.0	0	0	0	False	True	[]	False	True
GCF_001702235.1	Type_II	2	NA	#9e9e9e	NOT_RUN	-20.20408163265307	349.0	361.0	0	0	0	False	True	[]	False	True
GCF_001702235.1	Type_III	3	NA	#9e9e9e	NOT_RUN	-20.20408163265307	364.0	376.0	0	0	0	False	True	[]	False	True
GCF_001702235.1	Type_IV	4	NA	#9e9e9e	NOT_RUN	-20.20408163265307	379.0	391.0	0	0	0	False	True	[]	False	True
GCF_000023085.1	Type_I	1	NA	#9e9e9e	NOT_RUN	-18.367346938775515	334.0	346.0	0	0	0	False	True	[]	False	True
GCF_000023085.1	Type_II	2	NA	#9e9e9e	NOT_RUN	-18.367346938775515	349.0	361.0	0	0	0	False	True	[]	False	True
GCF_000023085.1	Type_III	3	NA	#9e9e9e	NOT_RUN	-18.367346938775515	364.0	376.0	0	0	0	False	True	[]	False	True
GCF_000023085.1	Type_IV	4	NA	#9e9e9e	NOT_RUN	-18.367346938775515	379.0	391.0	0	0	0	False	True	[]	False	True
GCF_000148815.2	Type_I	1	NA	#9e9e9e	NOT_RUN	-16.530612244897956	334.0	346.0	0	0	0	False	True	[]	False	True
GCF_000148815.2	Type_II	2	NA	#9e9e9e	NOT_RUN	-16.530612244897956	349.0	361.0	0	0	0	False	True	[]	False	True
GCF_000148815.2	Type_III	3	NA	#9e9e9e	NOT_RUN	-16.530612244897956	364.0	376.0	0	0	0	False	True	[]	False	True
GCF_000148815.2	Type_IV	4	NA	#9e9e9e	NOT_RUN	-16.530612244897956	379.0	391.0	0	0	0	False	True	[]	False	True
GCF_014131735.1	Type_I	1	NA	#9e9e9e	NOT_RUN	-14.693877551020414	334.0	346.0	0	0	0	False	True	[]	False	True
GCF_014131735.1	Type_II	2	NA	#9e9e9e	NOT_RUN	-14.693877551020414	349.0	361.0	0	0	0	False	True	[]	False	True
GCF_014131735.1	Type_III	3	NA	#9e9e9e	NOT_RUN	-14.693877551020414	364.0	376.0	0	0	0	False	True	[]	False	True
GCF_014131735.1	Type_IV	4	NA	#9e9e9e	NOT_RUN	-14.693877551020414	379.0	391.0	0	0	0	False	True	[]	False	True
GCF_029854335.1	Type_I	1	NA	#9e9e9e	NOT_RUN	-12.857142857142858	334.0	346.0	0	0	0	False	True	[]	False	True
GCF_029854335.1	Type_II	2	NA	#9e9e9e	NOT_RUN	-12.857142857142858	349.0	361.0	0	0	0	False	True	[]	False	True
GCF_029854335.1	Type_III	3	NA	#9e9e9e	NOT_RUN	-12.857142857142858	364.0	376.0	0	0	0	False	True	[]	False	True
GCF_029854335.1	Type_IV	4	NA	#9e9e9e	NOT_RUN	-12.857142857142858	379.0	391.0	0	0	0	False	True	[]	False	True
GCF_009913655.1	Type_I	1	NA	#9e9e9e	NOT_RUN	-11.020408163265314	334.0	346.0	0	0	0	False	True	[]	False	True
GCF_009913655.1	Type_II	2	NA	#9e9e9e	NOT_RUN	-11.020408163265314	349.0	361.0	0	0	0	False	True	[]	False	True
GCF_009913655.1	Type_III	3	NA	#9e9e9e	NOT_RUN	-11.020408163265314	364.0	376.0	0	0	0	False	True	[]	False	True
GCF_009913655.1	Type_IV	4	NA	#9e9e9e	NOT_RUN	-11.020408163265314	379.0	391.0	0	0	0	False	True	[]	False	True
GCF_000203855.3	Type_I	1	NA	#9e9e9e	NOT_RUN	-9.18367346938777	334.0	346.0	0	0	0	False	True	[]	False	True
GCF_000203855.3	Type_II	2	NA	#9e9e9e	NOT_RUN	-9.18367346938777	349.0	361.0	0	0	0	False	True	[]	False	True
GCF_000203855.3	Type_III	3	NA	#9e9e9e	NOT_RUN	-9.18367346938777	364.0	376.0	0	0	0	False	True	[]	False	True
GCF_000203855.3	Type_IV	4	NA	#9e9e9e	NOT_RUN	-9.18367346938777	379.0	391.0	0	0	0	False	True	[]	False	True
GCF_037290055.1	Type_I	1	NA	#9e9e9e	NOT_RUN	-7.346938775510201	334.0	346.0	0	0	0	False	True	[]	False	True
GCF_037290055.1	Type_II	2	NA	#9e9e9e	NOT_RUN	-7.346938775510201	349.0	361.0	0	0	0	False	True	[]	False	True
GCF_037290055.1	Type_III	3	NA	#9e9e9e	NOT_RUN	-7.346938775510201	364.0	376.0	0	0	0	False	True	[]	False	True
GCF_037290055.1	Type_IV	4	NA	#9e9e9e	NOT_RUN	-7.346938775510201	379.0	391.0	0	0	0	False	True	[]	False	True
GCF_050847345.1	Type_I	1	NA	#9e9e9e	NOT_RUN	-5.510204081632657	334.0	346.0	0	0	0	False	True	[]	False	True
GCF_050847345.1	Type_II	2	NA	#9e9e9e	NOT_RUN	-5.510204081632657	349.0	361.0	0	0	0	False	True	[]	False	True
GCF_050847345.1	Type_III	3	NA	#9e9e9e	NOT_RUN	-5.510204081632657	364.0	376.0	0	0	0	False	True	[]	False	True
GCF_050847345.1	Type_IV	4	NA	#9e9e9e	NOT_RUN	-5.510204081632657	379.0	391.0	0	0	0	False	True	[]	False	True
GCF_965286295.1	Type_I	1	NA	#9e9e9e	NOT_RUN	-3.6734693877551003	334.0	346.0	0	0	0	False	True	[]	False	True
GCF_965286295.1	Type_II	2	NA	#9e9e9e	NOT_RUN	-3.6734693877551003	349.0	361.0	0	0	0	False	True	[]	False	True
GCF_965286295.1	Type_III	3	NA	#9e9e9e	NOT_RUN	-3.6734693877551003	364.0	376.0	0	0	0	False	True	[]	False	True
GCF_965286295.1	Type_IV	4	NA	#9e9e9e	NOT_RUN	-3.6734693877551003	379.0	391.0	0	0	0	False	True	[]	False	True
GCF_029025825.1	Type_I	1	NA	#9e9e9e	NOT_RUN	-1.8367346938775564	334.0	346.0	0	0	0	False	True	[]	False	True
GCF_029025825.1	Type_II	2	NA	#9e9e9e	NOT_RUN	-1.8367346938775564	349.0	361.0	0	0	0	False	True	[]	False	True
GCF_029025825.1	Type_III	3	NA	#9e9e9e	NOT_RUN	-1.8367346938775564	364.0	376.0	0	0	0	False	True	[]	False	True
GCF_029025825.1	Type_IV	4	NA	#9e9e9e	NOT_RUN	-1.8367346938775564	379.0	391.0	0	0	0	False	True	[]	False	True
GCF_051098045.1	Type_I	1	NA	#9e9e9e	NOT_RUN	0.0	334.0	346.0	0	0	0	False	True	[]	False	True
GCF_051098045.1	Type_II	2	NA	#9e9e9e	NOT_RUN	0.0	349.0	361.0	0	0	0	False	True	[]	False	True
GCF_051098045.1	Type_III	3	NA	#9e9e9e	NOT_RUN	0.0	364.0	376.0	0	0	0	False	True	[]	False	True
GCF_051098045.1	Type_IV	4	NA	#9e9e9e	NOT_RUN	0.0	379.0	391.0	0	0	0	False	True	[]	False	True
GCF_003641185.1	Type_I	1	NA	#9e9e9e	NOT_RUN	1.8367346938775564	334.0	346.0	0	0	0	False	True	[]	False	True
GCF_003641185.1	Type_II	2	NA	#9e9e9e	NOT_RUN	1.8367346938775564	349.0	361.0	0	0	0	False	True	[]	False	True
GCF_003641185.1	Type_III	3	NA	#9e9e9e	NOT_RUN	1.8367346938775564	364.0	376.0	0	0	0	False	True	[]	False	True
GCF_003641185.1	Type_IV	4	NA	#9e9e9e	NOT_RUN	1.8367346938775564	379.0	391.0	0	0	0	False	True	[]	False	True
GCF_026222675.1	Type_I	1	NA	#9e9e9e	NOT_RUN	3.6734693877551003	334.0	346.0	0	0	0	False	True	[]	False	True
GCF_026222675.1	Type_II	2	NA	#9e9e9e	NOT_RUN	3.6734693877551003	349.0	361.0	0	0	0	False	True	[]	False	True
GCF_026222675.1	Type_III	3	NA	#9e9e9e	NOT_RUN	3.6734693877551003	364.0	376.0	0	0	0	False	True	[]	False	True
GCF_026222675.1	Type_IV	4	NA	#9e9e9e	NOT_RUN	3.6734693877551003	379.0	391.0	0	0	0	False	True	[]	False	True
GCF_050407965.1	Type_I	1	NA	#9e9e9e	NOT_RUN	5.510204081632657	334.0	346.0	0	0	0	False	True	[]	False	True
GCF_050407965.1	Type_II	2	NA	#9e9e9e	NOT_RUN	5.510204081632657	349.0	361.0	0	0	0	False	True	[]	False	True
GCF_050407965.1	Type_III	3	NA	#9e9e9e	NOT_RUN	5.510204081632657	364.0	376.0	0	0	0	False	True	[]	False	True
GCF_050407965.1	Type_IV	4	NA	#9e9e9e	NOT_RUN	5.510204081632657	379.0	391.0	0	0	0	False	True	[]	False	True
GCF_005405405.1	Type_I	1	NA	#9e9e9e	NOT_RUN	7.346938775510201	334.0	346.0	0	0	0	False	True	[]	False	True
GCF_005405405.1	Type_II	2	NA	#9e9e9e	NOT_RUN	7.346938775510201	349.0	361.0	0	0	0	False	True	[]	False	True
GCF_005405405.1	Type_III	3	NA	#9e9e9e	NOT_RUN	7.346938775510201	364.0	376.0	0	0	0	False	True	[]	False	True
GCF_005405405.1	Type_IV	4	NA	#9e9e9e	NOT_RUN	7.346938775510201	379.0	391.0	0	0	0	False	True	[]	False	True
GCF_965136965.1	Type_I	1	NA	#9e9e9e	NOT_RUN	9.183673469387758	334.0	346.0	0	0	0	False	True	[]	False	True
GCF_965136965.1	Type_II	2	NA	#9e9e9e	NOT_RUN	9.183673469387758	349.0	361.0	0	0	0	False	True	[]	False	True
GCF_965136965.1	Type_III	3	NA	#9e9e9e	NOT_RUN	9.183673469387758	364.0	376.0	0	0	0	False	True	[]	False	True
GCF_965136965.1	Type_IV	4	NA	#9e9e9e	NOT_RUN	9.183673469387758	379.0	391.0	0	0	0	False	True	[]	False	True
GCF_036246165.1	Type_I	1	NA	#9e9e9e	NOT_RUN	11.020408163265314	334.0	346.0	0	0	0	False	True	[]	False	True
GCF_036246165.1	Type_II	2	NA	#9e9e9e	NOT_RUN	11.020408163265314	349.0	361.0	0	0	0	False	True	[]	False	True
GCF_036246165.1	Type_III	3	NA	#9e9e9e	NOT_RUN	11.020408163265314	364.0	376.0	0	0	0	False	True	[]	False	True
GCF_036246165.1	Type_IV	4	NA	#9e9e9e	NOT_RUN	11.020408163265314	379.0	391.0	0	0	0	False	True	[]	False	True
GCF_036246185.1	Type_I	1	NA	#9e9e9e	NOT_RUN	12.857142857142858	334.0	346.0	0	0	0	False	True	[]	False	True
GCF_036246185.1	Type_II	2	NA	#9e9e9e	NOT_RUN	12.857142857142858	349.0	361.0	0	0	0	False	True	[]	False	True
GCF_036246185.1	Type_III	3	NA	#9e9e9e	NOT_RUN	12.857142857142858	364.0	376.0	0	0	0	False	True	[]	False	True
GCF_036246185.1	Type_IV	4	NA	#9e9e9e	NOT_RUN	12.857142857142858	379.0	391.0	0	0	0	False	True	[]	False	True
GCF_963243495.1	Type_I	1	NA	#9e9e9e	NOT_RUN	14.693877551020401	334.0	346.0	0	0	0	False	True	[]	False	True
GCF_963243495.1	Type_II	2	NA	#9e9e9e	NOT_RUN	14.693877551020401	349.0	361.0	0	0	0	False	True	[]	False	True
GCF_963243495.1	Type_III	3	NA	#9e9e9e	NOT_RUN	14.693877551020401	364.0	376.0	0	0	0	False	True	[]	False	True
GCF_963243495.1	Type_IV	4	NA	#9e9e9e	NOT_RUN	14.693877551020401	379.0	391.0	0	0	0	False	True	[]	False	True
GCF_002970915.1	Type_I	1	NA	#9e9e9e	NOT_RUN	16.530612244897956	334.0	346.0	0	0	0	False	True	[]	False	True
GCF_002970915.1	Type_II	2	NA	#9e9e9e	NOT_RUN	16.530612244897956	349.0	361.0	0	0	0	False	True	[]	False	True
GCF_002970915.1	Type_III	3	NA	#9e9e9e	NOT_RUN	16.530612244897956	364.0	376.0	0	0	0	False	True	[]	False	True
GCF_002970915.1	Type_IV	4	NA	#9e9e9e	NOT_RUN	16.530612244897956	379.0	391.0	0	0	0	False	True	[]	False	True
GCF_002970935.1	Type_I	1	NA	#9e9e9e	NOT_RUN	18.367346938775515	334.0	346.0	0	0	0	False	True	[]	False	True
GCF_002970935.1	Type_II	2	NA	#9e9e9e	NOT_RUN	18.367346938775515	349.0	361.0	0	0	0	False	True	[]	False	True
GCF_002970935.1	Type_III	3	NA	#9e9e9e	NOT_RUN	18.367346938775515	364.0	376.0	0	0	0	False	True	[]	False	True
GCF_002970935.1	Type_IV	4	NA	#9e9e9e	NOT_RUN	18.367346938775515	379.0	391.0	0	0	0	False	True	[]	False	True
GCF_045862825.1	Type_I	1	NA	#9e9e9e	NOT_RUN	20.204081632653057	334.0	346.0	0	0	0	False	True	[]	False	True
GCF_045862825.1	Type_II	2	NA	#9e9e9e	NOT_RUN	20.204081632653057	349.0	361.0	0	0	0	False	True	[]	False	True
GCF_045862825.1	Type_III	3	NA	#9e9e9e	NOT_RUN	20.204081632653057	364.0	376.0	0	0	0	False	True	[]	False	True
GCF_045862825.1	Type_IV	4	NA	#9e9e9e	NOT_RUN	20.204081632653057	379.0	391.0	0	0	0	False	True	[]	False	True
GCF_000014385.1	Type_I	1	NA	#9e9e9e	NOT_RUN	22.040816326530614	334.0	346.0	0	0	0	False	True	[]	False	True
GCF_000014385.1	Type_II	2	NA	#9e9e9e	NOT_RUN	22.040816326530614	349.0	361.0	0	0	0	False	True	[]	False	True
GCF_000014385.1	Type_III	3	NA	#9e9e9e	NOT_RUN	22.040816326530614	364.0	376.0	0	0	0	False	True	[]	False	True
GCF_000014385.1	Type_IV	4	NA	#9e9e9e	NOT_RUN	22.040816326530614	379.0	391.0	0	0	0	False	True	[]	False	True
GCF_003264795.1	Type_I	1	NA	#9e9e9e	NOT_RUN	23.87755102040816	334.0	346.0	0	0	0	False	True	[]	False	True
GCF_003264795.1	Type_II	2	NA	#9e9e9e	NOT_RUN	23.87755102040816	349.0	361.0	0	0	0	False	True	[]	False	True
GCF_003264795.1	Type_III	3	NA	#9e9e9e	NOT_RUN	23.87755102040816	364.0	376.0	0	0	0	False	True	[]	False	True
GCF_003264795.1	Type_IV	4	NA	#9e9e9e	NOT_RUN	23.87755102040816	379.0	391.0	0	0	0	False	True	[]	False	True
GCF_013113695.1	Type_I	1	NA	#9e9e9e	NOT_RUN	25.714285714285715	334.0	346.0	0	0	0	False	True	[]	False	True
GCF_013113695.1	Type_II	2	NA	#9e9e9e	NOT_RUN	25.714285714285715	349.0	361.0	0	0	0	False	True	[]	False	True
GCF_013113695.1	Type_III	3	NA	#9e9e9e	NOT_RUN	25.714285714285715	364.0	376.0	0	0	0	False	True	[]	False	True
GCF_013113695.1	Type_IV	4	NA	#9e9e9e	NOT_RUN	25.714285714285715	379.0	391.0	0	0	0	False	True	[]	False	True
GCF_020510245.1	Type_I	1	NA	#9e9e9e	NOT_RUN	27.551020408163257	334.0	346.0	0	0	0	False	True	[]	False	True
GCF_020510245.1	Type_II	2	NA	#9e9e9e	NOT_RUN	27.551020408163257	349.0	361.0	0	0	0	False	True	[]	False	True
GCF_020510245.1	Type_III	3	NA	#9e9e9e	NOT_RUN	27.551020408163257	364.0	376.0	0	0	0	False	True	[]	False	True
GCF_020510245.1	Type_IV	4	NA	#9e9e9e	NOT_RUN	27.551020408163257	379.0	391.0	0	0	0	False	True	[]	False	True
GCF_001618285.1	Type_I	1	NA	#9e9e9e	NOT_RUN	29.387755102040803	334.0	346.0	0	0	0	False	True	[]	False	True
GCF_001618285.1	Type_II	2	NA	#9e9e9e	NOT_RUN	29.387755102040803	349.0	361.0	0	0	0	False	True	[]	False	True
GCF_001618285.1	Type_III	3	NA	#9e9e9e	NOT_RUN	29.387755102040803	364.0	376.0	0	0	0	False	True	[]	False	True
GCF_001618285.1	Type_IV	4	NA	#9e9e9e	NOT_RUN	29.387755102040803	379.0	391.0	0	0	0	False	True	[]	False	True
GCF_900519475.1	Type_I	1	NA	#9e9e9e	NOT_RUN	31.22448979591837	334.0	346.0	0	0	0	False	True	[]	False	True
GCF_900519475.1	Type_II	2	NA	#9e9e9e	NOT_RUN	31.22448979591837	349.0	361.0	0	0	0	False	True	[]	False	True
GCF_900519475.1	Type_III	3	NA	#9e9e9e	NOT_RUN	31.22448979591837	364.0	376.0	0	0	0	False	True	[]	False	True
GCF_900519475.1	Type_IV	4	NA	#9e9e9e	NOT_RUN	31.22448979591837	379.0	391.0	0	0	0	False	True	[]	False	True
GCF_004377635.1	Type_I	1	NA	#9e9e9e	NOT_RUN	33.06122448979591	334.0	346.0	0	0	0	False	True	[]	False	True
GCF_004377635.1	Type_II	2	NA	#9e9e9e	NOT_RUN	33.06122448979591	349.0	361.0	0	0	0	False	True	[]	False	True
GCF_004377635.1	Type_III	3	NA	#9e9e9e	NOT_RUN	33.06122448979591	364.0	376.0	0	0	0	False	True	[]	False	True
GCF_004377635.1	Type_IV	4	NA	#9e9e9e	NOT_RUN	33.06122448979591	379.0	391.0	0	0	0	False	True	[]	False	True
GCF_023920145.1	Type_I	1	NA	#9e9e9e	NOT_RUN	34.897959183673485	334.0	346.0	0	0	0	False	True	[]	False	True
GCF_023920145.1	Type_II	2	NA	#9e9e9e	NOT_RUN	34.897959183673485	349.0	361.0	0	0	0	False	True	[]	False	True
GCF_023920145.1	Type_III	3	NA	#9e9e9e	NOT_RUN	34.897959183673485	364.0	376.0	0	0	0	False	True	[]	False	True
GCF_023920145.1	Type_IV	4	NA	#9e9e9e	NOT_RUN	34.897959183673485	379.0	391.0	0	0	0	False	True	[]	False	True
GCF_032762665.1	Type_I	1	NA	#9e9e9e	NOT_RUN	36.73469387755103	334.0	346.0	0	0	0	False	True	[]	False	True
GCF_032762665.1	Type_II	2	NA	#9e9e9e	NOT_RUN	36.73469387755103	349.0	361.0	0	0	0	False	True	[]	False	True
GCF_032762665.1	Type_III	3	NA	#9e9e9e	NOT_RUN	36.73469387755103	364.0	376.0	0	0	0	False	True	[]	False	True
GCF_032762665.1	Type_IV	4	NA	#9e9e9e	NOT_RUN	36.73469387755103	379.0	391.0	0	0	0	False	True	[]	False	True
GCF_033142085.1	Type_I	1	NA	#9e9e9e	NOT_RUN	38.57142857142857	334.0	346.0	0	0	0	False	True	[]	False	True
GCF_033142085.1	Type_II	2	NA	#9e9e9e	NOT_RUN	38.57142857142857	349.0	361.0	0	0	0	False	True	[]	False	True
GCF_033142085.1	Type_III	3	NA	#9e9e9e	NOT_RUN	38.57142857142857	364.0	376.0	0	0	0	False	True	[]	False	True
GCF_033142085.1	Type_IV	4	NA	#9e9e9e	NOT_RUN	38.57142857142857	379.0	391.0	0	0	0	False	True	[]	False	True
GCF_900519455.1	Type_I	1	NA	#9e9e9e	NOT_RUN	40.40816326530614	334.0	346.0	0	0	0	False	True	[]	False	True
GCF_900519455.1	Type_II	2	NA	#9e9e9e	NOT_RUN	40.40816326530614	349.0	361.0	0	0	0	False	True	[]	False	True
GCF_900519455.1	Type_III	3	NA	#9e9e9e	NOT_RUN	40.40816326530614	364.0	376.0	0	0	0	False	True	[]	False	True
GCF_900519455.1	Type_IV	4	NA	#9e9e9e	NOT_RUN	40.40816326530614	379.0	391.0	0	0	0	False	True	[]	False	True
GCF_000241055.1	Type_I	1	NA	#9e9e9e	NOT_RUN	42.24489795918368	334.0	346.0	0	0	0	False	True	[]	False	True
GCF_000241055.1	Type_II	2	NA	#9e9e9e	NOT_RUN	42.24489795918368	349.0	361.0	0	0	0	False	True	[]	False	True
GCF_000241055.1	Type_III	3	NA	#9e9e9e	NOT_RUN	42.24489795918368	364.0	376.0	0	0	0	False	True	[]	False	True
GCF_000241055.1	Type_IV	4	NA	#9e9e9e	NOT_RUN	42.24489795918368	379.0	391.0	0	0	0	False	True	[]	False	True
GCF_001752545.1	Type_I	1	NA	#9e9e9e	NOT_RUN	44.08163265306123	334.0	346.0	0	0	0	False	True	[]	False	True
GCF_001752545.1	Type_II	2	NA	#9e9e9e	NOT_RUN	44.08163265306123	349.0	361.0	0	0	0	False	True	[]	False	True
GCF_001752545.1	Type_III	3	NA	#9e9e9e	NOT_RUN	44.08163265306123	364.0	376.0	0	0	0	False	True	[]	False	True
GCF_001752545.1	Type_IV	4	NA	#9e9e9e	NOT_RUN	44.08163265306123	379.0	391.0	0	0	0	False	True	[]	False	True
GCF_001752505.1	Type_I	1	NA	#9e9e9e	NOT_RUN	45.91836734693877	334.0	346.0	0	0	0	False	True	[]	False	True
GCF_001752505.1	Type_II	2	NA	#9e9e9e	NOT_RUN	45.91836734693877	349.0	361.0	0	0	0	False	True	[]	False	True
GCF_001752505.1	Type_III	3	NA	#9e9e9e	NOT_RUN	45.91836734693877	364.0	376.0	0	0	0	False	True	[]	False	True
GCF_001752505.1	Type_IV	4	NA	#9e9e9e	NOT_RUN	45.91836734693877	379.0	391.0	0	0	0	False	True	[]	False	True
GCF_001752515.1	Type_I	1	NA	#9e9e9e	NOT_RUN	47.75510204081632	334.0	346.0	0	0	0	False	True	[]	False	True
GCF_001752515.1	Type_II	2	NA	#9e9e9e	NOT_RUN	47.75510204081632	349.0	361.0	0	0	0	False	True	[]	False	True
GCF_001752515.1	Type_III	3	NA	#9e9e9e	NOT_RUN	47.75510204081632	364.0	376.0	0	0	0	False	True	[]	False	True
GCF_001752515.1	Type_IV	4	NA	#9e9e9e	NOT_RUN	47.75510204081632	379.0	391.0	0	0	0	False	True	[]	False	True
GCF_000026405.1	Type_I	1	NA	#9e9e9e	NOT_RUN	49.59183673469386	334.0	346.0	0	0	0	False	True	[]	False	True
GCF_000026405.1	Type_II	2	NA	#9e9e9e	NOT_RUN	49.59183673469386	349.0	361.0	0	0	0	False	True	[]	False	True
GCF_000026405.1	Type_III	3	NA	#9e9e9e	NOT_RUN	49.59183673469386	364.0	376.0	0	0	0	False	True	[]	False	True
GCF_000026405.1	Type_IV	4	NA	#9e9e9e	NOT_RUN	49.59183673469386	379.0	391.0	0	0	0	False	True	[]	False	True
GCF_007954785.1	Type_I	1	NA	#9e9e9e	NOT_RUN	51.42857142857143	334.0	346.0	0	0	0	False	True	[]	False	True
GCF_007954785.1	Type_II	2	NA	#9e9e9e	NOT_RUN	51.42857142857143	349.0	361.0	0	0	0	False	True	[]	False	True
GCF_007954785.1	Type_III	3	NA	#9e9e9e	NOT_RUN	51.42857142857143	364.0	376.0	0	0	0	False	True	[]	False	True
GCF_007954785.1	Type_IV	4	NA	#9e9e9e	NOT_RUN	51.42857142857143	379.0	391.0	0	0	0	False	True	[]	False	True
GCF_001998805.1	Type_I	1	NA	#9e9e9e	NOT_RUN	53.26530612244897	334.0	346.0	0	0	0	False	True	[]	False	True
GCF_001998805.1	Type_II	2	NA	#9e9e9e	NOT_RUN	53.26530612244897	349.0	361.0	0	0	0	False	True	[]	False	True
GCF_001998805.1	Type_III	3	NA	#9e9e9e	NOT_RUN	53.26530612244897	364.0	376.0	0	0	0	False	True	[]	False	True
GCF_001998805.1	Type_IV	4	NA	#9e9e9e	NOT_RUN	53.26530612244897	379.0	391.0	0	0	0	False	True	[]	False	True
GCF_007954605.1	Type_I	1	NA	#9e9e9e	NOT_RUN	55.10204081632654	334.0	346.0	0	0	0	False	True	[]	False	True
GCF_007954605.1	Type_II	2	NA	#9e9e9e	NOT_RUN	55.10204081632654	349.0	361.0	0	0	0	False	True	[]	False	True
GCF_007954605.1	Type_III	3	NA	#9e9e9e	NOT_RUN	55.10204081632654	364.0	376.0	0	0	0	False	True	[]	False	True
GCF_007954605.1	Type_IV	4	NA	#9e9e9e	NOT_RUN	55.10204081632654	379.0	391.0	0	0	0	False	True	[]	False	True
GCF_982267005.1	Type_I	1	NA	#9e9e9e	NOT_RUN	56.93877551020409	334.0	346.0	0	0	0	False	True	[]	False	True
GCF_982267005.1	Type_II	2	NA	#9e9e9e	NOT_RUN	56.93877551020409	349.0	361.0	0	0	0	False	True	[]	False	True
GCF_982267005.1	Type_III	3	NA	#9e9e9e	NOT_RUN	56.93877551020409	364.0	376.0	0	0	0	False	True	[]	False	True
GCF_982267005.1	Type_IV	4	NA	#9e9e9e	NOT_RUN	56.93877551020409	379.0	391.0	0	0	0	False	True	[]	False	True
GCF_000298875.1	Type_I	1	NA	#9e9e9e	NOT_RUN	58.77551020408163	334.0	346.0	0	0	0	False	True	[]	False	True
GCF_000298875.1	Type_II	2	NA	#9e9e9e	NOT_RUN	58.77551020408163	349.0	361.0	0	0	0	False	True	[]	False	True
GCF_000298875.1	Type_III	3	NA	#9e9e9e	NOT_RUN	58.77551020408163	364.0	376.0	0	0	0	False	True	[]	False	True
GCF_000298875.1	Type_IV	4	NA	#9e9e9e	NOT_RUN	58.77551020408163	379.0	391.0	0	0	0	False	True	[]	False	True
GCF_001536305.1	Type_I	1	NA	#9e9e9e	NOT_RUN	60.61224489795917	334.0	346.0	0	0	0	False	True	[]	False	True
GCF_001536305.1	Type_II	2	NA	#9e9e9e	NOT_RUN	60.61224489795917	349.0	361.0	0	0	0	False	True	[]	False	True
GCF_001536305.1	Type_III	3	NA	#9e9e9e	NOT_RUN	60.61224489795917	364.0	376.0	0	0	0	False	True	[]	False	True
GCF_001536305.1	Type_IV	4	NA	#9e9e9e	NOT_RUN	60.61224489795917	379.0	391.0	0	0	0	False	True	[]	False	True
GCF_900016205.1	Type_I	1	NA	#9e9e9e	NOT_RUN	62.44897959183674	334.0	346.0	0	0	0	False	True	[]	False	True
GCF_900016205.1	Type_II	2	NA	#9e9e9e	NOT_RUN	62.44897959183674	349.0	361.0	0	0	0	False	True	[]	False	True
GCF_900016205.1	Type_III	3	NA	#9e9e9e	NOT_RUN	62.44897959183674	364.0	376.0	0	0	0	False	True	[]	False	True
GCF_900016205.1	Type_IV	4	NA	#9e9e9e	NOT_RUN	62.44897959183674	379.0	391.0	0	0	0	False	True	[]	False	True
GCF_000092505.1	Type_I	1	NA	#9e9e9e	NOT_RUN	64.28571428571429	334.0	346.0	0	0	0	False	True	[]	False	True
GCF_000092505.1	Type_II	2	NA	#9e9e9e	NOT_RUN	64.28571428571429	349.0	361.0	0	0	0	False	True	[]	False	True
GCF_000092505.1	Type_III	3	NA	#9e9e9e	NOT_RUN	64.28571428571429	364.0	376.0	0	0	0	False	True	[]	False	True
GCF_000092505.1	Type_IV	4	NA	#9e9e9e	NOT_RUN	64.28571428571429	379.0	391.0	0	0	0	False	True	[]	False	True
GCF_964063315.1	Type_I	1	NA	#9e9e9e	NOT_RUN	66.12244897959182	334.0	346.0	0	0	0	False	True	[]	False	True
GCF_964063315.1	Type_II	2	NA	#9e9e9e	NOT_RUN	66.12244897959182	349.0	361.0	0	0	0	False	True	[]	False	True
GCF_964063315.1	Type_III	3	NA	#9e9e9e	NOT_RUN	66.12244897959182	364.0	376.0	0	0	0	False	True	[]	False	True
GCF_964063315.1	Type_IV	4	NA	#9e9e9e	NOT_RUN	66.12244897959182	379.0	391.0	0	0	0	False	True	[]	False	True
GCF_001891125.1	Type_I	1	NA	#9e9e9e	NOT_RUN	67.95918367346937	334.0	346.0	0	0	0	False	True	[]	False	True
GCF_001891125.1	Type_II	2	NA	#9e9e9e	NOT_RUN	67.95918367346937	349.0	361.0	0	0	0	False	True	[]	False	True
GCF_001891125.1	Type_III	3	NA	#9e9e9e	NOT_RUN	67.95918367346937	364.0	376.0	0	0	0	False	True	[]	False	True
GCF_001891125.1	Type_IV	4	NA	#9e9e9e	NOT_RUN	67.95918367346937	379.0	391.0	0	0	0	False	True	[]	False	True
GCF_058111805.1	Type_I	1	NA	#9e9e9e	NOT_RUN	69.79591836734691	334.0	346.0	0	0	0	False	True	[]	False	True
GCF_058111805.1	Type_II	2	NA	#9e9e9e	NOT_RUN	69.79591836734691	349.0	361.0	0	0	0	False	True	[]	False	True
GCF_058111805.1	Type_III	3	NA	#9e9e9e	NOT_RUN	69.79591836734691	364.0	376.0	0	0	0	False	True	[]	False	True
GCF_058111805.1	Type_IV	4	NA	#9e9e9e	NOT_RUN	69.79591836734691	379.0	391.0	0	0	0	False	True	[]	False	True
GCF_000014445.1	Type_I	1	NA	#9e9e9e	NOT_RUN	71.63265306122446	334.0	346.0	0	0	0	False	True	[]	False	True
GCF_000014445.1	Type_II	2	NA	#9e9e9e	NOT_RUN	71.63265306122446	349.0	361.0	0	0	0	False	True	[]	False	True
GCF_000014445.1	Type_III	3	NA	#9e9e9e	NOT_RUN	71.63265306122446	364.0	376.0	0	0	0	False	True	[]	False	True
GCF_000014445.1	Type_IV	4	NA	#9e9e9e	NOT_RUN	71.63265306122446	379.0	391.0	0	0	0	False	True	[]	False	True
GCF_047344935.1	Type_I	1	NA	#9e9e9e	NOT_RUN	73.46938775510206	334.0	346.0	0	0	0	False	True	[]	False	True
GCF_047344935.1	Type_II	2	NA	#9e9e9e	NOT_RUN	73.46938775510206	349.0	361.0	0	0	0	False	True	[]	False	True
GCF_047344935.1	Type_III	3	NA	#9e9e9e	NOT_RUN	73.46938775510206	364.0	376.0	0	0	0	False	True	[]	False	True
GCF_047344935.1	Type_IV	4	NA	#9e9e9e	NOT_RUN	73.46938775510206	379.0	391.0	0	0	0	False	True	[]	False	True
GCF_008107645.1	Type_I	1	NA	#9e9e9e	NOT_RUN	75.3061224489796	334.0	346.0	0	0	0	False	True	[]	False	True
GCF_008107645.1	Type_II	2	NA	#9e9e9e	NOT_RUN	75.3061224489796	349.0	361.0	0	0	0	False	True	[]	False	True
GCF_008107645.1	Type_III	3	NA	#9e9e9e	NOT_RUN	75.3061224489796	364.0	376.0	0	0	0	False	True	[]	False	True
GCF_008107645.1	Type_IV	4	NA	#9e9e9e	NOT_RUN	75.3061224489796	379.0	391.0	0	0	0	False	True	[]	False	True
GCF_016127255.1	Type_I	1	NA	#9e9e9e	NOT_RUN	77.14285714285714	334.0	346.0	0	0	0	False	True	[]	False	True
GCF_016127255.1	Type_II	2	NA	#9e9e9e	NOT_RUN	77.14285714285714	349.0	361.0	0	0	0	False	True	[]	False	True
GCF_016127255.1	Type_III	3	NA	#9e9e9e	NOT_RUN	77.14285714285714	364.0	376.0	0	0	0	False	True	[]	False	True
GCF_016127255.1	Type_IV	4	NA	#9e9e9e	NOT_RUN	77.14285714285714	379.0	391.0	0	0	0	False	True	[]	False	True
GCF_965286035.1	Type_I	1	NA	#9e9e9e	NOT_RUN	78.97959183673468	334.0	346.0	0	0	0	False	True	[]	False	True
GCF_965286035.1	Type_II	2	NA	#9e9e9e	NOT_RUN	78.97959183673468	349.0	361.0	0	0	0	False	True	[]	False	True
GCF_965286035.1	Type_III	3	NA	#9e9e9e	NOT_RUN	78.97959183673468	364.0	376.0	0	0	0	False	True	[]	False	True
GCF_965286035.1	Type_IV	4	NA	#9e9e9e	NOT_RUN	78.97959183673468	379.0	391.0	0	0	0	False	True	[]	False	True
GCF_045801155.1	Type_I	1	NA	#9e9e9e	NOT_RUN	80.81632653061223	334.0	346.0	0	0	0	False	True	[]	False	True
GCF_045801155.1	Type_II	2	NA	#9e9e9e	NOT_RUN	80.81632653061223	349.0	361.0	0	0	0	False	True	[]	False	True
GCF_045801155.1	Type_III	3	NA	#9e9e9e	NOT_RUN	80.81632653061223	364.0	376.0	0	0	0	False	True	[]	False	True
GCF_045801155.1	Type_IV	4	NA	#9e9e9e	NOT_RUN	80.81632653061223	379.0	391.0	0	0	0	False	True	[]	False	True
GCF_004354645.1	Type_I	1	NA	#9e9e9e	NOT_RUN	82.6530612244898	334.0	346.0	0	0	0	False	True	[]	False	True
GCF_004354645.1	Type_II	2	NA	#9e9e9e	NOT_RUN	82.6530612244898	349.0	361.0	0	0	0	False	True	[]	False	True
GCF_004354645.1	Type_III	3	NA	#9e9e9e	NOT_RUN	82.6530612244898	364.0	376.0	0	0	0	False	True	[]	False	True
GCF_004354645.1	Type_IV	4	NA	#9e9e9e	NOT_RUN	82.6530612244898	379.0	391.0	0	0	0	False	True	[]	False	True
GCF_000691805.2	Type_I	1	NA	#9e9e9e	NOT_RUN	84.48979591836735	334.0	346.0	0	0	0	False	True	[]	False	True
GCF_000691805.2	Type_II	2	NA	#9e9e9e	NOT_RUN	84.48979591836735	349.0	361.0	0	0	0	False	True	[]	False	True
GCF_000691805.2	Type_III	3	NA	#9e9e9e	NOT_RUN	84.48979591836735	364.0	376.0	0	0	0	False	True	[]	False	True
GCF_000691805.2	Type_IV	4	NA	#9e9e9e	NOT_RUN	84.48979591836735	379.0	391.0	0	0	0	False	True	[]	False	True
GCF_001437425.1	Type_I	1	NA	#9e9e9e	NOT_RUN	86.32653061224488	334.0	346.0	0	0	0	False	True	[]	False	True
GCF_001437425.1	Type_II	2	NA	#9e9e9e	NOT_RUN	86.32653061224488	349.0	361.0	0	0	0	False	True	[]	False	True
GCF_001437425.1	Type_III	3	NA	#9e9e9e	NOT_RUN	86.32653061224488	364.0	376.0	0	0	0	False	True	[]	False	True
GCF_001437425.1	Type_IV	4	NA	#9e9e9e	NOT_RUN	86.32653061224488	379.0	391.0	0	0	0	False	True	[]	False	True
GCF_014789145.1	Type_I	1	NA	#9e9e9e	NOT_RUN	88.16326530612243	334.0	346.0	0	0	0	False	True	[]	False	True
GCF_014789145.1	Type_II	2	NA	#9e9e9e	NOT_RUN	88.16326530612243	349.0	361.0	0	0	0	False	True	[]	False	True
GCF_014789145.1	Type_III	3	NA	#9e9e9e	NOT_RUN	88.16326530612243	364.0	376.0	0	0	0	False	True	[]	False	True
GCF_014789145.1	Type_IV	4	NA	#9e9e9e	NOT_RUN	88.16326530612243	379.0	391.0	0	0	0	False	True	[]	False	True
GCF_018394055.1	Type_I	1	NA	#9e9e9e	NOT_RUN	90.0	334.0	346.0	0	0	0	False	True	[]	False	True
GCF_018394055.1	Type_II	2	NA	#9e9e9e	NOT_RUN	90.0	349.0	361.0	0	0	0	False	True	[]	False	True
GCF_018394055.1	Type_III	3	NA	#9e9e9e	NOT_RUN	90.0	364.0	376.0	0	0	0	False	True	[]	False	True
GCF_018394055.1	Type_IV	4	NA	#9e9e9e	NOT_RUN	90.0	379.0	391.0	0	0	0	False	True	[]	False	True
GCF_018502505.1	Type_I	1	NA	#9e9e9e	NOT_RUN	91.83673469387757	334.0	346.0	0	0	0	False	True	[]	False	True
GCF_018502505.1	Type_II	2	NA	#9e9e9e	NOT_RUN	91.83673469387757	349.0	361.0	0	0	0	False	True	[]	False	True
GCF_018502505.1	Type_III	3	NA	#9e9e9e	NOT_RUN	91.83673469387757	364.0	376.0	0	0	0	False	True	[]	False	True
GCF_018502505.1	Type_IV	4	NA	#9e9e9e	NOT_RUN	91.83673469387757	379.0	391.0	0	0	0	False	True	[]	False	True
GCF_001932615.1	Type_I	1	NA	#9e9e9e	NOT_RUN	93.67346938775512	334.0	346.0	0	0	0	False	True	[]	False	True
GCF_001932615.1	Type_II	2	NA	#9e9e9e	NOT_RUN	93.67346938775512	349.0	361.0	0	0	0	False	True	[]	False	True
GCF_001932615.1	Type_III	3	NA	#9e9e9e	NOT_RUN	93.67346938775512	364.0	376.0	0	0	0	False	True	[]	False	True
GCF_001932615.1	Type_IV	4	NA	#9e9e9e	NOT_RUN	93.67346938775512	379.0	391.0	0	0	0	False	True	[]	False	True
GCF_005405465.1	Type_I	1	NA	#9e9e9e	NOT_RUN	95.51020408163265	334.0	346.0	0	0	0	False	True	[]	False	True
GCF_005405465.1	Type_II	2	NA	#9e9e9e	NOT_RUN	95.51020408163265	349.0	361.0	0	0	0	False	True	[]	False	True
GCF_005405465.1	Type_III	3	NA	#9e9e9e	NOT_RUN	95.51020408163265	364.0	376.0	0	0	0	False	True	[]	False	True
GCF_005405465.1	Type_IV	4	NA	#9e9e9e	NOT_RUN	95.51020408163265	379.0	391.0	0	0	0	False	True	[]	False	True
GCF_024718545.1	Type_I	1	NA	#9e9e9e	NOT_RUN	97.3469387755102	334.0	346.0	0	0	0	False	True	[]	False	True
GCF_024718545.1	Type_II	2	NA	#9e9e9e	NOT_RUN	97.3469387755102	349.0	361.0	0	0	0	False	True	[]	False	True
GCF_024718545.1	Type_III	3	NA	#9e9e9e	NOT_RUN	97.3469387755102	364.0	376.0	0	0	0	False	True	[]	False	True
GCF_024718545.1	Type_IV	4	NA	#9e9e9e	NOT_RUN	97.3469387755102	379.0	391.0	0	0	0	False	True	[]	False	True
GCF_036327715.1	Type_I	1	NA	#9e9e9e	NOT_RUN	99.18367346938774	334.0	346.0	0	0	0	False	True	[]	False	True
GCF_036327715.1	Type_II	2	NA	#9e9e9e	NOT_RUN	99.18367346938774	349.0	361.0	0	0	0	False	True	[]	False	True
GCF_036327715.1	Type_III	3	NA	#9e9e9e	NOT_RUN	99.18367346938774	364.0	376.0	0	0	0	False	True	[]	False	True
GCF_036327715.1	Type_IV	4	NA	#9e9e9e	NOT_RUN	99.18367346938774	379.0	391.0	0	0	0	False	True	[]	False	True
GCF_041281755.1	Type_I	1	NA	#9e9e9e	NOT_RUN	101.02040816326532	334.0	346.0	0	0	0	False	True	[]	False	True
GCF_041281755.1	Type_II	2	NA	#9e9e9e	NOT_RUN	101.02040816326532	349.0	361.0	0	0	0	False	True	[]	False	True
GCF_041281755.1	Type_III	3	NA	#9e9e9e	NOT_RUN	101.02040816326532	364.0	376.0	0	0	0	False	True	[]	False	True
GCF_041281755.1	Type_IV	4	NA	#9e9e9e	NOT_RUN	101.02040816326532	379.0	391.0	0	0	0	False	True	[]	False	True
GCF_900094835.1	Type_I	1	NA	#9e9e9e	NOT_RUN	102.85714285714286	334.0	346.0	0	0	0	False	True	[]	False	True
GCF_900094835.1	Type_II	2	NA	#9e9e9e	NOT_RUN	102.85714285714286	349.0	361.0	0	0	0	False	True	[]	False	True
GCF_900094835.1	Type_III	3	NA	#9e9e9e	NOT_RUN	102.85714285714286	364.0	376.0	0	0	0	False	True	[]	False	True
GCF_900094835.1	Type_IV	4	NA	#9e9e9e	NOT_RUN	102.85714285714286	379.0	391.0	0	0	0	False	True	[]	False	True
GCF_019576155.1	Type_I	1	NA	#9e9e9e	NOT_RUN	104.6938775510204	334.0	346.0	0	0	0	False	True	[]	False	True
GCF_019576155.1	Type_II	2	NA	#9e9e9e	NOT_RUN	104.6938775510204	349.0	361.0	0	0	0	False	True	[]	False	True
GCF_019576155.1	Type_III	3	NA	#9e9e9e	NOT_RUN	104.6938775510204	364.0	376.0	0	0	0	False	True	[]	False	True
GCF_019576155.1	Type_IV	4	NA	#9e9e9e	NOT_RUN	104.6938775510204	379.0	391.0	0	0	0	False	True	[]	False	True
GCF_054073565.1	Type_I	1	NA	#9e9e9e	NOT_RUN	106.53061224489794	334.0	346.0	0	0	0	False	True	[]	False	True
GCF_054073565.1	Type_II	2	NA	#9e9e9e	NOT_RUN	106.53061224489794	349.0	361.0	0	0	0	False	True	[]	False	True
GCF_054073565.1	Type_III	3	NA	#9e9e9e	NOT_RUN	106.53061224489794	364.0	376.0	0	0	0	False	True	[]	False	True
GCF_054073565.1	Type_IV	4	NA	#9e9e9e	NOT_RUN	106.53061224489794	379.0	391.0	0	0	0	False	True	[]	False	True
GCF_001438705.1	Type_I	1	NA	#9e9e9e	NOT_RUN	108.36734693877551	334.0	346.0	0	0	0	False	True	[]	False	True
GCF_001438705.1	Type_II	2	NA	#9e9e9e	NOT_RUN	108.36734693877551	349.0	361.0	0	0	0	False	True	[]	False	True
GCF_001438705.1	Type_III	3	NA	#9e9e9e	NOT_RUN	108.36734693877551	364.0	376.0	0	0	0	False	True	[]	False	True
GCF_001438705.1	Type_IV	4	NA	#9e9e9e	NOT_RUN	108.36734693877551	379.0	391.0	0	0	0	False	True	[]	False	True
GCF_002950695.1	Type_I	1	NA	#9e9e9e	NOT_RUN	110.20408163265306	334.0	346.0	0	0	0	False	True	[]	False	True
GCF_002950695.1	Type_II	2	NA	#9e9e9e	NOT_RUN	110.20408163265306	349.0	361.0	0	0	0	False	True	[]	False	True
GCF_002950695.1	Type_III	3	NA	#9e9e9e	NOT_RUN	110.20408163265306	364.0	376.0	0	0	0	False	True	[]	False	True
GCF_002950695.1	Type_IV	4	NA	#9e9e9e	NOT_RUN	110.20408163265306	379.0	391.0	0	0	0	False	True	[]	False	True
GCF_011304355.1	Type_I	1	NA	#9e9e9e	NOT_RUN	112.04081632653063	334.0	346.0	0	0	0	False	True	[]	False	True
GCF_011304355.1	Type_II	2	NA	#9e9e9e	NOT_RUN	112.04081632653063	349.0	361.0	0	0	0	False	True	[]	False	True
GCF_011304355.1	Type_III	3	NA	#9e9e9e	NOT_RUN	112.04081632653063	364.0	376.0	0	0	0	False	True	[]	False	True
GCF_011304355.1	Type_IV	4	NA	#9e9e9e	NOT_RUN	112.04081632653063	379.0	391.0	0	0	0	False	True	[]	False	True
GCF_014397255.1	Type_I	1	NA	#9e9e9e	NOT_RUN	113.87755102040818	334.0	346.0	0	0	0	False	True	[]	False	True
GCF_014397255.1	Type_II	2	NA	#9e9e9e	NOT_RUN	113.87755102040818	349.0	361.0	0	0	0	False	True	[]	False	True
GCF_014397255.1	Type_III	3	NA	#9e9e9e	NOT_RUN	113.87755102040818	364.0	376.0	0	0	0	False	True	[]	False	True
GCF_014397255.1	Type_IV	4	NA	#9e9e9e	NOT_RUN	113.87755102040818	379.0	391.0	0	0	0	False	True	[]	False	True
GCF_001761545.1	Type_I	1	NA	#9e9e9e	NOT_RUN	115.71428571428571	334.0	346.0	0	0	0	False	True	[]	False	True
GCF_001761545.1	Type_II	2	NA	#9e9e9e	NOT_RUN	115.71428571428571	349.0	361.0	0	0	0	False	True	[]	False	True
GCF_001761545.1	Type_III	3	NA	#9e9e9e	NOT_RUN	115.71428571428571	364.0	376.0	0	0	0	False	True	[]	False	True
GCF_001761545.1	Type_IV	4	NA	#9e9e9e	NOT_RUN	115.71428571428571	379.0	391.0	0	0	0	False	True	[]	False	True
GCF_000011045.1	Type_I	1	NA	#9e9e9e	NOT_RUN	117.55102040816325	334.0	346.0	0	0	0	False	True	[]	False	True
GCF_000011045.1	Type_II	2	NA	#9e9e9e	NOT_RUN	117.55102040816325	349.0	361.0	0	0	0	False	True	[]	False	True
GCF_000011045.1	Type_III	3	NA	#9e9e9e	NOT_RUN	117.55102040816325	364.0	376.0	0	0	0	False	True	[]	False	True
GCF_000011045.1	Type_IV	4	NA	#9e9e9e	NOT_RUN	117.55102040816325	379.0	391.0	0	0	0	False	True	[]	False	True
GCF_900636965.1	Type_I	1	NA	#9e9e9e	NOT_RUN	119.3877551020408	334.0	346.0	0	0	0	False	True	[]	False	True
GCF_900636965.1	Type_II	2	NA	#9e9e9e	NOT_RUN	119.3877551020408	349.0	361.0	0	0	0	False	True	[]	False	True
GCF_900636965.1	Type_III	3	NA	#9e9e9e	NOT_RUN	119.3877551020408	364.0	376.0	0	0	0	False	True	[]	False	True
GCF_900636965.1	Type_IV	4	NA	#9e9e9e	NOT_RUN	119.3877551020408	379.0	391.0	0	0	0	False	True	[]	False	True
GCF_029726355.1	Type_I	1	NA	#9e9e9e	NOT_RUN	121.22448979591837	334.0	346.0	0	0	0	False	True	[]	False	True
GCF_029726355.1	Type_II	2	NA	#9e9e9e	NOT_RUN	121.22448979591837	349.0	361.0	0	0	0	False	True	[]	False	True
GCF_029726355.1	Type_III	3	NA	#9e9e9e	NOT_RUN	121.22448979591837	364.0	376.0	0	0	0	False	True	[]	False	True
GCF_029726355.1	Type_IV	4	NA	#9e9e9e	NOT_RUN	121.22448979591837	379.0	391.0	0	0	0	False	True	[]	False	True
GCF_030770265.1	Type_I	1	NA	#9e9e9e	NOT_RUN	123.06122448979592	334.0	346.0	0	0	0	False	True	[]	False	True
GCF_030770265.1	Type_II	2	NA	#9e9e9e	NOT_RUN	123.06122448979592	349.0	361.0	0	0	0	False	True	[]	False	True
GCF_030770265.1	Type_III	3	NA	#9e9e9e	NOT_RUN	123.06122448979592	364.0	376.0	0	0	0	False	True	[]	False	True
GCF_030770265.1	Type_IV	4	NA	#9e9e9e	NOT_RUN	123.06122448979592	379.0	391.0	0	0	0	False	True	[]	False	True
GCF_030770295.1	Type_I	1	NA	#9e9e9e	NOT_RUN	124.89795918367348	334.0	346.0	0	0	0	False	True	[]	False	True
GCF_030770295.1	Type_II	2	NA	#9e9e9e	NOT_RUN	124.89795918367348	349.0	361.0	0	0	0	False	True	[]	False	True
GCF_030770295.1	Type_III	3	NA	#9e9e9e	NOT_RUN	124.89795918367348	364.0	376.0	0	0	0	False	True	[]	False	True
GCF_030770295.1	Type_IV	4	NA	#9e9e9e	NOT_RUN	124.89795918367348	379.0	391.0	0	0	0	False	True	[]	False	True
GCF_030770335.1	Type_I	1	NA	#9e9e9e	NOT_RUN	126.73469387755102	334.0	346.0	0	0	0	False	True	[]	False	True
GCF_030770335.1	Type_II	2	NA	#9e9e9e	NOT_RUN	126.73469387755102	349.0	361.0	0	0	0	False	True	[]	False	True
GCF_030770335.1	Type_III	3	NA	#9e9e9e	NOT_RUN	126.73469387755102	364.0	376.0	0	0	0	False	True	[]	False	True
GCF_030770335.1	Type_IV	4	NA	#9e9e9e	NOT_RUN	126.73469387755102	379.0	391.0	0	0	0	False	True	[]	False	True
GCF_000155515.2	Type_I	1	NA	#9e9e9e	NOT_RUN	128.57142857142858	334.0	346.0	0	0	0	False	True	[]	False	True
GCF_000155515.2	Type_II	2	NA	#9e9e9e	NOT_RUN	128.57142857142858	349.0	361.0	0	0	0	False	True	[]	False	True
GCF_000155515.2	Type_III	3	NA	#9e9e9e	NOT_RUN	128.57142857142858	364.0	376.0	0	0	0	False	True	[]	False	True
GCF_000155515.2	Type_IV	4	NA	#9e9e9e	NOT_RUN	128.57142857142858	379.0	391.0	0	0	0	False	True	[]	False	True
GCF_001434705.1	Type_I	1	NA	#9e9e9e	NOT_RUN	130.40816326530611	334.0	346.0	0	0	0	False	True	[]	False	True
GCF_001434705.1	Type_II	2	NA	#9e9e9e	NOT_RUN	130.40816326530611	349.0	361.0	0	0	0	False	True	[]	False	True
GCF_001434705.1	Type_III	3	NA	#9e9e9e	NOT_RUN	130.40816326530611	364.0	376.0	0	0	0	False	True	[]	False	True
GCF_001434705.1	Type_IV	4	NA	#9e9e9e	NOT_RUN	130.40816326530611	379.0	391.0	0	0	0	False	True	[]	False	True
GCF_009184845.1	Type_I	1	NA	#9e9e9e	NOT_RUN	132.24489795918367	334.0	346.0	0	0	0	False	True	[]	False	True
GCF_009184845.1	Type_II	2	NA	#9e9e9e	NOT_RUN	132.24489795918367	349.0	361.0	0	0	0	False	True	[]	False	True
GCF_009184845.1	Type_III	3	NA	#9e9e9e	NOT_RUN	132.24489795918367	364.0	376.0	0	0	0	False	True	[]	False	True
GCF_009184845.1	Type_IV	4	NA	#9e9e9e	NOT_RUN	132.24489795918367	379.0	391.0	0	0	0	False	True	[]	False	True
GCF_042847315.1	Type_I	1	NA	#9e9e9e	NOT_RUN	134.08163265306123	334.0	346.0	0	0	0	False	True	[]	False	True
GCF_042847315.1	Type_II	2	NA	#9e9e9e	NOT_RUN	134.08163265306123	349.0	361.0	0	0	0	False	True	[]	False	True
GCF_042847315.1	Type_III	3	NA	#9e9e9e	NOT_RUN	134.08163265306123	364.0	376.0	0	0	0	False	True	[]	False	True
GCF_042847315.1	Type_IV	4	NA	#9e9e9e	NOT_RUN	134.08163265306123	379.0	391.0	0	0	0	False	True	[]	False	True
GCF_054784775.1	Type_I	1	NA	#9e9e9e	NOT_RUN	135.91836734693877	334.0	346.0	0	0	0	False	True	[]	False	True
GCF_054784775.1	Type_II	2	NA	#9e9e9e	NOT_RUN	135.91836734693877	349.0	361.0	0	0	0	False	True	[]	False	True
GCF_054784775.1	Type_III	3	NA	#9e9e9e	NOT_RUN	135.91836734693877	364.0	376.0	0	0	0	False	True	[]	False	True
GCF_054784775.1	Type_IV	4	NA	#9e9e9e	NOT_RUN	135.91836734693877	379.0	391.0	0	0	0	False	True	[]	False	True
GCF_013407595.1	Type_I	1	NA	#9e9e9e	NOT_RUN	137.75510204081633	334.0	346.0	0	0	0	False	True	[]	False	True
GCF_013407595.1	Type_II	2	NA	#9e9e9e	NOT_RUN	137.75510204081633	349.0	361.0	0	0	0	False	True	[]	False	True
GCF_013407595.1	Type_III	3	NA	#9e9e9e	NOT_RUN	137.75510204081633	364.0	376.0	0	0	0	False	True	[]	False	True
GCF_013407595.1	Type_IV	4	NA	#9e9e9e	NOT_RUN	137.75510204081633	379.0	391.0	0	0	0	False	True	[]	False	True
GCF_025490915.1	Type_I	1	NA	#9e9e9e	NOT_RUN	139.59183673469389	334.0	346.0	0	0	0	False	True	[]	False	True
GCF_025490915.1	Type_II	2	NA	#9e9e9e	NOT_RUN	139.59183673469389	349.0	361.0	0	0	0	False	True	[]	False	True
GCF_025490915.1	Type_III	3	NA	#9e9e9e	NOT_RUN	139.59183673469389	364.0	376.0	0	0	0	False	True	[]	False	True
GCF_025490915.1	Type_IV	4	NA	#9e9e9e	NOT_RUN	139.59183673469389	379.0	391.0	0	0	0	False	True	[]	False	True
GCF_054785075.1	Type_I	1	NA	#9e9e9e	NOT_RUN	141.42857142857142	334.0	346.0	0	0	0	False	True	[]	False	True
GCF_054785075.1	Type_II	2	NA	#9e9e9e	NOT_RUN	141.42857142857142	349.0	361.0	0	0	0	False	True	[]	False	True
GCF_054785075.1	Type_III	3	NA	#9e9e9e	NOT_RUN	141.42857142857142	364.0	376.0	0	0	0	False	True	[]	False	True
GCF_054785075.1	Type_IV	4	NA	#9e9e9e	NOT_RUN	141.42857142857142	379.0	391.0	0	0	0	False	True	[]	False	True
GCF_036246225.1	Type_I	1	NA	#9e9e9e	NOT_RUN	143.26530612244898	334.0	346.0	0	0	0	False	True	[]	False	True
GCF_036246225.1	Type_II	2	NA	#9e9e9e	NOT_RUN	143.26530612244898	349.0	361.0	0	0	0	False	True	[]	False	True
GCF_036246225.1	Type_III	3	NA	#9e9e9e	NOT_RUN	143.26530612244898	364.0	376.0	0	0	0	False	True	[]	False	True
GCF_036246225.1	Type_IV	4	NA	#9e9e9e	NOT_RUN	143.26530612244898	379.0	391.0	0	0	0	False	True	[]	False	True
GCF_054452875.2	Type_I	1	NA	#9e9e9e	NOT_RUN	145.1020408163265	334.0	346.0	0	0	0	False	True	[]	False	True
GCF_054452875.2	Type_II	2	NA	#9e9e9e	NOT_RUN	145.1020408163265	349.0	361.0	0	0	0	False	True	[]	False	True
GCF_054452875.2	Type_III	3	NA	#9e9e9e	NOT_RUN	145.1020408163265	364.0	376.0	0	0	0	False	True	[]	False	True
GCF_054452875.2	Type_IV	4	NA	#9e9e9e	NOT_RUN	145.1020408163265	379.0	391.0	0	0	0	False	True	[]	False	True
GCF_001436135.1	Type_I	1	NA	#9e9e9e	NOT_RUN	146.93877551020407	334.0	346.0	0	0	0	False	True	[]	False	True
GCF_001436135.1	Type_II	2	NA	#9e9e9e	NOT_RUN	146.93877551020407	349.0	361.0	0	0	0	False	True	[]	False	True
GCF_001436135.1	Type_III	3	NA	#9e9e9e	NOT_RUN	146.93877551020407	364.0	376.0	0	0	0	False	True	[]	False	True
GCF_001436135.1	Type_IV	4	NA	#9e9e9e	NOT_RUN	146.93877551020407	379.0	391.0	0	0	0	False	True	[]	False	True
GCF_030480545.1	Type_I	1	NA	#9e9e9e	NOT_RUN	148.7755102040816	334.0	346.0	0	0	0	False	True	[]	False	True
GCF_030480545.1	Type_II	2	NA	#9e9e9e	NOT_RUN	148.7755102040816	349.0	361.0	0	0	0	False	True	[]	False	True
GCF_030480545.1	Type_III	3	NA	#9e9e9e	NOT_RUN	148.7755102040816	364.0	376.0	0	0	0	False	True	[]	False	True
GCF_030480545.1	Type_IV	4	NA	#9e9e9e	NOT_RUN	148.7755102040816	379.0	391.0	0	0	0	False	True	[]	False	True
GCF_028736235.1	Type_I	1	NA	#9e9e9e	NOT_RUN	150.6122448979592	334.0	346.0	0	0	0	False	True	[]	False	True
GCF_028736235.1	Type_II	2	NA	#9e9e9e	NOT_RUN	150.6122448979592	349.0	361.0	0	0	0	False	True	[]	False	True
GCF_028736235.1	Type_III	3	NA	#9e9e9e	NOT_RUN	150.6122448979592	364.0	376.0	0	0	0	False	True	[]	False	True
GCF_028736235.1	Type_IV	4	NA	#9e9e9e	NOT_RUN	150.6122448979592	379.0	391.0	0	0	0	False	True	[]	False	True
GCF_000014425.1	Type_I	1	NA	#9e9e9e	NOT_RUN	152.44897959183675	334.0	346.0	0	0	0	False	True	[]	False	True
GCF_000014425.1	Type_II	2	NA	#9e9e9e	NOT_RUN	152.44897959183675	349.0	361.0	0	0	0	False	True	[]	False	True
GCF_000014425.1	Type_III	3	NA	#9e9e9e	NOT_RUN	152.44897959183675	364.0	376.0	0	0	0	False	True	[]	False	True
GCF_000014425.1	Type_IV	4	NA	#9e9e9e	NOT_RUN	152.44897959183675	379.0	391.0	0	0	0	False	True	[]	False	True
GCF_003584685.1	Type_I	1	NA	#9e9e9e	NOT_RUN	154.28571428571428	334.0	346.0	0	0	0	False	True	[]	False	True
GCF_003584685.1	Type_II	2	NA	#9e9e9e	NOT_RUN	154.28571428571428	349.0	361.0	0	0	0	False	True	[]	False	True
GCF_003584685.1	Type_III	3	NA	#9e9e9e	NOT_RUN	154.28571428571428	364.0	376.0	0	0	0	False	True	[]	False	True
GCF_003584685.1	Type_IV	4	NA	#9e9e9e	NOT_RUN	154.28571428571428	379.0	391.0	0	0	0	False	True	[]	False	True
GCF_947539375.1	Type_I	1	NA	#9e9e9e	NOT_RUN	156.12244897959184	334.0	346.0	0	0	0	False	True	[]	False	True
GCF_947539375.1	Type_II	2	NA	#9e9e9e	NOT_RUN	156.12244897959184	349.0	361.0	0	0	0	False	True	[]	False	True
GCF_947539375.1	Type_III	3	NA	#9e9e9e	NOT_RUN	156.12244897959184	364.0	376.0	0	0	0	False	True	[]	False	True
GCF_947539375.1	Type_IV	4	NA	#9e9e9e	NOT_RUN	156.12244897959184	379.0	391.0	0	0	0	False	True	[]	False	True
GCF_017894345.1	Type_I	1	NA	#9e9e9e	NOT_RUN	157.95918367346937	334.0	346.0	0	0	0	False	True	[]	False	True
GCF_017894345.1	Type_II	2	NA	#9e9e9e	NOT_RUN	157.95918367346937	349.0	361.0	0	0	0	False	True	[]	False	True
GCF_017894345.1	Type_III	3	NA	#9e9e9e	NOT_RUN	157.95918367346937	364.0	376.0	0	0	0	False	True	[]	False	True
GCF_017894345.1	Type_IV	4	NA	#9e9e9e	NOT_RUN	157.95918367346937	379.0	391.0	0	0	0	False	True	[]	False	True
GCF_011058775.1	Type_I	1	NA	#9e9e9e	NOT_RUN	159.79591836734696	334.0	346.0	0	0	0	False	True	[]	False	True
GCF_011058775.1	Type_II	2	NA	#9e9e9e	NOT_RUN	159.79591836734696	349.0	361.0	0	0	0	False	True	[]	False	True
GCF_011058775.1	Type_III	3	NA	#9e9e9e	NOT_RUN	159.79591836734696	364.0	376.0	0	0	0	False	True	[]	False	True
GCF_011058775.1	Type_IV	4	NA	#9e9e9e	NOT_RUN	159.79591836734696	379.0	391.0	0	0	0	False	True	[]	False	True
GCF_000015385.1	Type_I	1	NA	#9e9e9e	NOT_RUN	161.63265306122452	334.0	346.0	0	0	0	False	True	[]	False	True
GCF_000015385.1	Type_II	2	NA	#9e9e9e	NOT_RUN	161.63265306122452	349.0	361.0	0	0	0	False	True	[]	False	True
GCF_000015385.1	Type_III	3	NA	#9e9e9e	NOT_RUN	161.63265306122452	364.0	376.0	0	0	0	False	True	[]	False	True
GCF_000015385.1	Type_IV	4	NA	#9e9e9e	NOT_RUN	161.63265306122452	379.0	391.0	0	0	0	False	True	[]	False	True
GCF_046109915.1	Type_I	1	NA	#9e9e9e	NOT_RUN	163.46938775510205	334.0	346.0	0	0	0	False	True	[]	False	True
GCF_046109915.1	Type_II	2	NA	#9e9e9e	NOT_RUN	163.46938775510205	349.0	361.0	0	0	0	False	True	[]	False	True
GCF_046109915.1	Type_III	3	NA	#9e9e9e	NOT_RUN	163.46938775510205	364.0	376.0	0	0	0	False	True	[]	False	True
GCF_046109915.1	Type_IV	4	NA	#9e9e9e	NOT_RUN	163.46938775510205	379.0	391.0	0	0	0	False	True	[]	False	True
GCF_014656585.1	Type_I	1	NA	#9e9e9e	NOT_RUN	165.3061224489796	334.0	346.0	0	0	0	False	True	[]	False	True
GCF_014656585.1	Type_II	2	NA	#9e9e9e	NOT_RUN	165.3061224489796	349.0	361.0	0	0	0	False	True	[]	False	True
GCF_014656585.1	Type_III	3	NA	#9e9e9e	NOT_RUN	165.3061224489796	364.0	376.0	0	0	0	False	True	[]	False	True
GCF_014656585.1	Type_IV	4	NA	#9e9e9e	NOT_RUN	165.3061224489796	379.0	391.0	0	0	0	False	True	[]	False	True
GCF_016647595.1	Type_I	1	NA	#9e9e9e	NOT_RUN	167.14285714285714	334.0	346.0	0	0	0	False	True	[]	False	True
GCF_016647595.1	Type_II	2	NA	#9e9e9e	NOT_RUN	167.14285714285714	349.0	361.0	0	0	0	False	True	[]	False	True
GCF_016647595.1	Type_III	3	NA	#9e9e9e	NOT_RUN	167.14285714285714	364.0	376.0	0	0	0	False	True	[]	False	True
GCF_016647595.1	Type_IV	4	NA	#9e9e9e	NOT_RUN	167.14285714285714	379.0	391.0	0	0	0	False	True	[]	False	True
GCF_055502585.1	Type_I	1	NA	#9e9e9e	NOT_RUN	168.9795918367347	334.0	346.0	0	0	0	False	True	[]	False	True
GCF_055502585.1	Type_II	2	NA	#9e9e9e	NOT_RUN	168.9795918367347	349.0	361.0	0	0	0	False	True	[]	False	True
GCF_055502585.1	Type_III	3	NA	#9e9e9e	NOT_RUN	168.9795918367347	364.0	376.0	0	0	0	False	True	[]	False	True
GCF_055502585.1	Type_IV	4	NA	#9e9e9e	NOT_RUN	168.9795918367347	379.0	391.0	0	0	0	False	True	[]	False	True
GCF_003999355.1	Type_I	1	NA	#9e9e9e	NOT_RUN	170.8163265306123	334.0	346.0	0	0	0	False	True	[]	False	True
GCF_003999355.1	Type_II	2	NA	#9e9e9e	NOT_RUN	170.8163265306123	349.0	361.0	0	0	0	False	True	[]	False	True
GCF_003999355.1	Type_III	3	NA	#9e9e9e	NOT_RUN	170.8163265306123	364.0	376.0	0	0	0	False	True	[]	False	True
GCF_003999355.1	Type_IV	4	NA	#9e9e9e	NOT_RUN	170.8163265306123	379.0	391.0	0	0	0	False	True	[]	False	True
GCF_024397795.1	Type_I	1	NA	#9e9e9e	NOT_RUN	172.65306122448982	334.0	346.0	0	0	0	False	True	[]	False	True
GCF_024397795.1	Type_II	2	NA	#9e9e9e	NOT_RUN	172.65306122448982	349.0	361.0	0	0	0	False	True	[]	False	True
GCF_024397795.1	Type_III	3	NA	#9e9e9e	NOT_RUN	172.65306122448982	364.0	376.0	0	0	0	False	True	[]	False	True
GCF_024397795.1	Type_IV	4	NA	#9e9e9e	NOT_RUN	172.65306122448982	379.0	391.0	0	0	0	False	True	[]	False	True
GCF_003150935.1	Type_I	1	NA	#9e9e9e	NOT_RUN	174.48979591836738	334.0	346.0	0	0	0	False	True	[]	False	True
GCF_003150935.1	Type_II	2	NA	#9e9e9e	NOT_RUN	174.48979591836738	349.0	361.0	0	0	0	False	True	[]	False	True
GCF_003150935.1	Type_III	3	NA	#9e9e9e	NOT_RUN	174.48979591836738	364.0	376.0	0	0	0	False	True	[]	False	True
GCF_003150935.1	Type_IV	4	NA	#9e9e9e	NOT_RUN	174.48979591836738	379.0	391.0	0	0	0	False	True	[]	False	True
GCF_019469265.1	Type_I	1	NA	#9e9e9e	NOT_RUN	176.3265306122449	334.0	346.0	0	0	0	False	True	[]	False	True
GCF_019469265.1	Type_II	2	NA	#9e9e9e	NOT_RUN	176.3265306122449	349.0	361.0	0	0	0	False	True	[]	False	True
GCF_019469265.1	Type_III	3	NA	#9e9e9e	NOT_RUN	176.3265306122449	364.0	376.0	0	0	0	False	True	[]	False	True
GCF_019469265.1	Type_IV	4	NA	#9e9e9e	NOT_RUN	176.3265306122449	379.0	391.0	0	0	0	False	True	[]	False	True
GCF_003151025.1	Type_I	1	NA	#9e9e9e	NOT_RUN	178.16326530612247	334.0	346.0	0	0	0	False	True	[]	False	True
GCF_003151025.1	Type_II	2	NA	#9e9e9e	NOT_RUN	178.16326530612247	349.0	361.0	0	0	0	False	True	[]	False	True
GCF_003151025.1	Type_III	3	NA	#9e9e9e	NOT_RUN	178.16326530612247	364.0	376.0	0	0	0	False	True	[]	False	True
GCF_003151025.1	Type_IV	4	NA	#9e9e9e	NOT_RUN	178.16326530612247	379.0	391.0	0	0	0	False	True	[]	False	True
GCF_003173695.1	Type_I	1	NA	#9e9e9e	NOT_RUN	180.0	334.0	346.0	0	0	0	False	True	[]	False	True
GCF_003173695.1	Type_II	2	NA	#9e9e9e	NOT_RUN	180.0	349.0	361.0	0	0	0	False	True	[]	False	True
GCF_003173695.1	Type_III	3	NA	#9e9e9e	NOT_RUN	180.0	364.0	376.0	0	0	0	False	True	[]	False	True
GCF_003173695.1	Type_IV	4	NA	#9e9e9e	NOT_RUN	180.0	379.0	391.0	0	0	0	False	True	[]	False	True
GCF_008831485.1	Type_I	1	NA	#9e9e9e	NOT_RUN	181.83673469387753	334.0	346.0	0	0	0	False	True	[]	False	True
GCF_008831485.1	Type_II	2	NA	#9e9e9e	NOT_RUN	181.83673469387753	349.0	361.0	0	0	0	False	True	[]	False	True
GCF_008831485.1	Type_III	3	NA	#9e9e9e	NOT_RUN	181.83673469387753	364.0	376.0	0	0	0	False	True	[]	False	True
GCF_008831485.1	Type_IV	4	NA	#9e9e9e	NOT_RUN	181.83673469387753	379.0	391.0	0	0	0	False	True	[]	False	True
GCF_001888925.1	Type_I	1	NA	#9e9e9e	NOT_RUN	183.6734693877551	334.0	346.0	0	0	0	False	True	[]	False	True
GCF_001888925.1	Type_II	2	NA	#9e9e9e	NOT_RUN	183.6734693877551	349.0	361.0	0	0	0	False	True	[]	False	True
GCF_001888925.1	Type_III	3	NA	#9e9e9e	NOT_RUN	183.6734693877551	364.0	376.0	0	0	0	False	True	[]	False	True
GCF_001888925.1	Type_IV	4	NA	#9e9e9e	NOT_RUN	183.6734693877551	379.0	391.0	0	0	0	False	True	[]	False	True
GCF_042997415.1	Type_I	1	NA	#9e9e9e	NOT_RUN	185.51020408163262	334.0	346.0	0	0	0	False	True	[]	False	True
GCF_042997415.1	Type_II	2	NA	#9e9e9e	NOT_RUN	185.51020408163262	349.0	361.0	0	0	0	False	True	[]	False	True
GCF_042997415.1	Type_III	3	NA	#9e9e9e	NOT_RUN	185.51020408163262	364.0	376.0	0	0	0	False	True	[]	False	True
GCF_042997415.1	Type_IV	4	NA	#9e9e9e	NOT_RUN	185.51020408163262	379.0	391.0	0	0	0	False	True	[]	False	True
GCF_009856565.1	Type_I	1	NA	#9e9e9e	NOT_RUN	187.34693877551018	334.0	346.0	0	0	0	False	True	[]	False	True
GCF_009856565.1	Type_II	2	NA	#9e9e9e	NOT_RUN	187.34693877551018	349.0	361.0	0	0	0	False	True	[]	False	True
GCF_009856565.1	Type_III	3	NA	#9e9e9e	NOT_RUN	187.34693877551018	364.0	376.0	0	0	0	False	True	[]	False	True
GCF_009856565.1	Type_IV	4	NA	#9e9e9e	NOT_RUN	187.34693877551018	379.0	391.0	0	0	0	False	True	[]	False	True
GCF_029866985.1	Type_I	1	NA	#9e9e9e	NOT_RUN	189.1836734693877	334.0	346.0	0	0	0	False	True	[]	False	True
GCF_029866985.1	Type_II	2	NA	#9e9e9e	NOT_RUN	189.1836734693877	349.0	361.0	0	0	0	False	True	[]	False	True
GCF_029866985.1	Type_III	3	NA	#9e9e9e	NOT_RUN	189.1836734693877	364.0	376.0	0	0	0	False	True	[]	False	True
GCF_029866985.1	Type_IV	4	NA	#9e9e9e	NOT_RUN	189.1836734693877	379.0	391.0	0	0	0	False	True	[]	False	True
GCF_056269605.1	Type_I	1	NA	#9e9e9e	NOT_RUN	191.0204081632653	334.0	346.0	0	0	0	False	True	[]	False	True
GCF_056269605.1	Type_II	2	NA	#9e9e9e	NOT_RUN	191.0204081632653	349.0	361.0	0	0	0	False	True	[]	False	True
GCF_056269605.1	Type_III	3	NA	#9e9e9e	NOT_RUN	191.0204081632653	364.0	376.0	0	0	0	False	True	[]	False	True
GCF_056269605.1	Type_IV	4	NA	#9e9e9e	NOT_RUN	191.0204081632653	379.0	391.0	0	0	0	False	True	[]	False	True
GCF_041509385.1	Type_I	1	NA	#9e9e9e	NOT_RUN	192.85714285714286	334.0	346.0	0	0	0	False	True	[]	False	True
GCF_041509385.1	Type_II	2	NA	#9e9e9e	NOT_RUN	192.85714285714286	349.0	361.0	0	0	0	False	True	[]	False	True
GCF_041509385.1	Type_III	3	NA	#9e9e9e	NOT_RUN	192.85714285714286	364.0	376.0	0	0	0	False	True	[]	False	True
GCF_041509385.1	Type_IV	4	NA	#9e9e9e	NOT_RUN	192.85714285714286	379.0	391.0	0	0	0	False	True	[]	False	True
GCF_041514285.1	Type_I	1	NA	#9e9e9e	NOT_RUN	194.6938775510204	334.0	346.0	0	0	0	False	True	[]	False	True
GCF_041514285.1	Type_II	2	NA	#9e9e9e	NOT_RUN	194.6938775510204	349.0	361.0	0	0	0	False	True	[]	False	True
GCF_041514285.1	Type_III	3	NA	#9e9e9e	NOT_RUN	194.6938775510204	364.0	376.0	0	0	0	False	True	[]	False	True
GCF_041514285.1	Type_IV	4	NA	#9e9e9e	NOT_RUN	194.6938775510204	379.0	391.0	0	0	0	False	True	[]	False	True
GCF_041893975.1	Type_I	1	NA	#9e9e9e	NOT_RUN	196.53061224489795	334.0	346.0	0	0	0	False	True	[]	False	True
GCF_041893975.1	Type_II	2	NA	#9e9e9e	NOT_RUN	196.53061224489795	349.0	361.0	0	0	0	False	True	[]	False	True
GCF_041893975.1	Type_III	3	NA	#9e9e9e	NOT_RUN	196.53061224489795	364.0	376.0	0	0	0	False	True	[]	False	True
GCF_041893975.1	Type_IV	4	NA	#9e9e9e	NOT_RUN	196.53061224489795	379.0	391.0	0	0	0	False	True	[]	False	True
GCF_041514295.1	Type_I	1	NA	#9e9e9e	NOT_RUN	198.36734693877548	334.0	346.0	0	0	0	False	True	[]	False	True
GCF_041514295.1	Type_II	2	NA	#9e9e9e	NOT_RUN	198.36734693877548	349.0	361.0	0	0	0	False	True	[]	False	True
GCF_041514295.1	Type_III	3	NA	#9e9e9e	NOT_RUN	198.36734693877548	364.0	376.0	0	0	0	False	True	[]	False	True
GCF_041514295.1	Type_IV	4	NA	#9e9e9e	NOT_RUN	198.36734693877548	379.0	391.0	0	0	0	False	True	[]	False	True
GCF_020844005.1	Type_I	1	NA	#9e9e9e	NOT_RUN	200.20408163265307	334.0	346.0	0	0	0	False	True	[]	False	True
GCF_020844005.1	Type_II	2	NA	#9e9e9e	NOT_RUN	200.20408163265307	349.0	361.0	0	0	0	False	True	[]	False	True
GCF_020844005.1	Type_III	3	NA	#9e9e9e	NOT_RUN	200.20408163265307	364.0	376.0	0	0	0	False	True	[]	False	True
GCF_020844005.1	Type_IV	4	NA	#9e9e9e	NOT_RUN	200.20408163265307	379.0	391.0	0	0	0	False	True	[]	False	True
GCF_052569745.1	Type_I	1	NA	#9e9e9e	NOT_RUN	202.04081632653063	334.0	346.0	0	0	0	False	True	[]	False	True
GCF_052569745.1	Type_II	2	NA	#9e9e9e	NOT_RUN	202.04081632653063	349.0	361.0	0	0	0	False	True	[]	False	True
GCF_052569745.1	Type_III	3	NA	#9e9e9e	NOT_RUN	202.04081632653063	364.0	376.0	0	0	0	False	True	[]	False	True
GCF_052569745.1	Type_IV	4	NA	#9e9e9e	NOT_RUN	202.04081632653063	379.0	391.0	0	0	0	False	True	[]	False	True
GCF_052570115.1	Type_I	1	NA	#9e9e9e	NOT_RUN	203.87755102040816	334.0	346.0	0	0	0	False	True	[]	False	True
GCF_052570115.1	Type_II	2	NA	#9e9e9e	NOT_RUN	203.87755102040816	349.0	361.0	0	0	0	False	True	[]	False	True
GCF_052570115.1	Type_III	3	NA	#9e9e9e	NOT_RUN	203.87755102040816	364.0	376.0	0	0	0	False	True	[]	False	True
GCF_052570115.1	Type_IV	4	NA	#9e9e9e	NOT_RUN	203.87755102040816	379.0	391.0	0	0	0	False	True	[]	False	True
GCF_052571685.1	Type_I	1	NA	#9e9e9e	NOT_RUN	205.71428571428572	334.0	346.0	0	0	0	False	True	[]	False	True
GCF_052571685.1	Type_II	2	NA	#9e9e9e	NOT_RUN	205.71428571428572	349.0	361.0	0	0	0	False	True	[]	False	True
GCF_052571685.1	Type_III	3	NA	#9e9e9e	NOT_RUN	205.71428571428572	364.0	376.0	0	0	0	False	True	[]	False	True
GCF_052571685.1	Type_IV	4	NA	#9e9e9e	NOT_RUN	205.71428571428572	379.0	391.0	0	0	0	False	True	[]	False	True
GCF_903891025.1	Type_I	1	NA	#9e9e9e	NOT_RUN	207.55102040816325	334.0	346.0	0	0	0	False	True	[]	False	True
GCF_903891025.1	Type_II	2	NA	#9e9e9e	NOT_RUN	207.55102040816325	349.0	361.0	0	0	0	False	True	[]	False	True
GCF_903891025.1	Type_III	3	NA	#9e9e9e	NOT_RUN	207.55102040816325	364.0	376.0	0	0	0	False	True	[]	False	True
GCF_903891025.1	Type_IV	4	NA	#9e9e9e	NOT_RUN	207.55102040816325	379.0	391.0	0	0	0	False	True	[]	False	True
GCF_903885985.1	Type_I	1	NA	#9e9e9e	NOT_RUN	209.3877551020408	334.0	346.0	0	0	0	False	True	[]	False	True
GCF_903885985.1	Type_II	2	NA	#9e9e9e	NOT_RUN	209.3877551020408	349.0	361.0	0	0	0	False	True	[]	False	True
GCF_903885985.1	Type_III	3	NA	#9e9e9e	NOT_RUN	209.3877551020408	364.0	376.0	0	0	0	False	True	[]	False	True
GCF_903885985.1	Type_IV	4	NA	#9e9e9e	NOT_RUN	209.3877551020408	379.0	391.0	0	0	0	False	True	[]	False	True
GCF_903886345.1	Type_I	1	NA	#9e9e9e	NOT_RUN	211.22448979591834	334.0	346.0	0	0	0	False	True	[]	False	True
GCF_903886345.1	Type_II	2	NA	#9e9e9e	NOT_RUN	211.22448979591834	349.0	361.0	0	0	0	False	True	[]	False	True
GCF_903886345.1	Type_III	3	NA	#9e9e9e	NOT_RUN	211.22448979591834	364.0	376.0	0	0	0	False	True	[]	False	True
GCF_903886345.1	Type_IV	4	NA	#9e9e9e	NOT_RUN	211.22448979591834	379.0	391.0	0	0	0	False	True	[]	False	True
GCF_025948295.1	Type_I	1	NA	#9e9e9e	NOT_RUN	213.06122448979588	334.0	346.0	0	0	0	False	True	[]	False	True
GCF_025948295.1	Type_II	2	NA	#9e9e9e	NOT_RUN	213.06122448979588	349.0	361.0	0	0	0	False	True	[]	False	True
GCF_025948295.1	Type_III	3	NA	#9e9e9e	NOT_RUN	213.06122448979588	364.0	376.0	0	0	0	False	True	[]	False	True
GCF_025948295.1	Type_IV	4	NA	#9e9e9e	NOT_RUN	213.06122448979588	379.0	391.0	0	0	0	False	True	[]	False	True
GCF_024334065.1	Type_I	1	NA	#9e9e9e	NOT_RUN	214.8979591836735	334.0	346.0	0	0	0	False	True	[]	False	True
GCF_024334065.1	Type_II	2	NA	#9e9e9e	NOT_RUN	214.8979591836735	349.0	361.0	0	0	0	False	True	[]	False	True
GCF_024334065.1	Type_III	3	NA	#9e9e9e	NOT_RUN	214.8979591836735	364.0	376.0	0	0	0	False	True	[]	False	True
GCF_024334065.1	Type_IV	4	NA	#9e9e9e	NOT_RUN	214.8979591836735	379.0	391.0	0	0	0	False	True	[]	False	True
GCF_057786735.1	Type_I	1	NA	#9e9e9e	NOT_RUN	216.73469387755102	334.0	346.0	0	0	0	False	True	[]	False	True
GCF_057786735.1	Type_II	2	NA	#9e9e9e	NOT_RUN	216.73469387755102	349.0	361.0	0	0	0	False	True	[]	False	True
GCF_057786735.1	Type_III	3	NA	#9e9e9e	NOT_RUN	216.73469387755102	364.0	376.0	0	0	0	False	True	[]	False	True
GCF_057786735.1	Type_IV	4	NA	#9e9e9e	NOT_RUN	216.73469387755102	379.0	391.0	0	0	0	False	True	[]	False	True
GCF_025739325.1	Type_I	1	NA	#9e9e9e	NOT_RUN	218.57142857142858	334.0	346.0	0	0	0	False	True	[]	False	True
GCF_025739325.1	Type_II	2	NA	#9e9e9e	NOT_RUN	218.57142857142858	349.0	361.0	0	0	0	False	True	[]	False	True
GCF_025739325.1	Type_III	3	NA	#9e9e9e	NOT_RUN	218.57142857142858	364.0	376.0	0	0	0	False	True	[]	False	True
GCF_025739325.1	Type_IV	4	NA	#9e9e9e	NOT_RUN	218.57142857142858	379.0	391.0	0	0	0	False	True	[]	False	True
GCF_039783785.1	Type_I	1	NA	#9e9e9e	NOT_RUN	220.40816326530611	334.0	346.0	0	0	0	False	True	[]	False	True
GCF_039783785.1	Type_II	2	NA	#9e9e9e	NOT_RUN	220.40816326530611	349.0	361.0	0	0	0	False	True	[]	False	True
GCF_039783785.1	Type_III	3	NA	#9e9e9e	NOT_RUN	220.40816326530611	364.0	376.0	0	0	0	False	True	[]	False	True
GCF_039783785.1	Type_IV	4	NA	#9e9e9e	NOT_RUN	220.40816326530611	379.0	391.0	0	0	0	False	True	[]	False	True
GCF_903886475.1	Type_I	1	NA	#9e9e9e	NOT_RUN	222.24489795918365	334.0	346.0	0	0	0	False	True	[]	False	True
GCF_903886475.1	Type_II	2	NA	#9e9e9e	NOT_RUN	222.24489795918365	349.0	361.0	0	0	0	False	True	[]	False	True
GCF_903886475.1	Type_III	3	NA	#9e9e9e	NOT_RUN	222.24489795918365	364.0	376.0	0	0	0	False	True	[]	False	True
GCF_903886475.1	Type_IV	4	NA	#9e9e9e	NOT_RUN	222.24489795918365	379.0	391.0	0	0	0	False	True	[]	False	True
GCF_903891205.1	Type_I	1	NA	#9e9e9e	NOT_RUN	224.0816326530612	334.0	346.0	0	0	0	False	True	[]	False	True
GCF_903891205.1	Type_II	2	NA	#9e9e9e	NOT_RUN	224.0816326530612	349.0	361.0	0	0	0	False	True	[]	False	True
GCF_903891205.1	Type_III	3	NA	#9e9e9e	NOT_RUN	224.0816326530612	364.0	376.0	0	0	0	False	True	[]	False	True
GCF_903891205.1	Type_IV	4	NA	#9e9e9e	NOT_RUN	224.0816326530612	379.0	391.0	0	0	0	False	True	[]	False	True
GCF_038049945.1	Type_I	1	NA	#9e9e9e	NOT_RUN	225.91836734693874	334.0	346.0	0	0	0	False	True	[]	False	True
GCF_038049945.1	Type_II	2	NA	#9e9e9e	NOT_RUN	225.91836734693874	349.0	361.0	0	0	0	False	True	[]	False	True
GCF_038049945.1	Type_III	3	NA	#9e9e9e	NOT_RUN	225.91836734693874	364.0	376.0	0	0	0	False	True	[]	False	True
GCF_038049945.1	Type_IV	4	NA	#9e9e9e	NOT_RUN	225.91836734693874	379.0	391.0	0	0	0	False	True	[]	False	True
GCF_039783225.1	Type_I	1	NA	#9e9e9e	NOT_RUN	227.7551020408163	334.0	346.0	0	0	0	False	True	[]	False	True
GCF_039783225.1	Type_II	2	NA	#9e9e9e	NOT_RUN	227.7551020408163	349.0	361.0	0	0	0	False	True	[]	False	True
GCF_039783225.1	Type_III	3	NA	#9e9e9e	NOT_RUN	227.7551020408163	364.0	376.0	0	0	0	False	True	[]	False	True
GCF_039783225.1	Type_IV	4	NA	#9e9e9e	NOT_RUN	227.7551020408163	379.0	391.0	0	0	0	False	True	[]	False	True
GCF_000269925.1	Type_I	1	NA	#9e9e9e	NOT_RUN	229.59183673469383	334.0	346.0	0	0	0	False	True	[]	False	True
GCF_000269925.1	Type_II	2	NA	#9e9e9e	NOT_RUN	229.59183673469383	349.0	361.0	0	0	0	False	True	[]	False	True
GCF_000269925.1	Type_III	3	NA	#9e9e9e	NOT_RUN	229.59183673469383	364.0	376.0	0	0	0	False	True	[]	False	True
GCF_000269925.1	Type_IV	4	NA	#9e9e9e	NOT_RUN	229.59183673469383	379.0	391.0	0	0	0	False	True	[]	False	True
GCF_000269945.1	Type_I	1	NA	#9e9e9e	NOT_RUN	231.4285714285714	334.0	346.0	0	0	0	False	True	[]	False	True
GCF_000269945.1	Type_II	2	NA	#9e9e9e	NOT_RUN	231.4285714285714	349.0	361.0	0	0	0	False	True	[]	False	True
GCF_000269945.1	Type_III	3	NA	#9e9e9e	NOT_RUN	231.4285714285714	364.0	376.0	0	0	0	False	True	[]	False	True
GCF_000269945.1	Type_IV	4	NA	#9e9e9e	NOT_RUN	231.4285714285714	379.0	391.0	0	0	0	False	True	[]	False	True
GCF_023499275.1	Type_I	1	NA	#9e9e9e	NOT_RUN	233.26530612244892	334.0	346.0	0	0	0	False	True	[]	False	True
GCF_023499275.1	Type_II	2	NA	#9e9e9e	NOT_RUN	233.26530612244892	349.0	361.0	0	0	0	False	True	[]	False	True
GCF_023499275.1	Type_III	3	NA	#9e9e9e	NOT_RUN	233.26530612244892	364.0	376.0	0	0	0	False	True	[]	False	True
GCF_023499275.1	Type_IV	4	NA	#9e9e9e	NOT_RUN	233.26530612244892	379.0	391.0	0	0	0	False	True	[]	False	True
GCF_037891785.1	Type_I	1	NA	#9e9e9e	NOT_RUN	235.10204081632656	334.0	346.0	0	0	0	False	True	[]	False	True
GCF_037891785.1	Type_II	2	NA	#9e9e9e	NOT_RUN	235.10204081632656	349.0	361.0	0	0	0	False	True	[]	False	True
GCF_037891785.1	Type_III	3	NA	#9e9e9e	NOT_RUN	235.10204081632656	364.0	376.0	0	0	0	False	True	[]	False	True
GCF_037891785.1	Type_IV	4	NA	#9e9e9e	NOT_RUN	235.10204081632656	379.0	391.0	0	0	0	False	True	[]	False	True
GCF_039645515.1	Type_I	1	NA	#9e9e9e	NOT_RUN	236.9387755102041	334.0	346.0	0	0	0	False	True	[]	False	True
GCF_039645515.1	Type_II	2	NA	#9e9e9e	NOT_RUN	236.9387755102041	349.0	361.0	0	0	0	False	True	[]	False	True
GCF_039645515.1	Type_III	3	NA	#9e9e9e	NOT_RUN	236.9387755102041	364.0	376.0	0	0	0	False	True	[]	False	True
GCF_039645515.1	Type_IV	4	NA	#9e9e9e	NOT_RUN	236.9387755102041	379.0	391.0	0	0	0	False	True	[]	False	True
GCF_037892375.1	Type_I	1	NA	#9e9e9e	NOT_RUN	238.77551020408166	334.0	346.0	0	0	0	False	True	[]	False	True
GCF_037892375.1	Type_II	2	NA	#9e9e9e	NOT_RUN	238.77551020408166	349.0	361.0	0	0	0	False	True	[]	False	True
GCF_037892375.1	Type_III	3	NA	#9e9e9e	NOT_RUN	238.77551020408166	364.0	376.0	0	0	0	False	True	[]	False	True
GCF_037892375.1	Type_IV	4	NA	#9e9e9e	NOT_RUN	238.77551020408166	379.0	391.0	0	0	0	False	True	[]	False	True
GCF_039645575.1	Type_I	1	NA	#9e9e9e	NOT_RUN	240.6122448979592	334.0	346.0	0	0	0	False	True	[]	False	True
GCF_039645575.1	Type_II	2	NA	#9e9e9e	NOT_RUN	240.6122448979592	349.0	361.0	0	0	0	False	True	[]	False	True
GCF_039645575.1	Type_III	3	NA	#9e9e9e	NOT_RUN	240.6122448979592	364.0	376.0	0	0	0	False	True	[]	False	True
GCF_039645575.1	Type_IV	4	NA	#9e9e9e	NOT_RUN	240.6122448979592	379.0	391.0	0	0	0	False	True	[]	False	True
GCF_041225485.1	Type_I	1	NA	#9e9e9e	NOT_RUN	242.44897959183675	334.0	346.0	0	0	0	False	True	[]	False	True
GCF_041225485.1	Type_II	2	NA	#9e9e9e	NOT_RUN	242.44897959183675	349.0	361.0	0	0	0	False	True	[]	False	True
GCF_041225485.1	Type_III	3	NA	#9e9e9e	NOT_RUN	242.44897959183675	364.0	376.0	0	0	0	False	True	[]	False	True
GCF_041225485.1	Type_IV	4	NA	#9e9e9e	NOT_RUN	242.44897959183675	379.0	391.0	0	0	0	False	True	[]	False	True
GCF_041225605.1	Type_I	1	NA	#9e9e9e	NOT_RUN	244.28571428571428	334.0	346.0	0	0	0	False	True	[]	False	True
GCF_041225605.1	Type_II	2	NA	#9e9e9e	NOT_RUN	244.28571428571428	349.0	361.0	0	0	0	False	True	[]	False	True
GCF_041225605.1	Type_III	3	NA	#9e9e9e	NOT_RUN	244.28571428571428	364.0	376.0	0	0	0	False	True	[]	False	True
GCF_041225605.1	Type_IV	4	NA	#9e9e9e	NOT_RUN	244.28571428571428	379.0	391.0	0	0	0	False	True	[]	False	True
GCF_045760565.1	Type_I	1	NA	#9e9e9e	NOT_RUN	246.12244897959184	334.0	346.0	0	0	0	False	True	[]	False	True
GCF_045760565.1	Type_II	2	NA	#9e9e9e	NOT_RUN	246.12244897959184	349.0	361.0	0	0	0	False	True	[]	False	True
GCF_045760565.1	Type_III	3	NA	#9e9e9e	NOT_RUN	246.12244897959184	364.0	376.0	0	0	0	False	True	[]	False	True
GCF_045760565.1	Type_IV	4	NA	#9e9e9e	NOT_RUN	246.12244897959184	379.0	391.0	0	0	0	False	True	[]	False	True
GCF_016919665.1	Type_I	1	NA	#9e9e9e	NOT_RUN	247.95918367346937	334.0	346.0	0	0	0	False	True	[]	False	True
GCF_016919665.1	Type_II	2	NA	#9e9e9e	NOT_RUN	247.95918367346937	349.0	361.0	0	0	0	False	True	[]	False	True
GCF_016919665.1	Type_III	3	NA	#9e9e9e	NOT_RUN	247.95918367346937	364.0	376.0	0	0	0	False	True	[]	False	True
GCF_016919665.1	Type_IV	4	NA	#9e9e9e	NOT_RUN	247.95918367346937	379.0	391.0	0	0	0	False	True	[]	False	True
GCF_017068355.1	Type_I	1	NA	#9e9e9e	NOT_RUN	249.79591836734693	334.0	346.0	0	0	0	False	True	[]	False	True
GCF_017068355.1	Type_II	2	NA	#9e9e9e	NOT_RUN	249.79591836734693	349.0	361.0	0	0	0	False	True	[]	False	True
GCF_017068355.1	Type_III	3	NA	#9e9e9e	NOT_RUN	249.79591836734693	364.0	376.0	0	0	0	False	True	[]	False	True
GCF_017068355.1	Type_IV	4	NA	#9e9e9e	NOT_RUN	249.79591836734693	379.0	391.0	0	0	0	False	True	[]	False	True
GCF_000025045.1	Type_I	1	NA	#9e9e9e	NOT_RUN	251.63265306122446	334.0	346.0	0	0	0	False	True	[]	False	True
GCF_000025045.1	Type_II	2	NA	#9e9e9e	NOT_RUN	251.63265306122446	349.0	361.0	0	0	0	False	True	[]	False	True
GCF_000025045.1	Type_III	3	NA	#9e9e9e	NOT_RUN	251.63265306122446	364.0	376.0	0	0	0	False	True	[]	False	True
GCF_000025045.1	Type_IV	4	NA	#9e9e9e	NOT_RUN	251.63265306122446	379.0	391.0	0	0	0	False	True	[]	False	True
GCF_003176835.1	Type_I	1	NA	#9e9e9e	NOT_RUN	253.46938775510205	334.0	346.0	0	0	0	False	True	[]	False	True
GCF_003176835.1	Type_II	2	NA	#9e9e9e	NOT_RUN	253.46938775510205	349.0	361.0	0	0	0	False	True	[]	False	True
GCF_003176835.1	Type_III	3	NA	#9e9e9e	NOT_RUN	253.46938775510205	364.0	376.0	0	0	0	False	True	[]	False	True
GCF_003176835.1	Type_IV	4	NA	#9e9e9e	NOT_RUN	253.46938775510205	379.0	391.0	0	0	0	False	True	[]	False	True
GCF_035985965.1	Type_I	1	NA	#9e9e9e	NOT_RUN	255.3061224489796	334.0	346.0	0	0	0	False	True	[]	False	True
GCF_035985965.1	Type_II	2	NA	#9e9e9e	NOT_RUN	255.3061224489796	349.0	361.0	0	0	0	False	True	[]	False	True
GCF_035985965.1	Type_III	3	NA	#9e9e9e	NOT_RUN	255.3061224489796	364.0	376.0	0	0	0	False	True	[]	False	True
GCF_035985965.1	Type_IV	4	NA	#9e9e9e	NOT_RUN	255.3061224489796	379.0	391.0	0	0	0	False	True	[]	False	True
GCF_003722275.1	Type_I	1	NA	#9e9e9e	NOT_RUN	257.14285714285717	334.0	346.0	0	0	0	False	True	[]	False	True
GCF_003722275.1	Type_II	2	NA	#9e9e9e	NOT_RUN	257.14285714285717	349.0	361.0	0	0	0	False	True	[]	False	True
GCF_003722275.1	Type_III	3	NA	#9e9e9e	NOT_RUN	257.14285714285717	364.0	376.0	0	0	0	False	True	[]	False	True
GCF_003722275.1	Type_IV	4	NA	#9e9e9e	NOT_RUN	257.14285714285717	379.0	391.0	0	0	0	False	True	[]	False	True
GCF_060305805.1	Type_I	1	NA	#9e9e9e	NOT_RUN	258.9795918367347	334.0	346.0	0	0	0	False	True	[]	False	True
GCF_060305805.1	Type_II	2	NA	#9e9e9e	NOT_RUN	258.9795918367347	349.0	361.0	0	0	0	False	True	[]	False	True
GCF_060305805.1	Type_III	3	NA	#9e9e9e	NOT_RUN	258.9795918367347	364.0	376.0	0	0	0	False	True	[]	False	True
GCF_060305805.1	Type_IV	4	NA	#9e9e9e	NOT_RUN	258.9795918367347	379.0	391.0	0	0	0	False	True	[]	False	True
GCF_060307215.1	Type_I	1	NA	#9e9e9e	NOT_RUN	260.81632653061223	334.0	346.0	0	0	0	False	True	[]	False	True
GCF_060307215.1	Type_II	2	NA	#9e9e9e	NOT_RUN	260.81632653061223	349.0	361.0	0	0	0	False	True	[]	False	True
GCF_060307215.1	Type_III	3	NA	#9e9e9e	NOT_RUN	260.81632653061223	364.0	376.0	0	0	0	False	True	[]	False	True
GCF_060307215.1	Type_IV	4	NA	#9e9e9e	NOT_RUN	260.81632653061223	379.0	391.0	0	0	0	False	True	[]	False	True
GCF_000468955.1	Type_I	1	NA	#9e9e9e	NOT_RUN	262.65306122448976	334.0	346.0	0	0	0	False	True	[]	False	True
GCF_000468955.1	Type_II	2	NA	#9e9e9e	NOT_RUN	262.65306122448976	349.0	361.0	0	0	0	False	True	[]	False	True
GCF_000468955.1	Type_III	3	NA	#9e9e9e	NOT_RUN	262.65306122448976	364.0	376.0	0	0	0	False	True	[]	False	True
GCF_000468955.1	Type_IV	4	NA	#9e9e9e	NOT_RUN	262.65306122448976	379.0	391.0	0	0	0	False	True	[]	False	True
GCF_000014545.1	Type_I	1	NA	#9e9e9e	NOT_RUN	264.4897959183673	334.0	346.0	0	0	0	False	True	[]	False	True
GCF_000014545.1	Type_II	2	NA	#9e9e9e	NOT_RUN	264.4897959183673	349.0	361.0	0	0	0	False	True	[]	False	True
GCF_000014545.1	Type_III	3	NA	#9e9e9e	NOT_RUN	264.4897959183673	364.0	376.0	0	0	0	False	True	[]	False	True
GCF_000014545.1	Type_IV	4	NA	#9e9e9e	NOT_RUN	264.4897959183673	379.0	391.0	0	0	0	False	True	[]	False	True
GCF_023169905.1	Type_I	1	NA	#9e9e9e	NOT_RUN	266.3265306122449	334.0	346.0	0	0	0	False	True	[]	False	True
GCF_023169905.1	Type_II	2	NA	#9e9e9e	NOT_RUN	266.3265306122449	349.0	361.0	0	0	0	False	True	[]	False	True
GCF_023169905.1	Type_III	3	NA	#9e9e9e	NOT_RUN	266.3265306122449	364.0	376.0	0	0	0	False	True	[]	False	True
GCF_023169905.1	Type_IV	4	NA	#9e9e9e	NOT_RUN	266.3265306122449	379.0	391.0	0	0	0	False	True	[]	False	True
GCF_055180435.1	Type_I	1	NA	#9e9e9e	NOT_RUN	268.1632653061224	334.0	346.0	0	0	0	False	True	[]	False	True
GCF_055180435.1	Type_II	2	NA	#9e9e9e	NOT_RUN	268.1632653061224	349.0	361.0	0	0	0	False	True	[]	False	True
GCF_055180435.1	Type_III	3	NA	#9e9e9e	NOT_RUN	268.1632653061224	364.0	376.0	0	0	0	False	True	[]	False	True
GCF_055180435.1	Type_IV	4	NA	#9e9e9e	NOT_RUN	268.1632653061224	379.0	391.0	0	0	0	False	True	[]	False	True
