accession	rm_type	state	complete_count	partial_count	candidate_count	search_complete	conflict	positive_invalidated	count_lower_bound	review_ids
GCF_000009425.1	I	NOT_RUN	0	0	0	False	True	False	True	[]
GCF_000009425.1	II	NOT_RUN	0	0	0	False	True	False	True	[]
GCF_000009425.1	III	NOT_RUN	0	0	0	False	True	False	True	[]
GCF_000009425.1	IV	NOT_RUN	0	0	0	False	True	False	True	[]
GCF_000010145.1	I	NOT_RUN	0	0	0	False	True	False	True	[]
GCF_000010145.1	II	NOT_RUN	0	0	0	False	True	False	True	[]
GCF_000010145.1	III	NOT_RUN	0	0	0	False	True	False	True	[]
GCF_000010145.1	IV	NOT_RUN	0	0	0	False	True	False	True	[]
GCF_000011045.1	I	NOT_RUN	0	0	0	False	True	False	True	[]
GCF_000011045.1	II	NOT_RUN	0	0	0	False	True	False	True	[]
GCF_000011045.1	III	NOT_RUN	0	0	0	False	True	False	True	[]
GCF_000011045.1	IV	NOT_RUN	0	0	0	False	True	False	True	[]
GCF_000014385.1	I	NOT_RUN	0	0	0	False	True	False	True	[]
GCF_000014385.1	II	NOT_RUN	0	0	0	False	True	False	True	[]
GCF_000014385.1	III	NOT_RUN	0	0	0	False	True	False	True	[]
GCF_000014385.1	IV	NOT_RUN	0	0	0	False	True	False	True	[]
GCF_000014425.1	I	NOT_RUN	0	0	0	False	True	False	True	[]
GCF_000014425.1	II	NOT_RUN	0	0	0	False	True	False	True	[]
GCF_000014425.1	III	NOT_RUN	0	0	0	False	True	False	True	[]
GCF_000014425.1	IV	NOT_RUN	0	0	0	False	True	False	True	[]
GCF_000014445.1	I	NOT_RUN	0	0	0	False	True	False	True	[]
GCF_000014445.1	II	NOT_RUN	0	0	0	False	True	False	True	[]
GCF_000014445.1	III	NOT_RUN	0	0	0	False	True	False	True	[]
GCF_000014445.1	IV	NOT_RUN	0	0	0	False	True	False	True	[]
GCF_000014505.1	I	NOT_RUN	0	0	0	False	True	False	True	[]
GCF_000014505.1	II	NOT_RUN	0	0	0	False	True	False	True	[]
GCF_000014505.1	III	NOT_RUN	0	0	0	False	True	False	True	[]
GCF_000014505.1	IV	NOT_RUN	0	0	0	False	True	False	True	[]
GCF_000014545.1	I	NOT_RUN	0	0	0	False	True	False	True	[]
GCF_000014545.1	II	NOT_RUN	0	0	0	False	True	False	True	[]
GCF_000014545.1	III	NOT_RUN	0	0	0	False	True	False	True	[]
GCF_000014545.1	IV	NOT_RUN	0	0	0	False	True	False	True	[]
GCF_000015385.1	I	NOT_RUN	0	0	0	False	True	False	True	[]
GCF_000015385.1	II	NOT_RUN	0	0	0	False	True	False	True	[]
GCF_000015385.1	III	NOT_RUN	0	0	0	False	True	False	True	[]
GCF_000015385.1	IV	NOT_RUN	0	0	0	False	True	False	True	[]
GCF_000016825.1	I	NOT_RUN	0	0	0	False	True	False	True	[]
GCF_000016825.1	II	NOT_RUN	0	0	0	False	True	False	True	[]
GCF_000016825.1	III	NOT_RUN	0	0	0	False	True	False	True	[]
GCF_000016825.1	IV	NOT_RUN	0	0	0	False	True	False	True	[]
GCF_000023085.1	I	NOT_RUN	0	0	0	False	True	False	True	[]
GCF_000023085.1	II	NOT_RUN	0	0	0	False	True	False	True	[]
GCF_000023085.1	III	NOT_RUN	0	0	0	False	True	False	True	[]
GCF_000023085.1	IV	NOT_RUN	0	0	0	False	True	False	True	[]
GCF_000025045.1	I	NOT_RUN	0	0	0	False	True	False	True	[]
GCF_000025045.1	II	NOT_RUN	0	0	0	False	True	False	True	[]
GCF_000025045.1	III	NOT_RUN	0	0	0	False	True	False	True	[]
GCF_000025045.1	IV	NOT_RUN	0	0	0	False	True	False	True	[]
GCF_000026405.1	I	NOT_RUN	0	0	0	False	True	False	True	[]
GCF_000026405.1	II	NOT_RUN	0	0	0	False	True	False	True	[]
GCF_000026405.1	III	NOT_RUN	0	0	0	False	True	False	True	[]
GCF_000026405.1	IV	NOT_RUN	0	0	0	False	True	False	True	[]
GCF_000092505.1	I	NOT_RUN	0	0	0	False	True	False	True	[]
GCF_000092505.1	II	NOT_RUN	0	0	0	False	True	False	True	[]
GCF_000092505.1	III	NOT_RUN	0	0	0	False	True	False	True	[]
GCF_000092505.1	IV	NOT_RUN	0	0	0	False	True	False	True	[]
GCF_000148815.2	I	NOT_RUN	0	0	0	False	True	False	True	[]
GCF_000148815.2	II	NOT_RUN	0	0	0	False	True	False	True	[]
GCF_000148815.2	III	NOT_RUN	0	0	0	False	True	False	True	[]
GCF_000148815.2	IV	NOT_RUN	0	0	0	False	True	False	True	[]
GCF_000155515.2	I	NOT_RUN	0	0	0	False	True	False	True	[]
GCF_000155515.2	II	NOT_RUN	0	0	0	False	True	False	True	[]
GCF_000155515.2	III	NOT_RUN	0	0	0	False	True	False	True	[]
GCF_000155515.2	IV	NOT_RUN	0	0	0	False	True	False	True	[]
GCF_000160835.1	I	NOT_RUN	0	0	0	False	True	False	True	[]
GCF_000160835.1	II	NOT_RUN	0	0	0	False	True	False	True	[]
GCF_000160835.1	III	NOT_RUN	0	0	0	False	True	False	True	[]
GCF_000160835.1	IV	NOT_RUN	0	0	0	False	True	False	True	[]
GCF_000203855.3	I	NOT_RUN	0	0	0	False	True	False	True	[]
GCF_000203855.3	II	NOT_RUN	0	0	0	False	True	False	True	[]
GCF_000203855.3	III	NOT_RUN	0	0	0	False	True	False	True	[]
GCF_000203855.3	IV	NOT_RUN	0	0	0	False	True	False	True	[]
GCF_000237995.1	I	NOT_RUN	0	0	0	False	True	False	True	[]
GCF_000237995.1	II	NOT_RUN	0	0	0	False	True	False	True	[]
GCF_000237995.1	III	NOT_RUN	0	0	0	False	True	False	True	[]
GCF_000237995.1	IV	NOT_RUN	0	0	0	False	True	False	True	[]
GCF_000241055.1	I	NOT_RUN	0	0	0	False	True	False	True	[]
GCF_000241055.1	II	NOT_RUN	0	0	0	False	True	False	True	[]
GCF_000241055.1	III	NOT_RUN	0	0	0	False	True	False	True	[]
GCF_000241055.1	IV	NOT_RUN	0	0	0	False	True	False	True	[]
GCF_000269925.1	I	NOT_RUN	0	0	0	False	True	False	True	[]
GCF_000269925.1	II	NOT_RUN	0	0	0	False	True	False	True	[]
GCF_000269925.1	III	NOT_RUN	0	0	0	False	True	False	True	[]
GCF_000269925.1	IV	NOT_RUN	0	0	0	False	True	False	True	[]
GCF_000269945.1	I	NOT_RUN	0	0	0	False	True	False	True	[]
GCF_000269945.1	II	NOT_RUN	0	0	0	False	True	False	True	[]
GCF_000269945.1	III	NOT_RUN	0	0	0	False	True	False	True	[]
GCF_000269945.1	IV	NOT_RUN	0	0	0	False	True	False	True	[]
GCF_000298875.1	I	NOT_RUN	0	0	0	False	True	False	True	[]
GCF_000298875.1	II	NOT_RUN	0	0	0	False	True	False	True	[]
GCF_000298875.1	III	NOT_RUN	0	0	0	False	True	False	True	[]
GCF_000298875.1	IV	NOT_RUN	0	0	0	False	True	False	True	[]
GCF_000468955.1	I	NOT_RUN	0	0	0	False	True	False	True	[]
GCF_000468955.1	II	NOT_RUN	0	0	0	False	True	False	True	[]
GCF_000468955.1	III	NOT_RUN	0	0	0	False	True	False	True	[]
GCF_000468955.1	IV	NOT_RUN	0	0	0	False	True	False	True	[]
GCF_000691805.2	I	NOT_RUN	0	0	0	False	True	False	True	[]
GCF_000691805.2	II	NOT_RUN	0	0	0	False	True	False	True	[]
GCF_000691805.2	III	NOT_RUN	0	0	0	False	True	False	True	[]
GCF_000691805.2	IV	NOT_RUN	0	0	0	False	True	False	True	[]
GCF_001434365.1	I	NOT_RUN	0	0	0	False	True	False	True	[]
GCF_001434365.1	II	NOT_RUN	0	0	0	False	True	False	True	[]
GCF_001434365.1	III	NOT_RUN	0	0	0	False	True	False	True	[]
GCF_001434365.1	IV	NOT_RUN	0	0	0	False	True	False	True	[]
GCF_001434705.1	I	NOT_RUN	0	0	0	False	True	False	True	[]
GCF_001434705.1	II	NOT_RUN	0	0	0	False	True	False	True	[]
GCF_001434705.1	III	NOT_RUN	0	0	0	False	True	False	True	[]
GCF_001434705.1	IV	NOT_RUN	0	0	0	False	True	False	True	[]
GCF_001435245.1	I	NOT_RUN	0	0	0	False	True	False	True	[]
GCF_001435245.1	II	NOT_RUN	0	0	0	False	True	False	True	[]
GCF_001435245.1	III	NOT_RUN	0	0	0	False	True	False	True	[]
GCF_001435245.1	IV	NOT_RUN	0	0	0	False	True	False	True	[]
GCF_001436135.1	I	NOT_RUN	0	0	0	False	True	False	True	[]
GCF_001436135.1	II	NOT_RUN	0	0	0	False	True	False	True	[]
GCF_001436135.1	III	NOT_RUN	0	0	0	False	True	False	True	[]
GCF_001436135.1	IV	NOT_RUN	0	0	0	False	True	False	True	[]
GCF_001436905.1	I	NOT_RUN	0	0	0	False	True	False	True	[]
GCF_001436905.1	II	NOT_RUN	0	0	0	False	True	False	True	[]
GCF_001436905.1	III	NOT_RUN	0	0	0	False	True	False	True	[]
GCF_001436905.1	IV	NOT_RUN	0	0	0	False	True	False	True	[]
GCF_001437055.1	I	NOT_RUN	0	0	0	False	True	False	True	[]
GCF_001437055.1	II	NOT_RUN	0	0	0	False	True	False	True	[]
GCF_001437055.1	III	NOT_RUN	0	0	0	False	True	False	True	[]
GCF_001437055.1	IV	NOT_RUN	0	0	0	False	True	False	True	[]
GCF_001437425.1	I	NOT_RUN	0	0	0	False	True	False	True	[]
GCF_001437425.1	II	NOT_RUN	0	0	0	False	True	False	True	[]
GCF_001437425.1	III	NOT_RUN	0	0	0	False	True	False	True	[]
GCF_001437425.1	IV	NOT_RUN	0	0	0	False	True	False	True	[]
GCF_001438705.1	I	NOT_RUN	0	0	0	False	True	False	True	[]
GCF_001438705.1	II	NOT_RUN	0	0	0	False	True	False	True	[]
GCF_001438705.1	III	NOT_RUN	0	0	0	False	True	False	True	[]
GCF_001438705.1	IV	NOT_RUN	0	0	0	False	True	False	True	[]
GCF_001536305.1	I	NOT_RUN	0	0	0	False	True	False	True	[]
GCF_001536305.1	II	NOT_RUN	0	0	0	False	True	False	True	[]
GCF_001536305.1	III	NOT_RUN	0	0	0	False	True	False	True	[]
GCF_001536305.1	IV	NOT_RUN	0	0	0	False	True	False	True	[]
GCF_001618285.1	I	NOT_RUN	0	0	0	False	True	False	True	[]
GCF_001618285.1	II	NOT_RUN	0	0	0	False	True	False	True	[]
GCF_001618285.1	III	NOT_RUN	0	0	0	False	True	False	True	[]
GCF_001618285.1	IV	NOT_RUN	0	0	0	False	True	False	True	[]
GCF_001702215.1	I	NOT_RUN	0	0	0	False	True	False	True	[]
GCF_001702215.1	II	NOT_RUN	0	0	0	False	True	False	True	[]
GCF_001702215.1	III	NOT_RUN	0	0	0	False	True	False	True	[]
GCF_001702215.1	IV	NOT_RUN	0	0	0	False	True	False	True	[]
GCF_001702235.1	I	NOT_RUN	0	0	0	False	True	False	True	[]
GCF_001702235.1	II	NOT_RUN	0	0	0	False	True	False	True	[]
GCF_001702235.1	III	NOT_RUN	0	0	0	False	True	False	True	[]
GCF_001702235.1	IV	NOT_RUN	0	0	0	False	True	False	True	[]
GCF_001752505.1	I	NOT_RUN	0	0	0	False	True	False	True	[]
GCF_001752505.1	II	NOT_RUN	0	0	0	False	True	False	True	[]
GCF_001752505.1	III	NOT_RUN	0	0	0	False	True	False	True	[]
GCF_001752505.1	IV	NOT_RUN	0	0	0	False	True	False	True	[]
GCF_001752515.1	I	NOT_RUN	0	0	0	False	True	False	True	[]
GCF_001752515.1	II	NOT_RUN	0	0	0	False	True	False	True	[]
GCF_001752515.1	III	NOT_RUN	0	0	0	False	True	False	True	[]
GCF_001752515.1	IV	NOT_RUN	0	0	0	False	True	False	True	[]
GCF_001752545.1	I	NOT_RUN	0	0	0	False	True	False	True	[]
GCF_001752545.1	II	NOT_RUN	0	0	0	False	True	False	True	[]
GCF_001752545.1	III	NOT_RUN	0	0	0	False	True	False	True	[]
GCF_001752545.1	IV	NOT_RUN	0	0	0	False	True	False	True	[]
GCF_001761545.1	I	NOT_RUN	0	0	0	False	True	False	True	[]
GCF_001761545.1	II	NOT_RUN	0	0	0	False	True	False	True	[]
GCF_001761545.1	III	NOT_RUN	0	0	0	False	True	False	True	[]
GCF_001761545.1	IV	NOT_RUN	0	0	0	False	True	False	True	[]
GCF_001767275.1	I	NOT_RUN	0	0	0	False	True	False	True	[]
GCF_001767275.1	II	NOT_RUN	0	0	0	False	True	False	True	[]
GCF_001767275.1	III	NOT_RUN	0	0	0	False	True	False	True	[]
GCF_001767275.1	IV	NOT_RUN	0	0	0	False	True	False	True	[]
GCF_001888925.1	I	NOT_RUN	0	0	0	False	True	False	True	[]
GCF_001888925.1	II	NOT_RUN	0	0	0	False	True	False	True	[]
GCF_001888925.1	III	NOT_RUN	0	0	0	False	True	False	True	[]
GCF_001888925.1	IV	NOT_RUN	0	0	0	False	True	False	True	[]
GCF_001891125.1	I	NOT_RUN	0	0	0	False	True	False	True	[]
GCF_001891125.1	II	NOT_RUN	0	0	0	False	True	False	True	[]
GCF_001891125.1	III	NOT_RUN	0	0	0	False	True	False	True	[]
GCF_001891125.1	IV	NOT_RUN	0	0	0	False	True	False	True	[]
GCF_001932615.1	I	NOT_RUN	0	0	0	False	True	False	True	[]
GCF_001932615.1	II	NOT_RUN	0	0	0	False	True	False	True	[]
GCF_001932615.1	III	NOT_RUN	0	0	0	False	True	False	True	[]
GCF_001932615.1	IV	NOT_RUN	0	0	0	False	True	False	True	[]
GCF_001998805.1	I	NOT_RUN	0	0	0	False	True	False	True	[]
GCF_001998805.1	II	NOT_RUN	0	0	0	False	True	False	True	[]
GCF_001998805.1	III	NOT_RUN	0	0	0	False	True	False	True	[]
GCF_001998805.1	IV	NOT_RUN	0	0	0	False	True	False	True	[]
GCF_002174215.1	I	NOT_RUN	0	0	0	False	True	False	True	[]
GCF_002174215.1	II	NOT_RUN	0	0	0	False	True	False	True	[]
GCF_002174215.1	III	NOT_RUN	0	0	0	False	True	False	True	[]
GCF_002174215.1	IV	NOT_RUN	0	0	0	False	True	False	True	[]
GCF_002950695.1	I	NOT_RUN	0	0	0	False	True	False	True	[]
GCF_002950695.1	II	NOT_RUN	0	0	0	False	True	False	True	[]
GCF_002950695.1	III	NOT_RUN	0	0	0	False	True	False	True	[]
GCF_002950695.1	IV	NOT_RUN	0	0	0	False	True	False	True	[]
GCF_002970915.1	I	NOT_RUN	0	0	0	False	True	False	True	[]
GCF_002970915.1	II	NOT_RUN	0	0	0	False	True	False	True	[]
GCF_002970915.1	III	NOT_RUN	0	0	0	False	True	False	True	[]
GCF_002970915.1	IV	NOT_RUN	0	0	0	False	True	False	True	[]
GCF_002970935.1	I	NOT_RUN	0	0	0	False	True	False	True	[]
GCF_002970935.1	II	NOT_RUN	0	0	0	False	True	False	True	[]
GCF_002970935.1	III	NOT_RUN	0	0	0	False	True	False	True	[]
GCF_002970935.1	IV	NOT_RUN	0	0	0	False	True	False	True	[]
GCF_003150935.1	I	NOT_RUN	0	0	0	False	True	False	True	[]
GCF_003150935.1	II	NOT_RUN	0	0	0	False	True	False	True	[]
GCF_003150935.1	III	NOT_RUN	0	0	0	False	True	False	True	[]
GCF_003150935.1	IV	NOT_RUN	0	0	0	False	True	False	True	[]
GCF_003151025.1	I	NOT_RUN	0	0	0	False	True	False	True	[]
GCF_003151025.1	II	NOT_RUN	0	0	0	False	True	False	True	[]
GCF_003151025.1	III	NOT_RUN	0	0	0	False	True	False	True	[]
GCF_003151025.1	IV	NOT_RUN	0	0	0	False	True	False	True	[]
GCF_003173695.1	I	NOT_RUN	0	0	0	False	True	False	True	[]
GCF_003173695.1	II	NOT_RUN	0	0	0	False	True	False	True	[]
GCF_003173695.1	III	NOT_RUN	0	0	0	False	True	False	True	[]
GCF_003173695.1	IV	NOT_RUN	0	0	0	False	True	False	True	[]
GCF_003176835.1	I	NOT_RUN	0	0	0	False	True	False	True	[]
GCF_003176835.1	II	NOT_RUN	0	0	0	False	True	False	True	[]
GCF_003176835.1	III	NOT_RUN	0	0	0	False	True	False	True	[]
GCF_003176835.1	IV	NOT_RUN	0	0	0	False	True	False	True	[]
GCF_003264795.1	I	NOT_RUN	0	0	0	False	True	False	True	[]
GCF_003264795.1	II	NOT_RUN	0	0	0	False	True	False	True	[]
GCF_003264795.1	III	NOT_RUN	0	0	0	False	True	False	True	[]
GCF_003264795.1	IV	NOT_RUN	0	0	0	False	True	False	True	[]
GCF_003584685.1	I	NOT_RUN	0	0	0	False	True	False	True	[]
GCF_003584685.1	II	NOT_RUN	0	0	0	False	True	False	True	[]
GCF_003584685.1	III	NOT_RUN	0	0	0	False	True	False	True	[]
GCF_003584685.1	IV	NOT_RUN	0	0	0	False	True	False	True	[]
GCF_003641185.1	I	NOT_RUN	0	0	0	False	True	False	True	[]
GCF_003641185.1	II	NOT_RUN	0	0	0	False	True	False	True	[]
GCF_003641185.1	III	NOT_RUN	0	0	0	False	True	False	True	[]
GCF_003641185.1	IV	NOT_RUN	0	0	0	False	True	False	True	[]
GCF_003722275.1	I	NOT_RUN	0	0	0	False	True	False	True	[]
GCF_003722275.1	II	NOT_RUN	0	0	0	False	True	False	True	[]
GCF_003722275.1	III	NOT_RUN	0	0	0	False	True	False	True	[]
GCF_003722275.1	IV	NOT_RUN	0	0	0	False	True	False	True	[]
GCF_003999355.1	I	NOT_RUN	0	0	0	False	True	False	True	[]
GCF_003999355.1	II	NOT_RUN	0	0	0	False	True	False	True	[]
GCF_003999355.1	III	NOT_RUN	0	0	0	False	True	False	True	[]
GCF_003999355.1	IV	NOT_RUN	0	0	0	False	True	False	True	[]
GCF_004354645.1	I	NOT_RUN	0	0	0	False	True	False	True	[]
GCF_004354645.1	II	NOT_RUN	0	0	0	False	True	False	True	[]
GCF_004354645.1	III	NOT_RUN	0	0	0	False	True	False	True	[]
GCF_004354645.1	IV	NOT_RUN	0	0	0	False	True	False	True	[]
GCF_004377635.1	I	NOT_RUN	0	0	0	False	True	False	True	[]
GCF_004377635.1	II	NOT_RUN	0	0	0	False	True	False	True	[]
GCF_004377635.1	III	NOT_RUN	0	0	0	False	True	False	True	[]
GCF_004377635.1	IV	NOT_RUN	0	0	0	False	True	False	True	[]
GCF_005405405.1	I	NOT_RUN	0	0	0	False	True	False	True	[]
GCF_005405405.1	II	NOT_RUN	0	0	0	False	True	False	True	[]
GCF_005405405.1	III	NOT_RUN	0	0	0	False	True	False	True	[]
GCF_005405405.1	IV	NOT_RUN	0	0	0	False	True	False	True	[]
GCF_005405465.1	I	NOT_RUN	0	0	0	False	True	False	True	[]
GCF_005405465.1	II	NOT_RUN	0	0	0	False	True	False	True	[]
GCF_005405465.1	III	NOT_RUN	0	0	0	False	True	False	True	[]
GCF_005405465.1	IV	NOT_RUN	0	0	0	False	True	False	True	[]
GCF_007954605.1	I	NOT_RUN	0	0	0	False	True	False	True	[]
GCF_007954605.1	II	NOT_RUN	0	0	0	False	True	False	True	[]
GCF_007954605.1	III	NOT_RUN	0	0	0	False	True	False	True	[]
GCF_007954605.1	IV	NOT_RUN	0	0	0	False	True	False	True	[]
GCF_007954785.1	I	NOT_RUN	0	0	0	False	True	False	True	[]
GCF_007954785.1	II	NOT_RUN	0	0	0	False	True	False	True	[]
GCF_007954785.1	III	NOT_RUN	0	0	0	False	True	False	True	[]
GCF_007954785.1	IV	NOT_RUN	0	0	0	False	True	False	True	[]
GCF_008107645.1	I	NOT_RUN	0	0	0	False	True	False	True	[]
GCF_008107645.1	II	NOT_RUN	0	0	0	False	True	False	True	[]
GCF_008107645.1	III	NOT_RUN	0	0	0	False	True	False	True	[]
GCF_008107645.1	IV	NOT_RUN	0	0	0	False	True	False	True	[]
GCF_008831485.1	I	NOT_RUN	0	0	0	False	True	False	True	[]
GCF_008831485.1	II	NOT_RUN	0	0	0	False	True	False	True	[]
GCF_008831485.1	III	NOT_RUN	0	0	0	False	True	False	True	[]
GCF_008831485.1	IV	NOT_RUN	0	0	0	False	True	False	True	[]
GCF_009184845.1	I	NOT_RUN	0	0	0	False	True	False	True	[]
GCF_009184845.1	II	NOT_RUN	0	0	0	False	True	False	True	[]
GCF_009184845.1	III	NOT_RUN	0	0	0	False	True	False	True	[]
GCF_009184845.1	IV	NOT_RUN	0	0	0	False	True	False	True	[]
GCF_009856565.1	I	NOT_RUN	0	0	0	False	True	False	True	[]
GCF_009856565.1	II	NOT_RUN	0	0	0	False	True	False	True	[]
GCF_009856565.1	III	NOT_RUN	0	0	0	False	True	False	True	[]
GCF_009856565.1	IV	NOT_RUN	0	0	0	False	True	False	True	[]
GCF_009913655.1	I	NOT_RUN	0	0	0	False	True	False	True	[]
GCF_009913655.1	II	NOT_RUN	0	0	0	False	True	False	True	[]
GCF_009913655.1	III	NOT_RUN	0	0	0	False	True	False	True	[]
GCF_009913655.1	IV	NOT_RUN	0	0	0	False	True	False	True	[]
GCF_009913995.1	I	NOT_RUN	0	0	0	False	True	False	True	[]
GCF_009913995.1	II	NOT_RUN	0	0	0	False	True	False	True	[]
GCF_009913995.1	III	NOT_RUN	0	0	0	False	True	False	True	[]
GCF_009913995.1	IV	NOT_RUN	0	0	0	False	True	False	True	[]
GCF_009914015.1	I	NOT_RUN	0	0	0	False	True	False	True	[]
GCF_009914015.1	II	NOT_RUN	0	0	0	False	True	False	True	[]
GCF_009914015.1	III	NOT_RUN	0	0	0	False	True	False	True	[]
GCF_009914015.1	IV	NOT_RUN	0	0	0	False	True	False	True	[]
GCF_009914035.1	I	NOT_RUN	0	0	0	False	True	False	True	[]
GCF_009914035.1	II	NOT_RUN	0	0	0	False	True	False	True	[]
GCF_009914035.1	III	NOT_RUN	0	0	0	False	True	False	True	[]
GCF_009914035.1	IV	NOT_RUN	0	0	0	False	True	False	True	[]
GCF_010092385.1	I	NOT_RUN	0	0	0	False	True	False	True	[]
GCF_010092385.1	II	NOT_RUN	0	0	0	False	True	False	True	[]
GCF_010092385.1	III	NOT_RUN	0	0	0	False	True	False	True	[]
GCF_010092385.1	IV	NOT_RUN	0	0	0	False	True	False	True	[]
GCF_011058775.1	I	NOT_RUN	0	0	0	False	True	False	True	[]
GCF_011058775.1	II	NOT_RUN	0	0	0	False	True	False	True	[]
GCF_011058775.1	III	NOT_RUN	0	0	0	False	True	False	True	[]
GCF_011058775.1	IV	NOT_RUN	0	0	0	False	True	False	True	[]
GCF_011304355.1	I	NOT_RUN	0	0	0	False	True	False	True	[]
GCF_011304355.1	II	NOT_RUN	0	0	0	False	True	False	True	[]
GCF_011304355.1	III	NOT_RUN	0	0	0	False	True	False	True	[]
GCF_011304355.1	IV	NOT_RUN	0	0	0	False	True	False	True	[]
GCF_013113695.1	I	NOT_RUN	0	0	0	False	True	False	True	[]
GCF_013113695.1	II	NOT_RUN	0	0	0	False	True	False	True	[]
GCF_013113695.1	III	NOT_RUN	0	0	0	False	True	False	True	[]
GCF_013113695.1	IV	NOT_RUN	0	0	0	False	True	False	True	[]
GCF_013407595.1	I	NOT_RUN	0	0	0	False	True	False	True	[]
GCF_013407595.1	II	NOT_RUN	0	0	0	False	True	False	True	[]
GCF_013407595.1	III	NOT_RUN	0	0	0	False	True	False	True	[]
GCF_013407595.1	IV	NOT_RUN	0	0	0	False	True	False	True	[]
GCF_014131735.1	I	NOT_RUN	0	0	0	False	True	False	True	[]
GCF_014131735.1	II	NOT_RUN	0	0	0	False	True	False	True	[]
GCF_014131735.1	III	NOT_RUN	0	0	0	False	True	False	True	[]
GCF_014131735.1	IV	NOT_RUN	0	0	0	False	True	False	True	[]
GCF_014145545.1	I	NOT_RUN	0	0	0	False	True	False	True	[]
GCF_014145545.1	II	NOT_RUN	0	0	0	False	True	False	True	[]
GCF_014145545.1	III	NOT_RUN	0	0	0	False	True	False	True	[]
GCF_014145545.1	IV	NOT_RUN	0	0	0	False	True	False	True	[]
GCF_014145555.1	I	NOT_RUN	0	0	0	False	True	False	True	[]
GCF_014145555.1	II	NOT_RUN	0	0	0	False	True	False	True	[]
GCF_014145555.1	III	NOT_RUN	0	0	0	False	True	False	True	[]
GCF_014145555.1	IV	NOT_RUN	0	0	0	False	True	False	True	[]
GCF_014145615.1	I	NOT_RUN	0	0	0	False	True	False	True	[]
GCF_014145615.1	II	NOT_RUN	0	0	0	False	True	False	True	[]
GCF_014145615.1	III	NOT_RUN	0	0	0	False	True	False	True	[]
GCF_014145615.1	IV	NOT_RUN	0	0	0	False	True	False	True	[]
GCF_014397255.1	I	NOT_RUN	0	0	0	False	True	False	True	[]
GCF_014397255.1	II	NOT_RUN	0	0	0	False	True	False	True	[]
GCF_014397255.1	III	NOT_RUN	0	0	0	False	True	False	True	[]
GCF_014397255.1	IV	NOT_RUN	0	0	0	False	True	False	True	[]
GCF_014656585.1	I	NOT_RUN	0	0	0	False	True	False	True	[]
GCF_014656585.1	II	NOT_RUN	0	0	0	False	True	False	True	[]
GCF_014656585.1	III	NOT_RUN	0	0	0	False	True	False	True	[]
GCF_014656585.1	IV	NOT_RUN	0	0	0	False	True	False	True	[]
GCF_014789145.1	I	NOT_RUN	0	0	0	False	True	False	True	[]
GCF_014789145.1	II	NOT_RUN	0	0	0	False	True	False	True	[]
GCF_014789145.1	III	NOT_RUN	0	0	0	False	True	False	True	[]
GCF_014789145.1	IV	NOT_RUN	0	0	0	False	True	False	True	[]
GCF_016127255.1	I	NOT_RUN	0	0	0	False	True	False	True	[]
GCF_016127255.1	II	NOT_RUN	0	0	0	False	True	False	True	[]
GCF_016127255.1	III	NOT_RUN	0	0	0	False	True	False	True	[]
GCF_016127255.1	IV	NOT_RUN	0	0	0	False	True	False	True	[]
GCF_016127815.1	I	NOT_RUN	0	0	0	False	True	False	True	[]
GCF_016127815.1	II	NOT_RUN	0	0	0	False	True	False	True	[]
GCF_016127815.1	III	NOT_RUN	0	0	0	False	True	False	True	[]
GCF_016127815.1	IV	NOT_RUN	0	0	0	False	True	False	True	[]
GCF_016647595.1	I	NOT_RUN	0	0	0	False	True	False	True	[]
GCF_016647595.1	II	NOT_RUN	0	0	0	False	True	False	True	[]
GCF_016647595.1	III	NOT_RUN	0	0	0	False	True	False	True	[]
GCF_016647595.1	IV	NOT_RUN	0	0	0	False	True	False	True	[]
GCF_016919665.1	I	NOT_RUN	0	0	0	False	True	False	True	[]
GCF_016919665.1	II	NOT_RUN	0	0	0	False	True	False	True	[]
GCF_016919665.1	III	NOT_RUN	0	0	0	False	True	False	True	[]
GCF_016919665.1	IV	NOT_RUN	0	0	0	False	True	False	True	[]
GCF_017068355.1	I	NOT_RUN	0	0	0	False	True	False	True	[]
GCF_017068355.1	II	NOT_RUN	0	0	0	False	True	False	True	[]
GCF_017068355.1	III	NOT_RUN	0	0	0	False	True	False	True	[]
GCF_017068355.1	IV	NOT_RUN	0	0	0	False	True	False	True	[]
GCF_017894345.1	I	NOT_RUN	0	0	0	False	True	False	True	[]
GCF_017894345.1	II	NOT_RUN	0	0	0	False	True	False	True	[]
GCF_017894345.1	III	NOT_RUN	0	0	0	False	True	False	True	[]
GCF_017894345.1	IV	NOT_RUN	0	0	0	False	True	False	True	[]
GCF_018394055.1	I	NOT_RUN	0	0	0	False	True	False	True	[]
GCF_018394055.1	II	NOT_RUN	0	0	0	False	True	False	True	[]
GCF_018394055.1	III	NOT_RUN	0	0	0	False	True	False	True	[]
GCF_018394055.1	IV	NOT_RUN	0	0	0	False	True	False	True	[]
GCF_018502505.1	I	NOT_RUN	0	0	0	False	True	False	True	[]
GCF_018502505.1	II	NOT_RUN	0	0	0	False	True	False	True	[]
GCF_018502505.1	III	NOT_RUN	0	0	0	False	True	False	True	[]
GCF_018502505.1	IV	NOT_RUN	0	0	0	False	True	False	True	[]
GCF_019448175.1	I	NOT_RUN	0	0	0	False	True	False	True	[]
GCF_019448175.1	II	NOT_RUN	0	0	0	False	True	False	True	[]
GCF_019448175.1	III	NOT_RUN	0	0	0	False	True	False	True	[]
GCF_019448175.1	IV	NOT_RUN	0	0	0	False	True	False	True	[]
GCF_019469265.1	I	NOT_RUN	0	0	0	False	True	False	True	[]
GCF_019469265.1	II	NOT_RUN	0	0	0	False	True	False	True	[]
GCF_019469265.1	III	NOT_RUN	0	0	0	False	True	False	True	[]
GCF_019469265.1	IV	NOT_RUN	0	0	0	False	True	False	True	[]
GCF_019576155.1	I	NOT_RUN	0	0	0	False	True	False	True	[]
GCF_019576155.1	II	NOT_RUN	0	0	0	False	True	False	True	[]
GCF_019576155.1	III	NOT_RUN	0	0	0	False	True	False	True	[]
GCF_019576155.1	IV	NOT_RUN	0	0	0	False	True	False	True	[]
GCF_019797825.1	I	NOT_RUN	0	0	0	False	True	False	True	[]
GCF_019797825.1	II	NOT_RUN	0	0	0	False	True	False	True	[]
GCF_019797825.1	III	NOT_RUN	0	0	0	False	True	False	True	[]
GCF_019797825.1	IV	NOT_RUN	0	0	0	False	True	False	True	[]
GCF_020510245.1	I	NOT_RUN	0	0	0	False	True	False	True	[]
GCF_020510245.1	II	NOT_RUN	0	0	0	False	True	False	True	[]
GCF_020510245.1	III	NOT_RUN	0	0	0	False	True	False	True	[]
GCF_020510245.1	IV	NOT_RUN	0	0	0	False	True	False	True	[]
GCF_020784695.1	I	NOT_RUN	0	0	0	False	True	False	True	[]
GCF_020784695.1	II	NOT_RUN	0	0	0	False	True	False	True	[]
GCF_020784695.1	III	NOT_RUN	0	0	0	False	True	False	True	[]
GCF_020784695.1	IV	NOT_RUN	0	0	0	False	True	False	True	[]
GCF_020844005.1	I	NOT_RUN	0	0	0	False	True	False	True	[]
GCF_020844005.1	II	NOT_RUN	0	0	0	False	True	False	True	[]
GCF_020844005.1	III	NOT_RUN	0	0	0	False	True	False	True	[]
GCF_020844005.1	IV	NOT_RUN	0	0	0	False	True	False	True	[]
GCF_021378055.1	I	NOT_RUN	0	0	0	False	True	False	True	[]
GCF_021378055.1	II	NOT_RUN	0	0	0	False	True	False	True	[]
GCF_021378055.1	III	NOT_RUN	0	0	0	False	True	False	True	[]
GCF_021378055.1	IV	NOT_RUN	0	0	0	False	True	False	True	[]
GCF_023169905.1	I	NOT_RUN	0	0	0	False	True	False	True	[]
GCF_023169905.1	II	NOT_RUN	0	0	0	False	True	False	True	[]
GCF_023169905.1	III	NOT_RUN	0	0	0	False	True	False	True	[]
GCF_023169905.1	IV	NOT_RUN	0	0	0	False	True	False	True	[]
GCF_023499275.1	I	NOT_RUN	0	0	0	False	True	False	True	[]
GCF_023499275.1	II	NOT_RUN	0	0	0	False	True	False	True	[]
GCF_023499275.1	III	NOT_RUN	0	0	0	False	True	False	True	[]
GCF_023499275.1	IV	NOT_RUN	0	0	0	False	True	False	True	[]
GCF_023920145.1	I	NOT_RUN	0	0	0	False	True	False	True	[]
GCF_023920145.1	II	NOT_RUN	0	0	0	False	True	False	True	[]
GCF_023920145.1	III	NOT_RUN	0	0	0	False	True	False	True	[]
GCF_023920145.1	IV	NOT_RUN	0	0	0	False	True	False	True	[]
GCF_024334065.1	I	NOT_RUN	0	0	0	False	True	False	True	[]
GCF_024334065.1	II	NOT_RUN	0	0	0	False	True	False	True	[]
GCF_024334065.1	III	NOT_RUN	0	0	0	False	True	False	True	[]
GCF_024334065.1	IV	NOT_RUN	0	0	0	False	True	False	True	[]
GCF_024397795.1	I	NOT_RUN	0	0	0	False	True	False	True	[]
GCF_024397795.1	II	NOT_RUN	0	0	0	False	True	False	True	[]
GCF_024397795.1	III	NOT_RUN	0	0	0	False	True	False	True	[]
GCF_024397795.1	IV	NOT_RUN	0	0	0	False	True	False	True	[]
GCF_024718545.1	I	NOT_RUN	0	0	0	False	True	False	True	[]
GCF_024718545.1	II	NOT_RUN	0	0	0	False	True	False	True	[]
GCF_024718545.1	III	NOT_RUN	0	0	0	False	True	False	True	[]
GCF_024718545.1	IV	NOT_RUN	0	0	0	False	True	False	True	[]
GCF_025311495.1	I	NOT_RUN	0	0	0	False	True	False	True	[]
GCF_025311495.1	II	NOT_RUN	0	0	0	False	True	False	True	[]
GCF_025311495.1	III	NOT_RUN	0	0	0	False	True	False	True	[]
GCF_025311495.1	IV	NOT_RUN	0	0	0	False	True	False	True	[]
GCF_025490915.1	I	NOT_RUN	0	0	0	False	True	False	True	[]
GCF_025490915.1	II	NOT_RUN	0	0	0	False	True	False	True	[]
GCF_025490915.1	III	NOT_RUN	0	0	0	False	True	False	True	[]
GCF_025490915.1	IV	NOT_RUN	0	0	0	False	True	False	True	[]
GCF_025739325.1	I	NOT_RUN	0	0	0	False	True	False	True	[]
GCF_025739325.1	II	NOT_RUN	0	0	0	False	True	False	True	[]
GCF_025739325.1	III	NOT_RUN	0	0	0	False	True	False	True	[]
GCF_025739325.1	IV	NOT_RUN	0	0	0	False	True	False	True	[]
GCF_025948295.1	I	NOT_RUN	0	0	0	False	True	False	True	[]
GCF_025948295.1	II	NOT_RUN	0	0	0	False	True	False	True	[]
GCF_025948295.1	III	NOT_RUN	0	0	0	False	True	False	True	[]
GCF_025948295.1	IV	NOT_RUN	0	0	0	False	True	False	True	[]
GCF_026222675.1	I	NOT_RUN	0	0	0	False	True	False	True	[]
GCF_026222675.1	II	NOT_RUN	0	0	0	False	True	False	True	[]
GCF_026222675.1	III	NOT_RUN	0	0	0	False	True	False	True	[]
GCF_026222675.1	IV	NOT_RUN	0	0	0	False	True	False	True	[]
GCF_028607025.1	I	NOT_RUN	0	0	0	False	True	False	True	[]
GCF_028607025.1	II	NOT_RUN	0	0	0	False	True	False	True	[]
GCF_028607025.1	III	NOT_RUN	0	0	0	False	True	False	True	[]
GCF_028607025.1	IV	NOT_RUN	0	0	0	False	True	False	True	[]
GCF_028621815.1	I	NOT_RUN	0	0	0	False	True	False	True	[]
GCF_028621815.1	II	NOT_RUN	0	0	0	False	True	False	True	[]
GCF_028621815.1	III	NOT_RUN	0	0	0	False	True	False	True	[]
GCF_028621815.1	IV	NOT_RUN	0	0	0	False	True	False	True	[]
GCF_028736235.1	I	NOT_RUN	0	0	0	False	True	False	True	[]
GCF_028736235.1	II	NOT_RUN	0	0	0	False	True	False	True	[]
GCF_028736235.1	III	NOT_RUN	0	0	0	False	True	False	True	[]
GCF_028736235.1	IV	NOT_RUN	0	0	0	False	True	False	True	[]
GCF_029025825.1	I	NOT_RUN	0	0	0	False	True	False	True	[]
GCF_029025825.1	II	NOT_RUN	0	0	0	False	True	False	True	[]
GCF_029025825.1	III	NOT_RUN	0	0	0	False	True	False	True	[]
GCF_029025825.1	IV	NOT_RUN	0	0	0	False	True	False	True	[]
GCF_029726355.1	I	NOT_RUN	0	0	0	False	True	False	True	[]
GCF_029726355.1	II	NOT_RUN	0	0	0	False	True	False	True	[]
GCF_029726355.1	III	NOT_RUN	0	0	0	False	True	False	True	[]
GCF_029726355.1	IV	NOT_RUN	0	0	0	False	True	False	True	[]
GCF_029854335.1	I	NOT_RUN	0	0	0	False	True	False	True	[]
GCF_029854335.1	II	NOT_RUN	0	0	0	False	True	False	True	[]
GCF_029854335.1	III	NOT_RUN	0	0	0	False	True	False	True	[]
GCF_029854335.1	IV	NOT_RUN	0	0	0	False	True	False	True	[]
GCF_029866985.1	I	NOT_RUN	0	0	0	False	True	False	True	[]
GCF_029866985.1	II	NOT_RUN	0	0	0	False	True	False	True	[]
GCF_029866985.1	III	NOT_RUN	0	0	0	False	True	False	True	[]
GCF_029866985.1	IV	NOT_RUN	0	0	0	False	True	False	True	[]
GCF_030480545.1	I	NOT_RUN	0	0	0	False	True	False	True	[]
GCF_030480545.1	II	NOT_RUN	0	0	0	False	True	False	True	[]
GCF_030480545.1	III	NOT_RUN	0	0	0	False	True	False	True	[]
GCF_030480545.1	IV	NOT_RUN	0	0	0	False	True	False	True	[]
GCF_030770265.1	I	NOT_RUN	0	0	0	False	True	False	True	[]
GCF_030770265.1	II	NOT_RUN	0	0	0	False	True	False	True	[]
GCF_030770265.1	III	NOT_RUN	0	0	0	False	True	False	True	[]
GCF_030770265.1	IV	NOT_RUN	0	0	0	False	True	False	True	[]
GCF_030770295.1	I	NOT_RUN	0	0	0	False	True	False	True	[]
GCF_030770295.1	II	NOT_RUN	0	0	0	False	True	False	True	[]
GCF_030770295.1	III	NOT_RUN	0	0	0	False	True	False	True	[]
GCF_030770295.1	IV	NOT_RUN	0	0	0	False	True	False	True	[]
GCF_030770335.1	I	NOT_RUN	0	0	0	False	True	False	True	[]
GCF_030770335.1	II	NOT_RUN	0	0	0	False	True	False	True	[]
GCF_030770335.1	III	NOT_RUN	0	0	0	False	True	False	True	[]
GCF_030770335.1	IV	NOT_RUN	0	0	0	False	True	False	True	[]
GCF_032762665.1	I	NOT_RUN	0	0	0	False	True	False	True	[]
GCF_032762665.1	II	NOT_RUN	0	0	0	False	True	False	True	[]
GCF_032762665.1	III	NOT_RUN	0	0	0	False	True	False	True	[]
GCF_032762665.1	IV	NOT_RUN	0	0	0	False	True	False	True	[]
GCF_033142085.1	I	NOT_RUN	0	0	0	False	True	False	True	[]
GCF_033142085.1	II	NOT_RUN	0	0	0	False	True	False	True	[]
GCF_033142085.1	III	NOT_RUN	0	0	0	False	True	False	True	[]
GCF_033142085.1	IV	NOT_RUN	0	0	0	False	True	False	True	[]
GCF_033570435.1	I	NOT_RUN	0	0	0	False	True	False	True	[]
GCF_033570435.1	II	NOT_RUN	0	0	0	False	True	False	True	[]
GCF_033570435.1	III	NOT_RUN	0	0	0	False	True	False	True	[]
GCF_033570435.1	IV	NOT_RUN	0	0	0	False	True	False	True	[]
GCF_034703025.1	I	NOT_RUN	0	0	0	False	True	False	True	[]
GCF_034703025.1	II	NOT_RUN	0	0	0	False	True	False	True	[]
GCF_034703025.1	III	NOT_RUN	0	0	0	False	True	False	True	[]
GCF_034703025.1	IV	NOT_RUN	0	0	0	False	True	False	True	[]
GCF_035985965.1	I	NOT_RUN	0	0	0	False	True	False	True	[]
GCF_035985965.1	II	NOT_RUN	0	0	0	False	True	False	True	[]
GCF_035985965.1	III	NOT_RUN	0	0	0	False	True	False	True	[]
GCF_035985965.1	IV	NOT_RUN	0	0	0	False	True	False	True	[]
GCF_036246165.1	I	NOT_RUN	0	0	0	False	True	False	True	[]
GCF_036246165.1	II	NOT_RUN	0	0	0	False	True	False	True	[]
GCF_036246165.1	III	NOT_RUN	0	0	0	False	True	False	True	[]
GCF_036246165.1	IV	NOT_RUN	0	0	0	False	True	False	True	[]
GCF_036246185.1	I	NOT_RUN	0	0	0	False	True	False	True	[]
GCF_036246185.1	II	NOT_RUN	0	0	0	False	True	False	True	[]
GCF_036246185.1	III	NOT_RUN	0	0	0	False	True	False	True	[]
GCF_036246185.1	IV	NOT_RUN	0	0	0	False	True	False	True	[]
GCF_036246225.1	I	NOT_RUN	0	0	0	False	True	False	True	[]
GCF_036246225.1	II	NOT_RUN	0	0	0	False	True	False	True	[]
GCF_036246225.1	III	NOT_RUN	0	0	0	False	True	False	True	[]
GCF_036246225.1	IV	NOT_RUN	0	0	0	False	True	False	True	[]
GCF_036327715.1	I	NOT_RUN	0	0	0	False	True	False	True	[]
GCF_036327715.1	II	NOT_RUN	0	0	0	False	True	False	True	[]
GCF_036327715.1	III	NOT_RUN	0	0	0	False	True	False	True	[]
GCF_036327715.1	IV	NOT_RUN	0	0	0	False	True	False	True	[]
GCF_037290055.1	I	NOT_RUN	0	0	0	False	True	False	True	[]
GCF_037290055.1	II	NOT_RUN	0	0	0	False	True	False	True	[]
GCF_037290055.1	III	NOT_RUN	0	0	0	False	True	False	True	[]
GCF_037290055.1	IV	NOT_RUN	0	0	0	False	True	False	True	[]
GCF_037891785.1	I	NOT_RUN	0	0	0	False	True	False	True	[]
GCF_037891785.1	II	NOT_RUN	0	0	0	False	True	False	True	[]
GCF_037891785.1	III	NOT_RUN	0	0	0	False	True	False	True	[]
GCF_037891785.1	IV	NOT_RUN	0	0	0	False	True	False	True	[]
GCF_037892375.1	I	NOT_RUN	0	0	0	False	True	False	True	[]
GCF_037892375.1	II	NOT_RUN	0	0	0	False	True	False	True	[]
GCF_037892375.1	III	NOT_RUN	0	0	0	False	True	False	True	[]
GCF_037892375.1	IV	NOT_RUN	0	0	0	False	True	False	True	[]
GCF_038049945.1	I	NOT_RUN	0	0	0	False	True	False	True	[]
GCF_038049945.1	II	NOT_RUN	0	0	0	False	True	False	True	[]
GCF_038049945.1	III	NOT_RUN	0	0	0	False	True	False	True	[]
GCF_038049945.1	IV	NOT_RUN	0	0	0	False	True	False	True	[]
GCF_039645515.1	I	NOT_RUN	0	0	0	False	True	False	True	[]
GCF_039645515.1	II	NOT_RUN	0	0	0	False	True	False	True	[]
GCF_039645515.1	III	NOT_RUN	0	0	0	False	True	False	True	[]
GCF_039645515.1	IV	NOT_RUN	0	0	0	False	True	False	True	[]
GCF_039645575.1	I	NOT_RUN	0	0	0	False	True	False	True	[]
GCF_039645575.1	II	NOT_RUN	0	0	0	False	True	False	True	[]
GCF_039645575.1	III	NOT_RUN	0	0	0	False	True	False	True	[]
GCF_039645575.1	IV	NOT_RUN	0	0	0	False	True	False	True	[]
GCF_039783225.1	I	NOT_RUN	0	0	0	False	True	False	True	[]
GCF_039783225.1	II	NOT_RUN	0	0	0	False	True	False	True	[]
GCF_039783225.1	III	NOT_RUN	0	0	0	False	True	False	True	[]
GCF_039783225.1	IV	NOT_RUN	0	0	0	False	True	False	True	[]
GCF_039783785.1	I	NOT_RUN	0	0	0	False	True	False	True	[]
GCF_039783785.1	II	NOT_RUN	0	0	0	False	True	False	True	[]
GCF_039783785.1	III	NOT_RUN	0	0	0	False	True	False	True	[]
GCF_039783785.1	IV	NOT_RUN	0	0	0	False	True	False	True	[]
GCF_039955095.1	I	NOT_RUN	0	0	0	False	True	False	True	[]
GCF_039955095.1	II	NOT_RUN	0	0	0	False	True	False	True	[]
GCF_039955095.1	III	NOT_RUN	0	0	0	False	True	False	True	[]
GCF_039955095.1	IV	NOT_RUN	0	0	0	False	True	False	True	[]
GCF_041225485.1	I	NOT_RUN	0	0	0	False	True	False	True	[]
GCF_041225485.1	II	NOT_RUN	0	0	0	False	True	False	True	[]
GCF_041225485.1	III	NOT_RUN	0	0	0	False	True	False	True	[]
GCF_041225485.1	IV	NOT_RUN	0	0	0	False	True	False	True	[]
GCF_041225605.1	I	NOT_RUN	0	0	0	False	True	False	True	[]
GCF_041225605.1	II	NOT_RUN	0	0	0	False	True	False	True	[]
GCF_041225605.1	III	NOT_RUN	0	0	0	False	True	False	True	[]
GCF_041225605.1	IV	NOT_RUN	0	0	0	False	True	False	True	[]
GCF_041281755.1	I	NOT_RUN	0	0	0	False	True	False	True	[]
GCF_041281755.1	II	NOT_RUN	0	0	0	False	True	False	True	[]
GCF_041281755.1	III	NOT_RUN	0	0	0	False	True	False	True	[]
GCF_041281755.1	IV	NOT_RUN	0	0	0	False	True	False	True	[]
GCF_041509385.1	I	NOT_RUN	0	0	0	False	True	False	True	[]
GCF_041509385.1	II	NOT_RUN	0	0	0	False	True	False	True	[]
GCF_041509385.1	III	NOT_RUN	0	0	0	False	True	False	True	[]
GCF_041509385.1	IV	NOT_RUN	0	0	0	False	True	False	True	[]
GCF_041514285.1	I	NOT_RUN	0	0	0	False	True	False	True	[]
GCF_041514285.1	II	NOT_RUN	0	0	0	False	True	False	True	[]
GCF_041514285.1	III	NOT_RUN	0	0	0	False	True	False	True	[]
GCF_041514285.1	IV	NOT_RUN	0	0	0	False	True	False	True	[]
GCF_041514295.1	I	NOT_RUN	0	0	0	False	True	False	True	[]
GCF_041514295.1	II	NOT_RUN	0	0	0	False	True	False	True	[]
GCF_041514295.1	III	NOT_RUN	0	0	0	False	True	False	True	[]
GCF_041514295.1	IV	NOT_RUN	0	0	0	False	True	False	True	[]
GCF_041893975.1	I	NOT_RUN	0	0	0	False	True	False	True	[]
GCF_041893975.1	II	NOT_RUN	0	0	0	False	True	False	True	[]
GCF_041893975.1	III	NOT_RUN	0	0	0	False	True	False	True	[]
GCF_041893975.1	IV	NOT_RUN	0	0	0	False	True	False	True	[]
GCF_042847315.1	I	NOT_RUN	0	0	0	False	True	False	True	[]
GCF_042847315.1	II	NOT_RUN	0	0	0	False	True	False	True	[]
GCF_042847315.1	III	NOT_RUN	0	0	0	False	True	False	True	[]
GCF_042847315.1	IV	NOT_RUN	0	0	0	False	True	False	True	[]
GCF_042997415.1	I	NOT_RUN	0	0	0	False	True	False	True	[]
GCF_042997415.1	II	NOT_RUN	0	0	0	False	True	False	True	[]
GCF_042997415.1	III	NOT_RUN	0	0	0	False	True	False	True	[]
GCF_042997415.1	IV	NOT_RUN	0	0	0	False	True	False	True	[]
GCF_045760565.1	I	NOT_RUN	0	0	0	False	True	False	True	[]
GCF_045760565.1	II	NOT_RUN	0	0	0	False	True	False	True	[]
GCF_045760565.1	III	NOT_RUN	0	0	0	False	True	False	True	[]
GCF_045760565.1	IV	NOT_RUN	0	0	0	False	True	False	True	[]
GCF_045801155.1	I	NOT_RUN	0	0	0	False	True	False	True	[]
GCF_045801155.1	II	NOT_RUN	0	0	0	False	True	False	True	[]
GCF_045801155.1	III	NOT_RUN	0	0	0	False	True	False	True	[]
GCF_045801155.1	IV	NOT_RUN	0	0	0	False	True	False	True	[]
GCF_045862825.1	I	NOT_RUN	0	0	0	False	True	False	True	[]
GCF_045862825.1	II	NOT_RUN	0	0	0	False	True	False	True	[]
GCF_045862825.1	III	NOT_RUN	0	0	0	False	True	False	True	[]
GCF_045862825.1	IV	NOT_RUN	0	0	0	False	True	False	True	[]
GCF_046109915.1	I	NOT_RUN	0	0	0	False	True	False	True	[]
GCF_046109915.1	II	NOT_RUN	0	0	0	False	True	False	True	[]
GCF_046109915.1	III	NOT_RUN	0	0	0	False	True	False	True	[]
GCF_046109915.1	IV	NOT_RUN	0	0	0	False	True	False	True	[]
GCF_047344935.1	I	NOT_RUN	0	0	0	False	True	False	True	[]
GCF_047344935.1	II	NOT_RUN	0	0	0	False	True	False	True	[]
GCF_047344935.1	III	NOT_RUN	0	0	0	False	True	False	True	[]
GCF_047344935.1	IV	NOT_RUN	0	0	0	False	True	False	True	[]
GCF_050407965.1	I	NOT_RUN	0	0	0	False	True	False	True	[]
GCF_050407965.1	II	NOT_RUN	0	0	0	False	True	False	True	[]
GCF_050407965.1	III	NOT_RUN	0	0	0	False	True	False	True	[]
GCF_050407965.1	IV	NOT_RUN	0	0	0	False	True	False	True	[]
GCF_050847345.1	I	NOT_RUN	0	0	0	False	True	False	True	[]
GCF_050847345.1	II	NOT_RUN	0	0	0	False	True	False	True	[]
GCF_050847345.1	III	NOT_RUN	0	0	0	False	True	False	True	[]
GCF_050847345.1	IV	NOT_RUN	0	0	0	False	True	False	True	[]
GCF_051098045.1	I	NOT_RUN	0	0	0	False	True	False	True	[]
GCF_051098045.1	II	NOT_RUN	0	0	0	False	True	False	True	[]
GCF_051098045.1	III	NOT_RUN	0	0	0	False	True	False	True	[]
GCF_051098045.1	IV	NOT_RUN	0	0	0	False	True	False	True	[]
GCF_052569745.1	I	NOT_RUN	0	0	0	False	True	False	True	[]
GCF_052569745.1	II	NOT_RUN	0	0	0	False	True	False	True	[]
GCF_052569745.1	III	NOT_RUN	0	0	0	False	True	False	True	[]
GCF_052569745.1	IV	NOT_RUN	0	0	0	False	True	False	True	[]
GCF_052570115.1	I	NOT_RUN	0	0	0	False	True	False	True	[]
GCF_052570115.1	II	NOT_RUN	0	0	0	False	True	False	True	[]
GCF_052570115.1	III	NOT_RUN	0	0	0	False	True	False	True	[]
GCF_052570115.1	IV	NOT_RUN	0	0	0	False	True	False	True	[]
GCF_052571685.1	I	NOT_RUN	0	0	0	False	True	False	True	[]
GCF_052571685.1	II	NOT_RUN	0	0	0	False	True	False	True	[]
GCF_052571685.1	III	NOT_RUN	0	0	0	False	True	False	True	[]
GCF_052571685.1	IV	NOT_RUN	0	0	0	False	True	False	True	[]
GCF_054073565.1	I	NOT_RUN	0	0	0	False	True	False	True	[]
GCF_054073565.1	II	NOT_RUN	0	0	0	False	True	False	True	[]
GCF_054073565.1	III	NOT_RUN	0	0	0	False	True	False	True	[]
GCF_054073565.1	IV	NOT_RUN	0	0	0	False	True	False	True	[]
GCF_054331775.1	I	NOT_RUN	0	0	0	False	True	False	True	[]
GCF_054331775.1	II	NOT_RUN	0	0	0	False	True	False	True	[]
GCF_054331775.1	III	NOT_RUN	0	0	0	False	True	False	True	[]
GCF_054331775.1	IV	NOT_RUN	0	0	0	False	True	False	True	[]
GCF_054452875.2	I	NOT_RUN	0	0	0	False	True	False	True	[]
GCF_054452875.2	II	NOT_RUN	0	0	0	False	True	False	True	[]
GCF_054452875.2	III	NOT_RUN	0	0	0	False	True	False	True	[]
GCF_054452875.2	IV	NOT_RUN	0	0	0	False	True	False	True	[]
GCF_054784775.1	I	NOT_RUN	0	0	0	False	True	False	True	[]
GCF_054784775.1	II	NOT_RUN	0	0	0	False	True	False	True	[]
GCF_054784775.1	III	NOT_RUN	0	0	0	False	True	False	True	[]
GCF_054784775.1	IV	NOT_RUN	0	0	0	False	True	False	True	[]
GCF_054785075.1	I	NOT_RUN	0	0	0	False	True	False	True	[]
GCF_054785075.1	II	NOT_RUN	0	0	0	False	True	False	True	[]
GCF_054785075.1	III	NOT_RUN	0	0	0	False	True	False	True	[]
GCF_054785075.1	IV	NOT_RUN	0	0	0	False	True	False	True	[]
GCF_055180435.1	I	NOT_RUN	0	0	0	False	True	False	True	[]
GCF_055180435.1	II	NOT_RUN	0	0	0	False	True	False	True	[]
GCF_055180435.1	III	NOT_RUN	0	0	0	False	True	False	True	[]
GCF_055180435.1	IV	NOT_RUN	0	0	0	False	True	False	True	[]
GCF_055502585.1	I	NOT_RUN	0	0	0	False	True	False	True	[]
GCF_055502585.1	II	NOT_RUN	0	0	0	False	True	False	True	[]
GCF_055502585.1	III	NOT_RUN	0	0	0	False	True	False	True	[]
GCF_055502585.1	IV	NOT_RUN	0	0	0	False	True	False	True	[]
GCF_055755075.1	I	NOT_RUN	0	0	0	False	True	False	True	[]
GCF_055755075.1	II	NOT_RUN	0	0	0	False	True	False	True	[]
GCF_055755075.1	III	NOT_RUN	0	0	0	False	True	False	True	[]
GCF_055755075.1	IV	NOT_RUN	0	0	0	False	True	False	True	[]
GCF_056269605.1	I	NOT_RUN	0	0	0	False	True	False	True	[]
GCF_056269605.1	II	NOT_RUN	0	0	0	False	True	False	True	[]
GCF_056269605.1	III	NOT_RUN	0	0	0	False	True	False	True	[]
GCF_056269605.1	IV	NOT_RUN	0	0	0	False	True	False	True	[]
GCF_056676095.1	I	NOT_RUN	0	0	0	False	True	False	True	[]
GCF_056676095.1	II	NOT_RUN	0	0	0	False	True	False	True	[]
GCF_056676095.1	III	NOT_RUN	0	0	0	False	True	False	True	[]
GCF_056676095.1	IV	NOT_RUN	0	0	0	False	True	False	True	[]
GCF_057786735.1	I	NOT_RUN	0	0	0	False	True	False	True	[]
GCF_057786735.1	II	NOT_RUN	0	0	0	False	True	False	True	[]
GCF_057786735.1	III	NOT_RUN	0	0	0	False	True	False	True	[]
GCF_057786735.1	IV	NOT_RUN	0	0	0	False	True	False	True	[]
GCF_058111805.1	I	NOT_RUN	0	0	0	False	True	False	True	[]
GCF_058111805.1	II	NOT_RUN	0	0	0	False	True	False	True	[]
GCF_058111805.1	III	NOT_RUN	0	0	0	False	True	False	True	[]
GCF_058111805.1	IV	NOT_RUN	0	0	0	False	True	False	True	[]
GCF_059089415.1	I	NOT_RUN	0	0	0	False	True	False	True	[]
GCF_059089415.1	II	NOT_RUN	0	0	0	False	True	False	True	[]
GCF_059089415.1	III	NOT_RUN	0	0	0	False	True	False	True	[]
GCF_059089415.1	IV	NOT_RUN	0	0	0	False	True	False	True	[]
GCF_060305805.1	I	NOT_RUN	0	0	0	False	True	False	True	[]
GCF_060305805.1	II	NOT_RUN	0	0	0	False	True	False	True	[]
GCF_060305805.1	III	NOT_RUN	0	0	0	False	True	False	True	[]
GCF_060305805.1	IV	NOT_RUN	0	0	0	False	True	False	True	[]
GCF_060307215.1	I	NOT_RUN	0	0	0	False	True	False	True	[]
GCF_060307215.1	II	NOT_RUN	0	0	0	False	True	False	True	[]
GCF_060307215.1	III	NOT_RUN	0	0	0	False	True	False	True	[]
GCF_060307215.1	IV	NOT_RUN	0	0	0	False	True	False	True	[]
GCF_900016205.1	I	NOT_RUN	0	0	0	False	True	False	True	[]
GCF_900016205.1	II	NOT_RUN	0	0	0	False	True	False	True	[]
GCF_900016205.1	III	NOT_RUN	0	0	0	False	True	False	True	[]
GCF_900016205.1	IV	NOT_RUN	0	0	0	False	True	False	True	[]
GCF_900094835.1	I	NOT_RUN	0	0	0	False	True	False	True	[]
GCF_900094835.1	II	NOT_RUN	0	0	0	False	True	False	True	[]
GCF_900094835.1	III	NOT_RUN	0	0	0	False	True	False	True	[]
GCF_900094835.1	IV	NOT_RUN	0	0	0	False	True	False	True	[]
GCF_900240275.1	I	NOT_RUN	0	0	0	False	True	False	True	[]
GCF_900240275.1	II	NOT_RUN	0	0	0	False	True	False	True	[]
GCF_900240275.1	III	NOT_RUN	0	0	0	False	True	False	True	[]
GCF_900240275.1	IV	NOT_RUN	0	0	0	False	True	False	True	[]
GCF_900519455.1	I	NOT_RUN	0	0	0	False	True	False	True	[]
GCF_900519455.1	II	NOT_RUN	0	0	0	False	True	False	True	[]
GCF_900519455.1	III	NOT_RUN	0	0	0	False	True	False	True	[]
GCF_900519455.1	IV	NOT_RUN	0	0	0	False	True	False	True	[]
GCF_900519475.1	I	NOT_RUN	0	0	0	False	True	False	True	[]
GCF_900519475.1	II	NOT_RUN	0	0	0	False	True	False	True	[]
GCF_900519475.1	III	NOT_RUN	0	0	0	False	True	False	True	[]
GCF_900519475.1	IV	NOT_RUN	0	0	0	False	True	False	True	[]
GCF_900636965.1	I	NOT_RUN	0	0	0	False	True	False	True	[]
GCF_900636965.1	II	NOT_RUN	0	0	0	False	True	False	True	[]
GCF_900636965.1	III	NOT_RUN	0	0	0	False	True	False	True	[]
GCF_900636965.1	IV	NOT_RUN	0	0	0	False	True	False	True	[]
GCF_903885985.1	I	NOT_RUN	0	0	0	False	True	False	True	[]
GCF_903885985.1	II	NOT_RUN	0	0	0	False	True	False	True	[]
GCF_903885985.1	III	NOT_RUN	0	0	0	False	True	False	True	[]
GCF_903885985.1	IV	NOT_RUN	0	0	0	False	True	False	True	[]
GCF_903886345.1	I	NOT_RUN	0	0	0	False	True	False	True	[]
GCF_903886345.1	II	NOT_RUN	0	0	0	False	True	False	True	[]
GCF_903886345.1	III	NOT_RUN	0	0	0	False	True	False	True	[]
GCF_903886345.1	IV	NOT_RUN	0	0	0	False	True	False	True	[]
GCF_903886475.1	I	NOT_RUN	0	0	0	False	True	False	True	[]
GCF_903886475.1	II	NOT_RUN	0	0	0	False	True	False	True	[]
GCF_903886475.1	III	NOT_RUN	0	0	0	False	True	False	True	[]
GCF_903886475.1	IV	NOT_RUN	0	0	0	False	True	False	True	[]
GCF_903891025.1	I	NOT_RUN	0	0	0	False	True	False	True	[]
GCF_903891025.1	II	NOT_RUN	0	0	0	False	True	False	True	[]
GCF_903891025.1	III	NOT_RUN	0	0	0	False	True	False	True	[]
GCF_903891025.1	IV	NOT_RUN	0	0	0	False	True	False	True	[]
GCF_903891205.1	I	NOT_RUN	0	0	0	False	True	False	True	[]
GCF_903891205.1	II	NOT_RUN	0	0	0	False	True	False	True	[]
GCF_903891205.1	III	NOT_RUN	0	0	0	False	True	False	True	[]
GCF_903891205.1	IV	NOT_RUN	0	0	0	False	True	False	True	[]
GCF_947539375.1	I	NOT_RUN	0	0	0	False	True	False	True	[]
GCF_947539375.1	II	NOT_RUN	0	0	0	False	True	False	True	[]
GCF_947539375.1	III	NOT_RUN	0	0	0	False	True	False	True	[]
GCF_947539375.1	IV	NOT_RUN	0	0	0	False	True	False	True	[]
GCF_963243495.1	I	NOT_RUN	0	0	0	False	True	False	True	[]
GCF_963243495.1	II	NOT_RUN	0	0	0	False	True	False	True	[]
GCF_963243495.1	III	NOT_RUN	0	0	0	False	True	False	True	[]
GCF_963243495.1	IV	NOT_RUN	0	0	0	False	True	False	True	[]
GCF_963281025.1	I	NOT_RUN	0	0	0	False	True	False	True	[]
GCF_963281025.1	II	NOT_RUN	0	0	0	False	True	False	True	[]
GCF_963281025.1	III	NOT_RUN	0	0	0	False	True	False	True	[]
GCF_963281025.1	IV	NOT_RUN	0	0	0	False	True	False	True	[]
GCF_964063315.1	I	NOT_RUN	0	0	0	False	True	False	True	[]
GCF_964063315.1	II	NOT_RUN	0	0	0	False	True	False	True	[]
GCF_964063315.1	III	NOT_RUN	0	0	0	False	True	False	True	[]
GCF_964063315.1	IV	NOT_RUN	0	0	0	False	True	False	True	[]
GCF_965136965.1	I	NOT_RUN	0	0	0	False	True	False	True	[]
GCF_965136965.1	II	NOT_RUN	0	0	0	False	True	False	True	[]
GCF_965136965.1	III	NOT_RUN	0	0	0	False	True	False	True	[]
GCF_965136965.1	IV	NOT_RUN	0	0	0	False	True	False	True	[]
GCF_965286035.1	I	NOT_RUN	0	0	0	False	True	False	True	[]
GCF_965286035.1	II	NOT_RUN	0	0	0	False	True	False	True	[]
GCF_965286035.1	III	NOT_RUN	0	0	0	False	True	False	True	[]
GCF_965286035.1	IV	NOT_RUN	0	0	0	False	True	False	True	[]
GCF_965286295.1	I	NOT_RUN	0	0	0	False	True	False	True	[]
GCF_965286295.1	II	NOT_RUN	0	0	0	False	True	False	True	[]
GCF_965286295.1	III	NOT_RUN	0	0	0	False	True	False	True	[]
GCF_965286295.1	IV	NOT_RUN	0	0	0	False	True	False	True	[]
GCF_965286585.1	I	NOT_RUN	0	0	0	False	True	False	True	[]
GCF_965286585.1	II	NOT_RUN	0	0	0	False	True	False	True	[]
GCF_965286585.1	III	NOT_RUN	0	0	0	False	True	False	True	[]
GCF_965286585.1	IV	NOT_RUN	0	0	0	False	True	False	True	[]
GCF_982267005.1	I	NOT_RUN	0	0	0	False	True	False	True	[]
GCF_982267005.1	II	NOT_RUN	0	0	0	False	True	False	True	[]
GCF_982267005.1	III	NOT_RUN	0	0	0	False	True	False	True	[]
GCF_982267005.1	IV	NOT_RUN	0	0	0	False	True	False	True	[]
