accession	Type_I	Type_II	Type_III	Type_IV
GCF_000009425.1	NA	NA	NA	NA
GCF_000010145.1	NA	NA	NA	NA
GCF_000011045.1	NA	NA	NA	NA
GCF_000014385.1	NA	NA	NA	NA
GCF_000014425.1	NA	NA	NA	NA
GCF_000014445.1	NA	NA	NA	NA
GCF_000014505.1	NA	NA	NA	NA
GCF_000014545.1	NA	NA	NA	NA
GCF_000015385.1	NA	NA	NA	NA
GCF_000016825.1	NA	NA	NA	NA
GCF_000023085.1	NA	NA	NA	NA
GCF_000025045.1	NA	NA	NA	NA
GCF_000026405.1	NA	NA	NA	NA
GCF_000092505.1	NA	NA	NA	NA
GCF_000148815.2	NA	NA	NA	NA
GCF_000155515.2	NA	NA	NA	NA
GCF_000160835.1	NA	NA	NA	NA
GCF_000203855.3	NA	NA	NA	NA
GCF_000237995.1	NA	NA	NA	NA
GCF_000241055.1	NA	NA	NA	NA
GCF_000269925.1	NA	NA	NA	NA
GCF_000269945.1	NA	NA	NA	NA
GCF_000298875.1	NA	NA	NA	NA
GCF_000468955.1	NA	NA	NA	NA
GCF_000691805.2	NA	NA	NA	NA
GCF_001434365.1	NA	NA	NA	NA
GCF_001434705.1	NA	NA	NA	NA
GCF_001435245.1	NA	NA	NA	NA
GCF_001436135.1	NA	NA	NA	NA
GCF_001436905.1	NA	NA	NA	NA
GCF_001437055.1	NA	NA	NA	NA
GCF_001437425.1	NA	NA	NA	NA
GCF_001438705.1	NA	NA	NA	NA
GCF_001536305.1	NA	NA	NA	NA
GCF_001618285.1	NA	NA	NA	NA
GCF_001702215.1	NA	NA	NA	NA
GCF_001702235.1	NA	NA	NA	NA
GCF_001752505.1	NA	NA	NA	NA
GCF_001752515.1	NA	NA	NA	NA
GCF_001752545.1	NA	NA	NA	NA
GCF_001761545.1	NA	NA	NA	NA
GCF_001767275.1	NA	NA	NA	NA
GCF_001888925.1	NA	NA	NA	NA
GCF_001891125.1	NA	NA	NA	NA
GCF_001932615.1	NA	NA	NA	NA
GCF_001998805.1	NA	NA	NA	NA
GCF_002174215.1	NA	NA	NA	NA
GCF_002950695.1	NA	NA	NA	NA
GCF_002970915.1	NA	NA	NA	NA
GCF_002970935.1	NA	NA	NA	NA
GCF_003150935.1	NA	NA	NA	NA
GCF_003151025.1	NA	NA	NA	NA
GCF_003173695.1	NA	NA	NA	NA
GCF_003176835.1	NA	NA	NA	NA
GCF_003264795.1	NA	NA	NA	NA
GCF_003584685.1	NA	NA	NA	NA
GCF_003641185.1	NA	NA	NA	NA
GCF_003722275.1	NA	NA	NA	NA
GCF_003999355.1	NA	NA	NA	NA
GCF_004354645.1	NA	NA	NA	NA
GCF_004377635.1	NA	NA	NA	NA
GCF_005405405.1	NA	NA	NA	NA
GCF_005405465.1	NA	NA	NA	NA
GCF_007954605.1	NA	NA	NA	NA
GCF_007954785.1	NA	NA	NA	NA
GCF_008107645.1	NA	NA	NA	NA
GCF_008831485.1	NA	NA	NA	NA
GCF_009184845.1	NA	NA	NA	NA
GCF_009856565.1	NA	NA	NA	NA
GCF_009913655.1	NA	NA	NA	NA
GCF_009913995.1	NA	NA	NA	NA
GCF_009914015.1	NA	NA	NA	NA
GCF_009914035.1	NA	NA	NA	NA
GCF_010092385.1	NA	NA	NA	NA
GCF_011058775.1	NA	NA	NA	NA
GCF_011304355.1	NA	NA	NA	NA
GCF_013113695.1	NA	NA	NA	NA
GCF_013407595.1	NA	NA	NA	NA
GCF_014131735.1	NA	NA	NA	NA
GCF_014145545.1	NA	NA	NA	NA
GCF_014145555.1	NA	NA	NA	NA
GCF_014145615.1	NA	NA	NA	NA
GCF_014397255.1	NA	NA	NA	NA
GCF_014656585.1	NA	NA	NA	NA
GCF_014789145.1	NA	NA	NA	NA
GCF_016127255.1	NA	NA	NA	NA
GCF_016127815.1	NA	NA	NA	NA
GCF_016647595.1	NA	NA	NA	NA
GCF_016919665.1	NA	NA	NA	NA
GCF_017068355.1	NA	NA	NA	NA
GCF_017894345.1	NA	NA	NA	NA
GCF_018394055.1	NA	NA	NA	NA
GCF_018502505.1	NA	NA	NA	NA
GCF_019448175.1	NA	NA	NA	NA
GCF_019469265.1	NA	NA	NA	NA
GCF_019576155.1	NA	NA	NA	NA
GCF_019797825.1	NA	NA	NA	NA
GCF_020510245.1	NA	NA	NA	NA
GCF_020784695.1	NA	NA	NA	NA
GCF_020844005.1	NA	NA	NA	NA
GCF_021378055.1	NA	NA	NA	NA
GCF_023169905.1	NA	NA	NA	NA
GCF_023499275.1	NA	NA	NA	NA
GCF_023920145.1	NA	NA	NA	NA
GCF_024334065.1	NA	NA	NA	NA
GCF_024397795.1	NA	NA	NA	NA
GCF_024718545.1	NA	NA	NA	NA
GCF_025311495.1	NA	NA	NA	NA
GCF_025490915.1	NA	NA	NA	NA
GCF_025739325.1	NA	NA	NA	NA
GCF_025948295.1	NA	NA	NA	NA
GCF_026222675.1	NA	NA	NA	NA
GCF_028607025.1	NA	NA	NA	NA
GCF_028621815.1	NA	NA	NA	NA
GCF_028736235.1	NA	NA	NA	NA
GCF_029025825.1	NA	NA	NA	NA
GCF_029726355.1	NA	NA	NA	NA
GCF_029854335.1	NA	NA	NA	NA
GCF_029866985.1	NA	NA	NA	NA
GCF_030480545.1	NA	NA	NA	NA
GCF_030770265.1	NA	NA	NA	NA
GCF_030770295.1	NA	NA	NA	NA
GCF_030770335.1	NA	NA	NA	NA
GCF_032762665.1	NA	NA	NA	NA
GCF_033142085.1	NA	NA	NA	NA
GCF_033570435.1	NA	NA	NA	NA
GCF_034703025.1	NA	NA	NA	NA
GCF_035985965.1	NA	NA	NA	NA
GCF_036246165.1	NA	NA	NA	NA
GCF_036246185.1	NA	NA	NA	NA
GCF_036246225.1	NA	NA	NA	NA
GCF_036327715.1	NA	NA	NA	NA
GCF_037290055.1	NA	NA	NA	NA
GCF_037891785.1	NA	NA	NA	NA
GCF_037892375.1	NA	NA	NA	NA
GCF_038049945.1	NA	NA	NA	NA
GCF_039645515.1	NA	NA	NA	NA
GCF_039645575.1	NA	NA	NA	NA
GCF_039783225.1	NA	NA	NA	NA
GCF_039783785.1	NA	NA	NA	NA
GCF_039955095.1	NA	NA	NA	NA
GCF_041225485.1	NA	NA	NA	NA
GCF_041225605.1	NA	NA	NA	NA
GCF_041281755.1	NA	NA	NA	NA
GCF_041509385.1	NA	NA	NA	NA
GCF_041514285.1	NA	NA	NA	NA
GCF_041514295.1	NA	NA	NA	NA
GCF_041893975.1	NA	NA	NA	NA
GCF_042847315.1	NA	NA	NA	NA
GCF_042997415.1	NA	NA	NA	NA
GCF_045760565.1	NA	NA	NA	NA
GCF_045801155.1	NA	NA	NA	NA
GCF_045862825.1	NA	NA	NA	NA
GCF_046109915.1	NA	NA	NA	NA
GCF_047344935.1	NA	NA	NA	NA
GCF_050407965.1	NA	NA	NA	NA
GCF_050847345.1	NA	NA	NA	NA
GCF_051098045.1	NA	NA	NA	NA
GCF_052569745.1	NA	NA	NA	NA
GCF_052570115.1	NA	NA	NA	NA
GCF_052571685.1	NA	NA	NA	NA
GCF_054073565.1	NA	NA	NA	NA
GCF_054331775.1	NA	NA	NA	NA
GCF_054452875.2	NA	NA	NA	NA
GCF_054784775.1	NA	NA	NA	NA
GCF_054785075.1	NA	NA	NA	NA
GCF_055180435.1	NA	NA	NA	NA
GCF_055502585.1	NA	NA	NA	NA
GCF_055755075.1	NA	NA	NA	NA
GCF_056269605.1	NA	NA	NA	NA
GCF_056676095.1	NA	NA	NA	NA
GCF_057786735.1	NA	NA	NA	NA
GCF_058111805.1	NA	NA	NA	NA
GCF_059089415.1	NA	NA	NA	NA
GCF_060305805.1	NA	NA	NA	NA
GCF_060307215.1	NA	NA	NA	NA
GCF_900016205.1	NA	NA	NA	NA
GCF_900094835.1	NA	NA	NA	NA
GCF_900240275.1	NA	NA	NA	NA
GCF_900519455.1	NA	NA	NA	NA
GCF_900519475.1	NA	NA	NA	NA
GCF_900636965.1	NA	NA	NA	NA
GCF_903885985.1	NA	NA	NA	NA
GCF_903886345.1	NA	NA	NA	NA
GCF_903886475.1	NA	NA	NA	NA
GCF_903891025.1	NA	NA	NA	NA
GCF_903891205.1	NA	NA	NA	NA
GCF_947539375.1	NA	NA	NA	NA
GCF_963243495.1	NA	NA	NA	NA
GCF_963281025.1	NA	NA	NA	NA
GCF_964063315.1	NA	NA	NA	NA
GCF_965136965.1	NA	NA	NA	NA
GCF_965286035.1	NA	NA	NA	NA
GCF_965286295.1	NA	NA	NA	NA
GCF_965286585.1	NA	NA	NA	NA
GCF_982267005.1	NA	NA	NA	NA
