sha256	bytes	path
85a0ada99ed980f0cf787410735389b6b0b553d456c47509a4a8d8b6e8efebd6	3332	G:\My Drive\LAB_RM\lab-rm-phylogenomics-196\config\approved_accessions.txt
442742d083628ab5382a10cafc422c57084cd9bde45a4f2950f15e2c199e3307	3424904	G:\My Drive\LAB_RM\lab-rm-phylogenomics-196\.work\stage04_phylogeny_v2\analyses\primary196\concatenated.faa
da4885a5d007cfe61e8beeb2391383ffbfabe6a93a614a67cdf85be99fd2f920	4448354	G:\My Drive\LAB_RM\lab-rm-phylogenomics-196\.work\stage04_phylogeny_v2\analyses\primary196\concatenated.clw
f4f2e93b2e2e5add3a5289935e405fb46f6a37a2751773f8fd97c9d636449751	3424914	G:\My Drive\LAB_RM\lab-rm-phylogenomics-196\.work\stage04_phylogeny_v2\analyses\primary196\concatenated.phy
13b3e92a5ee2d481ccd5be17ab6fad5459281cbc249516fe2d369f9b3a945678	3425407	G:\My Drive\LAB_RM\lab-rm-phylogenomics-196\.work\stage04_phylogeny_v2\analyses\primary196\concatenated.nex
988060f9f447cbc1fdd7a4e0b361393c507f9534b2dbeb9e50666edf783332d0	9714	G:\My Drive\LAB_RM\lab-rm-phylogenomics-196\.work\stage04_phylogeny_v2\analyses\primary196\partitions.tsv
fa640e5e984b33e73a86b1ec7a7c18f7161a12252e68e9e3c6ceb2644eb7edc5	2924	G:\My Drive\LAB_RM\lab-rm-phylogenomics-196\.work\stage04_phylogeny_v2\analyses\primary196\partitions.nex
cb12875eb7be8620ab0fca32d221b5ffd65f63a53b024cb8f53fd7f3a7f4d029	2300	G:\My Drive\LAB_RM\lab-rm-phylogenomics-196\.work\stage04_phylogeny_v2\analyses\primary196\partitions.raxml.txt
7785b64c3dc237ca77ee7e6411579fa8497a6e2c0b6d5c07a8de054891e99f5f	4941942	G:\My Drive\LAB_RM\lab-rm-phylogenomics-196\.work\stage04_phylogeny_v2\analyses\primary196\source_block_mapping.tsv
5a6f4ec29568c81025b82b43f5da44267ce0df7b2da4f91a211eec9c04b87ad0	3136	G:\My Drive\LAB_RM\lab-rm-phylogenomics-196\.work\stage04_phylogeny_v2\analyses\primary196\accessions.txt
3a3f8f292faaf1bf64d5cd38ce750547b1e77a656807e73df4d2f2e23e1ae748	1052	G:\My Drive\LAB_RM\lab-rm-phylogenomics-196\.work\stage04_phylogeny_v2\analyses\primary196\marker_order.txt
8ace20ef0c75c14ae8f7ab70af243b435e5652561974d3f174d592a8442908ef	819	G:\My Drive\LAB_RM\lab-rm-phylogenomics-196\.work\stage04_phylogeny_v2\analyses\primary196\identical_alignment_groups.json
2837a7079abdae498c4f91aee648294421789790090a61f6f794897648df2341	23568	G:\My Drive\LAB_RM\lab-rm-phylogenomics-196\.work\stage04_phylogeny_v2\analyses\primary196\tip_label_map.tsv
ec6c09ffe596869497f13d69389eb3345266f4b89b1edaa6ce7608e35cbe6739	29506545	G:\My Drive\LAB_RM\lab-rm-phylogenomics-196\release_staging\stage04a\stage04a-full196-validated-alignments.zip
6395260ce715f1385a8a5cbc0fbace34bead88605046e2580f1c109272b00707	160437	G:\My Drive\LAB_RM\lab-rm-phylogenomics-196\release_staging\stage04a\stage04a-methods-and-independent-evidence.zip
