accession	rm_type	state	complete_count	partial_count	candidate_count	search_complete	conflict	review_ids	positive_invalidated	count_lower_bound
TEST_00000001.1	I	COMPLETE_PREDICTED_WITH_OTHER_PARTIAL	1	1	0	false	false	[]	false	true
TEST_00000001.1	II	NOT_DETECTED_AFTER_SUCCESSFUL_SEARCH	0	0	0	true	false	[]	false	false
TEST_00000001.1	III	NOT_RUN_SYNTHETIC_UNKNOWN	0	0	0	false	false	[]	false	true
TEST_00000001.1	IV	COMPLETE_PREDICTED_WITH_OTHER_PARTIAL	1	1	0	false	false	[]	false	true
TEST_00000002.1	I	NOT_DETECTED_AFTER_SUCCESSFUL_SEARCH	0	0	0	true	false	[]	false	false
TEST_00000002.1	II	NOT_RUN_SYNTHETIC_UNKNOWN	0	0	0	false	false	[]	false	true
TEST_00000002.1	III	COMPLETE_PREDICTED	1	0	0	true	false	[]	false	false
TEST_00000002.1	IV	NOT_DETECTED_AFTER_SUCCESSFUL_SEARCH	0	0	0	true	false	[]	false	false
TEST_00000003.1	I	NOT_RUN_SYNTHETIC_UNKNOWN	0	0	0	false	false	[]	false	true
TEST_00000003.1	II	COMPLETE_PREDICTED	1	0	0	true	false	[]	false	false
TEST_00000003.1	III	NOT_DETECTED_AFTER_SUCCESSFUL_SEARCH	0	0	0	true	false	[]	false	false
TEST_00000003.1	IV	NOT_RUN_SYNTHETIC_UNKNOWN	0	0	0	false	false	[]	false	true
TEST_00000004.1	I	COMPLETE_PREDICTED	1	0	0	true	false	[]	false	false
TEST_00000004.1	II	NOT_DETECTED_AFTER_SUCCESSFUL_SEARCH	0	0	0	true	false	[]	false	false
TEST_00000004.1	III	NOT_RUN_SYNTHETIC_UNKNOWN	0	0	0	false	false	[]	false	true
TEST_00000004.1	IV	COMPLETE_PREDICTED	1	0	0	true	false	[]	false	false
TEST_00000005.1	I	NOT_DETECTED_AFTER_SUCCESSFUL_SEARCH	0	0	0	true	false	[]	false	false
TEST_00000005.1	II	NOT_RUN_SYNTHETIC_UNKNOWN	0	0	0	false	false	[]	false	true
TEST_00000005.1	III	COMPLETE_PREDICTED	1	0	0	true	false	[]	false	false
TEST_00000005.1	IV	NOT_DETECTED_AFTER_SUCCESSFUL_SEARCH	0	0	0	true	false	[]	false	false
TEST_00000006.1	I	NOT_RUN_SYNTHETIC_UNKNOWN	0	0	0	false	false	[]	false	true
TEST_00000006.1	II	COMPLETE_PREDICTED_WITH_OTHER_PARTIAL	1	1	0	false	false	[]	false	true
TEST_00000006.1	III	NOT_DETECTED_AFTER_SUCCESSFUL_SEARCH	0	0	0	true	false	[]	false	false
TEST_00000006.1	IV	NOT_RUN_SYNTHETIC_UNKNOWN	0	0	0	false	false	[]	false	true
TEST_00000007.1	I	COMPLETE_PREDICTED	1	0	0	true	false	[]	false	false
TEST_00000007.1	II	NOT_DETECTED_AFTER_SUCCESSFUL_SEARCH	0	0	0	true	false	[]	false	false
TEST_00000007.1	III	NOT_RUN_SYNTHETIC_UNKNOWN	0	0	0	false	false	[]	false	true
TEST_00000007.1	IV	COMPLETE_PREDICTED	1	0	0	true	false	[]	false	false
TEST_00000008.1	I	NOT_DETECTED_AFTER_SUCCESSFUL_SEARCH	0	0	0	true	false	[]	false	false
TEST_00000008.1	II	NOT_RUN_SYNTHETIC_UNKNOWN	0	0	0	false	false	[]	false	true
TEST_00000008.1	III	COMPLETE_PREDICTED	1	0	0	true	false	[]	false	false
TEST_00000008.1	IV	NOT_DETECTED_AFTER_SUCCESSFUL_SEARCH	0	0	0	true	false	[]	false	false
TEST_00000009.1	I	NOT_RUN_SYNTHETIC_UNKNOWN	0	0	0	false	false	[]	false	true
TEST_00000009.1	II	COMPLETE_PREDICTED	1	0	0	true	false	[]	false	false
TEST_00000009.1	III	NOT_DETECTED_AFTER_SUCCESSFUL_SEARCH	0	0	0	true	false	[]	false	false
TEST_00000009.1	IV	NOT_RUN_SYNTHETIC_UNKNOWN	0	0	0	false	false	[]	false	true
TEST_00000010.1	I	COMPLETE_PREDICTED	1	0	0	true	false	[]	false	false
TEST_00000010.1	II	NOT_DETECTED_AFTER_SUCCESSFUL_SEARCH	0	0	0	true	false	[]	false	false
TEST_00000010.1	III	NOT_RUN_SYNTHETIC_UNKNOWN	0	0	0	false	false	[]	false	true
TEST_00000010.1	IV	COMPLETE_PREDICTED	1	0	0	true	false	[]	false	false
TEST_00000011.1	I	NOT_DETECTED_AFTER_SUCCESSFUL_SEARCH	0	0	0	true	false	[]	false	false
TEST_00000011.1	II	NOT_RUN_SYNTHETIC_UNKNOWN	0	0	0	false	false	[]	false	true
TEST_00000011.1	III	COMPLETE_PREDICTED_WITH_OTHER_PARTIAL	1	1	0	false	false	[]	false	true
TEST_00000011.1	IV	NOT_DETECTED_AFTER_SUCCESSFUL_SEARCH	0	0	0	true	false	[]	false	false
TEST_00000012.1	I	NOT_RUN_SYNTHETIC_UNKNOWN	0	0	0	false	false	[]	false	true
TEST_00000012.1	II	COMPLETE_PREDICTED	1	0	0	true	false	[]	false	false
TEST_00000012.1	III	NOT_DETECTED_AFTER_SUCCESSFUL_SEARCH	0	0	0	true	false	[]	false	false
TEST_00000012.1	IV	NOT_RUN_SYNTHETIC_UNKNOWN	0	0	0	false	false	[]	false	true
TEST_00000013.1	I	COMPLETE_PREDICTED	1	0	0	true	false	[]	false	false
TEST_00000013.1	II	NOT_DETECTED_AFTER_SUCCESSFUL_SEARCH	0	0	0	true	false	[]	false	false
TEST_00000013.1	III	NOT_RUN_SYNTHETIC_UNKNOWN	0	0	0	false	false	[]	false	true
TEST_00000013.1	IV	COMPLETE_PREDICTED	1	0	0	true	false	[]	false	false
TEST_00000014.1	I	NOT_DETECTED_AFTER_SUCCESSFUL_SEARCH	0	0	0	true	false	[]	false	false
TEST_00000014.1	II	NOT_RUN_SYNTHETIC_UNKNOWN	0	0	0	false	false	[]	false	true
TEST_00000014.1	III	COMPLETE_PREDICTED	1	0	0	true	false	[]	false	false
TEST_00000014.1	IV	NOT_DETECTED_AFTER_SUCCESSFUL_SEARCH	0	0	0	true	false	[]	false	false
TEST_00000015.1	I	NOT_RUN_SYNTHETIC_UNKNOWN	0	0	0	false	false	[]	false	true
TEST_00000015.1	II	COMPLETE_PREDICTED	1	0	0	true	false	[]	false	false
TEST_00000015.1	III	NOT_DETECTED_AFTER_SUCCESSFUL_SEARCH	0	0	0	true	false	[]	false	false
TEST_00000015.1	IV	NOT_RUN_SYNTHETIC_UNKNOWN	0	0	0	false	false	[]	false	true
TEST_00000016.1	I	COMPLETE_PREDICTED_WITH_OTHER_PARTIAL	1	1	0	false	false	[]	false	true
TEST_00000016.1	II	NOT_DETECTED_AFTER_SUCCESSFUL_SEARCH	0	0	0	true	false	[]	false	false
TEST_00000016.1	III	NOT_RUN_SYNTHETIC_UNKNOWN	0	0	0	false	false	[]	false	true
TEST_00000016.1	IV	COMPLETE_PREDICTED_WITH_OTHER_PARTIAL	1	1	0	false	false	[]	false	true
TEST_00000017.1	I	NOT_DETECTED_AFTER_SUCCESSFUL_SEARCH	0	0	0	true	false	[]	false	false
TEST_00000017.1	II	NOT_RUN_SYNTHETIC_UNKNOWN	0	0	0	false	false	[]	false	true
TEST_00000017.1	III	COMPLETE_PREDICTED	1	0	0	true	false	[]	false	false
TEST_00000017.1	IV	NOT_DETECTED_AFTER_SUCCESSFUL_SEARCH	0	0	0	true	false	[]	false	false
TEST_00000018.1	I	NOT_RUN_SYNTHETIC_UNKNOWN	0	0	0	false	false	[]	false	true
TEST_00000018.1	II	COMPLETE_PREDICTED	1	0	0	true	false	[]	false	false
TEST_00000018.1	III	NOT_DETECTED_AFTER_SUCCESSFUL_SEARCH	0	0	0	true	false	[]	false	false
TEST_00000018.1	IV	NOT_RUN_SYNTHETIC_UNKNOWN	0	0	0	false	false	[]	false	true
TEST_00000019.1	I	COMPLETE_PREDICTED	1	0	0	true	false	[]	false	false
TEST_00000019.1	II	NOT_DETECTED_AFTER_SUCCESSFUL_SEARCH	0	0	0	true	false	[]	false	false
TEST_00000019.1	III	NOT_RUN_SYNTHETIC_UNKNOWN	0	0	0	false	false	[]	false	true
TEST_00000019.1	IV	COMPLETE_PREDICTED	1	0	0	true	false	[]	false	false
TEST_00000020.1	I	NOT_DETECTED_AFTER_SUCCESSFUL_SEARCH	0	0	0	true	false	[]	false	false
TEST_00000020.1	II	NOT_RUN_SYNTHETIC_UNKNOWN	0	0	0	false	false	[]	false	true
TEST_00000020.1	III	COMPLETE_PREDICTED	1	0	0	true	false	[]	false	false
TEST_00000020.1	IV	NOT_DETECTED_AFTER_SUCCESSFUL_SEARCH	0	0	0	true	false	[]	false	false
TEST_00000021.1	I	NOT_RUN_SYNTHETIC_UNKNOWN	0	0	0	false	false	[]	false	true
TEST_00000021.1	II	COMPLETE_PREDICTED_WITH_OTHER_PARTIAL	1	1	0	false	false	[]	false	true
TEST_00000021.1	III	NOT_DETECTED_AFTER_SUCCESSFUL_SEARCH	0	0	0	true	false	[]	false	false
TEST_00000021.1	IV	NOT_RUN_SYNTHETIC_UNKNOWN	0	0	0	false	false	[]	false	true
TEST_00000022.1	I	COMPLETE_PREDICTED	1	0	0	true	false	[]	false	false
TEST_00000022.1	II	NOT_DETECTED_AFTER_SUCCESSFUL_SEARCH	0	0	0	true	false	[]	false	false
TEST_00000022.1	III	NOT_RUN_SYNTHETIC_UNKNOWN	0	0	0	false	false	[]	false	true
TEST_00000022.1	IV	COMPLETE_PREDICTED	1	0	0	true	false	[]	false	false
TEST_00000023.1	I	NOT_DETECTED_AFTER_SUCCESSFUL_SEARCH	0	0	0	true	false	[]	false	false
TEST_00000023.1	II	NOT_RUN_SYNTHETIC_UNKNOWN	0	0	0	false	false	[]	false	true
TEST_00000023.1	III	COMPLETE_PREDICTED	1	0	0	true	false	[]	false	false
TEST_00000023.1	IV	NOT_DETECTED_AFTER_SUCCESSFUL_SEARCH	0	0	0	true	false	[]	false	false
TEST_00000024.1	I	NOT_RUN_SYNTHETIC_UNKNOWN	0	0	0	false	false	[]	false	true
TEST_00000024.1	II	COMPLETE_PREDICTED	1	0	0	true	false	[]	false	false
TEST_00000024.1	III	NOT_DETECTED_AFTER_SUCCESSFUL_SEARCH	0	0	0	true	false	[]	false	false
TEST_00000024.1	IV	NOT_RUN_SYNTHETIC_UNKNOWN	0	0	0	false	false	[]	false	true
TEST_00000025.1	I	COMPLETE_PREDICTED	1	0	0	true	false	[]	false	false
TEST_00000025.1	II	NOT_DETECTED_AFTER_SUCCESSFUL_SEARCH	0	0	0	true	false	[]	false	false
TEST_00000025.1	III	NOT_RUN_SYNTHETIC_UNKNOWN	0	0	0	false	false	[]	false	true
TEST_00000025.1	IV	COMPLETE_PREDICTED	1	0	0	true	false	[]	false	false
TEST_00000026.1	I	NOT_DETECTED_AFTER_SUCCESSFUL_SEARCH	0	0	0	true	false	[]	false	false
TEST_00000026.1	II	NOT_RUN_SYNTHETIC_UNKNOWN	0	0	0	false	false	[]	false	true
TEST_00000026.1	III	COMPLETE_PREDICTED_WITH_OTHER_PARTIAL	1	1	0	false	false	[]	false	true
TEST_00000026.1	IV	NOT_DETECTED_AFTER_SUCCESSFUL_SEARCH	0	0	0	true	false	[]	false	false
TEST_00000027.1	I	NOT_RUN_SYNTHETIC_UNKNOWN	0	0	0	false	false	[]	false	true
TEST_00000027.1	II	COMPLETE_PREDICTED	1	0	0	true	false	[]	false	false
TEST_00000027.1	III	NOT_DETECTED_AFTER_SUCCESSFUL_SEARCH	0	0	0	true	false	[]	false	false
TEST_00000027.1	IV	NOT_RUN_SYNTHETIC_UNKNOWN	0	0	0	false	false	[]	false	true
TEST_00000028.1	I	COMPLETE_PREDICTED	1	0	0	true	false	[]	false	false
TEST_00000028.1	II	NOT_DETECTED_AFTER_SUCCESSFUL_SEARCH	0	0	0	true	false	[]	false	false
TEST_00000028.1	III	NOT_RUN_SYNTHETIC_UNKNOWN	0	0	0	false	false	[]	false	true
TEST_00000028.1	IV	COMPLETE_PREDICTED	1	0	0	true	false	[]	false	false
TEST_00000029.1	I	NOT_DETECTED_AFTER_SUCCESSFUL_SEARCH	0	0	0	true	false	[]	false	false
TEST_00000029.1	II	NOT_RUN_SYNTHETIC_UNKNOWN	0	0	0	false	false	[]	false	true
TEST_00000029.1	III	COMPLETE_PREDICTED	1	0	0	true	false	[]	false	false
TEST_00000029.1	IV	NOT_DETECTED_AFTER_SUCCESSFUL_SEARCH	0	0	0	true	false	[]	false	false
TEST_00000030.1	I	NOT_RUN_SYNTHETIC_UNKNOWN	0	0	0	false	false	[]	false	true
TEST_00000030.1	II	COMPLETE_PREDICTED	1	0	0	true	false	[]	false	false
TEST_00000030.1	III	NOT_DETECTED_AFTER_SUCCESSFUL_SEARCH	0	0	0	true	false	[]	false	false
TEST_00000030.1	IV	NOT_RUN_SYNTHETIC_UNKNOWN	0	0	0	false	false	[]	false	true
TEST_00000031.1	I	COMPLETE_PREDICTED_WITH_OTHER_PARTIAL	1	1	0	false	false	[]	false	true
TEST_00000031.1	II	NOT_DETECTED_AFTER_SUCCESSFUL_SEARCH	0	0	0	true	false	[]	false	false
TEST_00000031.1	III	NOT_RUN_SYNTHETIC_UNKNOWN	0	0	0	false	false	[]	false	true
TEST_00000031.1	IV	COMPLETE_PREDICTED_WITH_OTHER_PARTIAL	1	1	0	false	false	[]	false	true
TEST_00000032.1	I	NOT_DETECTED_AFTER_SUCCESSFUL_SEARCH	0	0	0	true	false	[]	false	false
TEST_00000032.1	II	NOT_RUN_SYNTHETIC_UNKNOWN	0	0	0	false	false	[]	false	true
TEST_00000032.1	III	COMPLETE_PREDICTED	1	0	0	true	false	[]	false	false
TEST_00000032.1	IV	NOT_DETECTED_AFTER_SUCCESSFUL_SEARCH	0	0	0	true	false	[]	false	false
TEST_00000033.1	I	NOT_RUN_SYNTHETIC_UNKNOWN	0	0	0	false	false	[]	false	true
TEST_00000033.1	II	COMPLETE_PREDICTED	1	0	0	true	false	[]	false	false
TEST_00000033.1	III	NOT_DETECTED_AFTER_SUCCESSFUL_SEARCH	0	0	0	true	false	[]	false	false
TEST_00000033.1	IV	NOT_RUN_SYNTHETIC_UNKNOWN	0	0	0	false	false	[]	false	true
TEST_00000034.1	I	COMPLETE_PREDICTED	1	0	0	true	false	[]	false	false
TEST_00000034.1	II	NOT_DETECTED_AFTER_SUCCESSFUL_SEARCH	0	0	0	true	false	[]	false	false
TEST_00000034.1	III	NOT_RUN_SYNTHETIC_UNKNOWN	0	0	0	false	false	[]	false	true
TEST_00000034.1	IV	COMPLETE_PREDICTED	1	0	0	true	false	[]	false	false
TEST_00000035.1	I	NOT_DETECTED_AFTER_SUCCESSFUL_SEARCH	0	0	0	true	false	[]	false	false
TEST_00000035.1	II	NOT_RUN_SYNTHETIC_UNKNOWN	0	0	0	false	false	[]	false	true
TEST_00000035.1	III	COMPLETE_PREDICTED	1	0	0	true	false	[]	false	false
TEST_00000035.1	IV	NOT_DETECTED_AFTER_SUCCESSFUL_SEARCH	0	0	0	true	false	[]	false	false
TEST_00000036.1	I	NOT_RUN_SYNTHETIC_UNKNOWN	0	0	0	false	false	[]	false	true
TEST_00000036.1	II	COMPLETE_PREDICTED_WITH_OTHER_PARTIAL	1	1	0	false	false	[]	false	true
TEST_00000036.1	III	NOT_DETECTED_AFTER_SUCCESSFUL_SEARCH	0	0	0	true	false	[]	false	false
TEST_00000036.1	IV	NOT_RUN_SYNTHETIC_UNKNOWN	0	0	0	false	false	[]	false	true
TEST_00000037.1	I	COMPLETE_PREDICTED	1	0	0	true	false	[]	false	false
TEST_00000037.1	II	NOT_DETECTED_AFTER_SUCCESSFUL_SEARCH	0	0	0	true	false	[]	false	false
TEST_00000037.1	III	NOT_RUN_SYNTHETIC_UNKNOWN	0	0	0	false	false	[]	false	true
TEST_00000037.1	IV	COMPLETE_PREDICTED	1	0	0	true	false	[]	false	false
TEST_00000038.1	I	NOT_DETECTED_AFTER_SUCCESSFUL_SEARCH	0	0	0	true	false	[]	false	false
TEST_00000038.1	II	NOT_RUN_SYNTHETIC_UNKNOWN	0	0	0	false	false	[]	false	true
TEST_00000038.1	III	COMPLETE_PREDICTED	1	0	0	true	false	[]	false	false
TEST_00000038.1	IV	NOT_DETECTED_AFTER_SUCCESSFUL_SEARCH	0	0	0	true	false	[]	false	false
TEST_00000039.1	I	NOT_RUN_SYNTHETIC_UNKNOWN	0	0	0	false	false	[]	false	true
TEST_00000039.1	II	COMPLETE_PREDICTED	1	0	0	true	false	[]	false	false
TEST_00000039.1	III	NOT_DETECTED_AFTER_SUCCESSFUL_SEARCH	0	0	0	true	false	[]	false	false
TEST_00000039.1	IV	NOT_RUN_SYNTHETIC_UNKNOWN	0	0	0	false	false	[]	false	true
TEST_00000040.1	I	COMPLETE_PREDICTED	1	0	0	true	false	[]	false	false
TEST_00000040.1	II	NOT_DETECTED_AFTER_SUCCESSFUL_SEARCH	0	0	0	true	false	[]	false	false
TEST_00000040.1	III	NOT_RUN_SYNTHETIC_UNKNOWN	0	0	0	false	false	[]	false	true
TEST_00000040.1	IV	COMPLETE_PREDICTED	1	0	0	true	false	[]	false	false
TEST_00000041.1	I	NOT_DETECTED_AFTER_SUCCESSFUL_SEARCH	0	0	0	true	false	[]	false	false
TEST_00000041.1	II	NOT_RUN_SYNTHETIC_UNKNOWN	0	0	0	false	false	[]	false	true
TEST_00000041.1	III	COMPLETE_PREDICTED_WITH_OTHER_PARTIAL	1	1	0	false	false	[]	false	true
TEST_00000041.1	IV	NOT_DETECTED_AFTER_SUCCESSFUL_SEARCH	0	0	0	true	false	[]	false	false
TEST_00000042.1	I	NOT_RUN_SYNTHETIC_UNKNOWN	0	0	0	false	false	[]	false	true
TEST_00000042.1	II	COMPLETE_PREDICTED	1	0	0	true	false	[]	false	false
TEST_00000042.1	III	NOT_DETECTED_AFTER_SUCCESSFUL_SEARCH	0	0	0	true	false	[]	false	false
TEST_00000042.1	IV	NOT_RUN_SYNTHETIC_UNKNOWN	0	0	0	false	false	[]	false	true
TEST_00000043.1	I	COMPLETE_PREDICTED	1	0	0	true	false	[]	false	false
TEST_00000043.1	II	NOT_DETECTED_AFTER_SUCCESSFUL_SEARCH	0	0	0	true	false	[]	false	false
TEST_00000043.1	III	NOT_RUN_SYNTHETIC_UNKNOWN	0	0	0	false	false	[]	false	true
TEST_00000043.1	IV	COMPLETE_PREDICTED	1	0	0	true	false	[]	false	false
TEST_00000044.1	I	NOT_DETECTED_AFTER_SUCCESSFUL_SEARCH	0	0	0	true	false	[]	false	false
TEST_00000044.1	II	NOT_RUN_SYNTHETIC_UNKNOWN	0	0	0	false	false	[]	false	true
TEST_00000044.1	III	COMPLETE_PREDICTED	1	0	0	true	false	[]	false	false
TEST_00000044.1	IV	NOT_DETECTED_AFTER_SUCCESSFUL_SEARCH	0	0	0	true	false	[]	false	false
TEST_00000045.1	I	NOT_RUN_SYNTHETIC_UNKNOWN	0	0	0	false	false	[]	false	true
TEST_00000045.1	II	COMPLETE_PREDICTED	1	0	0	true	false	[]	false	false
TEST_00000045.1	III	NOT_DETECTED_AFTER_SUCCESSFUL_SEARCH	0	0	0	true	false	[]	false	false
TEST_00000045.1	IV	NOT_RUN_SYNTHETIC_UNKNOWN	0	0	0	false	false	[]	false	true
TEST_00000046.1	I	COMPLETE_PREDICTED_WITH_OTHER_PARTIAL	1	1	0	false	false	[]	false	true
TEST_00000046.1	II	NOT_DETECTED_AFTER_SUCCESSFUL_SEARCH	0	0	0	true	false	[]	false	false
TEST_00000046.1	III	NOT_RUN_SYNTHETIC_UNKNOWN	0	0	0	false	false	[]	false	true
TEST_00000046.1	IV	COMPLETE_PREDICTED_WITH_OTHER_PARTIAL	1	1	0	false	false	[]	false	true
TEST_00000047.1	I	NOT_DETECTED_AFTER_SUCCESSFUL_SEARCH	0	0	0	true	false	[]	false	false
TEST_00000047.1	II	NOT_RUN_SYNTHETIC_UNKNOWN	0	0	0	false	false	[]	false	true
TEST_00000047.1	III	COMPLETE_PREDICTED	1	0	0	true	false	[]	false	false
TEST_00000047.1	IV	NOT_DETECTED_AFTER_SUCCESSFUL_SEARCH	0	0	0	true	false	[]	false	false
TEST_00000048.1	I	NOT_RUN_SYNTHETIC_UNKNOWN	0	0	0	false	false	[]	false	true
TEST_00000048.1	II	COMPLETE_PREDICTED	1	0	0	true	false	[]	false	false
TEST_00000048.1	III	NOT_DETECTED_AFTER_SUCCESSFUL_SEARCH	0	0	0	true	false	[]	false	false
TEST_00000048.1	IV	NOT_RUN_SYNTHETIC_UNKNOWN	0	0	0	false	false	[]	false	true
TEST_00000049.1	I	COMPLETE_PREDICTED	1	0	0	true	false	[]	false	false
TEST_00000049.1	II	NOT_DETECTED_AFTER_SUCCESSFUL_SEARCH	0	0	0	true	false	[]	false	false
TEST_00000049.1	III	NOT_RUN_SYNTHETIC_UNKNOWN	0	0	0	false	false	[]	false	true
TEST_00000049.1	IV	COMPLETE_PREDICTED	1	0	0	true	false	[]	false	false
TEST_00000050.1	I	NOT_DETECTED_AFTER_SUCCESSFUL_SEARCH	0	0	0	true	false	[]	false	false
TEST_00000050.1	II	NOT_RUN_SYNTHETIC_UNKNOWN	0	0	0	false	false	[]	false	true
TEST_00000050.1	III	COMPLETE_PREDICTED	1	0	0	true	false	[]	false	false
TEST_00000050.1	IV	NOT_DETECTED_AFTER_SUCCESSFUL_SEARCH	0	0	0	true	false	[]	false	false
TEST_00000051.1	I	NOT_RUN_SYNTHETIC_UNKNOWN	0	0	0	false	false	[]	false	true
TEST_00000051.1	II	COMPLETE_PREDICTED_WITH_OTHER_PARTIAL	1	1	0	false	false	[]	false	true
TEST_00000051.1	III	NOT_DETECTED_AFTER_SUCCESSFUL_SEARCH	0	0	0	true	false	[]	false	false
TEST_00000051.1	IV	NOT_RUN_SYNTHETIC_UNKNOWN	0	0	0	false	false	[]	false	true
TEST_00000052.1	I	COMPLETE_PREDICTED	1	0	0	true	false	[]	false	false
TEST_00000052.1	II	NOT_DETECTED_AFTER_SUCCESSFUL_SEARCH	0	0	0	true	false	[]	false	false
TEST_00000052.1	III	NOT_RUN_SYNTHETIC_UNKNOWN	0	0	0	false	false	[]	false	true
TEST_00000052.1	IV	COMPLETE_PREDICTED	1	0	0	true	false	[]	false	false
TEST_00000053.1	I	NOT_DETECTED_AFTER_SUCCESSFUL_SEARCH	0	0	0	true	false	[]	false	false
TEST_00000053.1	II	NOT_RUN_SYNTHETIC_UNKNOWN	0	0	0	false	false	[]	false	true
TEST_00000053.1	III	COMPLETE_PREDICTED	1	0	0	true	false	[]	false	false
TEST_00000053.1	IV	NOT_DETECTED_AFTER_SUCCESSFUL_SEARCH	0	0	0	true	false	[]	false	false
TEST_00000054.1	I	NOT_RUN_SYNTHETIC_UNKNOWN	0	0	0	false	false	[]	false	true
TEST_00000054.1	II	COMPLETE_PREDICTED	1	0	0	true	false	[]	false	false
TEST_00000054.1	III	NOT_DETECTED_AFTER_SUCCESSFUL_SEARCH	0	0	0	true	false	[]	false	false
TEST_00000054.1	IV	NOT_RUN_SYNTHETIC_UNKNOWN	0	0	0	false	false	[]	false	true
TEST_00000055.1	I	COMPLETE_PREDICTED	1	0	0	true	false	[]	false	false
TEST_00000055.1	II	NOT_DETECTED_AFTER_SUCCESSFUL_SEARCH	0	0	0	true	false	[]	false	false
TEST_00000055.1	III	NOT_RUN_SYNTHETIC_UNKNOWN	0	0	0	false	false	[]	false	true
TEST_00000055.1	IV	COMPLETE_PREDICTED	1	0	0	true	false	[]	false	false
TEST_00000056.1	I	NOT_DETECTED_AFTER_SUCCESSFUL_SEARCH	0	0	0	true	false	[]	false	false
TEST_00000056.1	II	NOT_RUN_SYNTHETIC_UNKNOWN	0	0	0	false	false	[]	false	true
TEST_00000056.1	III	COMPLETE_PREDICTED_WITH_OTHER_PARTIAL	1	1	0	false	false	[]	false	true
TEST_00000056.1	IV	NOT_DETECTED_AFTER_SUCCESSFUL_SEARCH	0	0	0	true	false	[]	false	false
TEST_00000057.1	I	NOT_RUN_SYNTHETIC_UNKNOWN	0	0	0	false	false	[]	false	true
TEST_00000057.1	II	COMPLETE_PREDICTED	1	0	0	true	false	[]	false	false
TEST_00000057.1	III	NOT_DETECTED_AFTER_SUCCESSFUL_SEARCH	0	0	0	true	false	[]	false	false
TEST_00000057.1	IV	NOT_RUN_SYNTHETIC_UNKNOWN	0	0	0	false	false	[]	false	true
TEST_00000058.1	I	COMPLETE_PREDICTED	1	0	0	true	false	[]	false	false
TEST_00000058.1	II	NOT_DETECTED_AFTER_SUCCESSFUL_SEARCH	0	0	0	true	false	[]	false	false
TEST_00000058.1	III	NOT_RUN_SYNTHETIC_UNKNOWN	0	0	0	false	false	[]	false	true
TEST_00000058.1	IV	COMPLETE_PREDICTED	1	0	0	true	false	[]	false	false
TEST_00000059.1	I	NOT_DETECTED_AFTER_SUCCESSFUL_SEARCH	0	0	0	true	false	[]	false	false
TEST_00000059.1	II	NOT_RUN_SYNTHETIC_UNKNOWN	0	0	0	false	false	[]	false	true
TEST_00000059.1	III	COMPLETE_PREDICTED	1	0	0	true	false	[]	false	false
TEST_00000059.1	IV	NOT_DETECTED_AFTER_SUCCESSFUL_SEARCH	0	0	0	true	false	[]	false	false
TEST_00000060.1	I	NOT_RUN_SYNTHETIC_UNKNOWN	0	0	0	false	false	[]	false	true
TEST_00000060.1	II	COMPLETE_PREDICTED	1	0	0	true	false	[]	false	false
TEST_00000060.1	III	NOT_DETECTED_AFTER_SUCCESSFUL_SEARCH	0	0	0	true	false	[]	false	false
TEST_00000060.1	IV	NOT_RUN_SYNTHETIC_UNKNOWN	0	0	0	false	false	[]	false	true
TEST_00000061.1	I	COMPLETE_PREDICTED_WITH_OTHER_PARTIAL	1	1	0	false	false	[]	false	true
TEST_00000061.1	II	NOT_DETECTED_AFTER_SUCCESSFUL_SEARCH	0	0	0	true	false	[]	false	false
TEST_00000061.1	III	NOT_RUN_SYNTHETIC_UNKNOWN	0	0	0	false	false	[]	false	true
TEST_00000061.1	IV	COMPLETE_PREDICTED_WITH_OTHER_PARTIAL	1	1	0	false	false	[]	false	true
TEST_00000062.1	I	NOT_DETECTED_AFTER_SUCCESSFUL_SEARCH	0	0	0	true	false	[]	false	false
TEST_00000062.1	II	NOT_RUN_SYNTHETIC_UNKNOWN	0	0	0	false	false	[]	false	true
TEST_00000062.1	III	COMPLETE_PREDICTED	1	0	0	true	false	[]	false	false
TEST_00000062.1	IV	NOT_DETECTED_AFTER_SUCCESSFUL_SEARCH	0	0	0	true	false	[]	false	false
TEST_00000063.1	I	NOT_RUN_SYNTHETIC_UNKNOWN	0	0	0	false	false	[]	false	true
TEST_00000063.1	II	COMPLETE_PREDICTED	1	0	0	true	false	[]	false	false
TEST_00000063.1	III	NOT_DETECTED_AFTER_SUCCESSFUL_SEARCH	0	0	0	true	false	[]	false	false
TEST_00000063.1	IV	NOT_RUN_SYNTHETIC_UNKNOWN	0	0	0	false	false	[]	false	true
TEST_00000064.1	I	COMPLETE_PREDICTED	1	0	0	true	false	[]	false	false
TEST_00000064.1	II	NOT_DETECTED_AFTER_SUCCESSFUL_SEARCH	0	0	0	true	false	[]	false	false
TEST_00000064.1	III	NOT_RUN_SYNTHETIC_UNKNOWN	0	0	0	false	false	[]	false	true
TEST_00000064.1	IV	COMPLETE_PREDICTED	1	0	0	true	false	[]	false	false
TEST_00000065.1	I	NOT_DETECTED_AFTER_SUCCESSFUL_SEARCH	0	0	0	true	false	[]	false	false
TEST_00000065.1	II	NOT_RUN_SYNTHETIC_UNKNOWN	0	0	0	false	false	[]	false	true
TEST_00000065.1	III	COMPLETE_PREDICTED	1	0	0	true	false	[]	false	false
TEST_00000065.1	IV	NOT_DETECTED_AFTER_SUCCESSFUL_SEARCH	0	0	0	true	false	[]	false	false
TEST_00000066.1	I	NOT_RUN_SYNTHETIC_UNKNOWN	0	0	0	false	false	[]	false	true
TEST_00000066.1	II	COMPLETE_PREDICTED_WITH_OTHER_PARTIAL	1	1	0	false	false	[]	false	true
TEST_00000066.1	III	NOT_DETECTED_AFTER_SUCCESSFUL_SEARCH	0	0	0	true	false	[]	false	false
TEST_00000066.1	IV	NOT_RUN_SYNTHETIC_UNKNOWN	0	0	0	false	false	[]	false	true
TEST_00000067.1	I	COMPLETE_PREDICTED	1	0	0	true	false	[]	false	false
TEST_00000067.1	II	NOT_DETECTED_AFTER_SUCCESSFUL_SEARCH	0	0	0	true	false	[]	false	false
TEST_00000067.1	III	NOT_RUN_SYNTHETIC_UNKNOWN	0	0	0	false	false	[]	false	true
TEST_00000067.1	IV	COMPLETE_PREDICTED	1	0	0	true	false	[]	false	false
TEST_00000068.1	I	NOT_DETECTED_AFTER_SUCCESSFUL_SEARCH	0	0	0	true	false	[]	false	false
TEST_00000068.1	II	NOT_RUN_SYNTHETIC_UNKNOWN	0	0	0	false	false	[]	false	true
TEST_00000068.1	III	COMPLETE_PREDICTED	1	0	0	true	false	[]	false	false
TEST_00000068.1	IV	NOT_DETECTED_AFTER_SUCCESSFUL_SEARCH	0	0	0	true	false	[]	false	false
TEST_00000069.1	I	NOT_RUN_SYNTHETIC_UNKNOWN	0	0	0	false	false	[]	false	true
TEST_00000069.1	II	COMPLETE_PREDICTED	1	0	0	true	false	[]	false	false
TEST_00000069.1	III	NOT_DETECTED_AFTER_SUCCESSFUL_SEARCH	0	0	0	true	false	[]	false	false
TEST_00000069.1	IV	NOT_RUN_SYNTHETIC_UNKNOWN	0	0	0	false	false	[]	false	true
TEST_00000070.1	I	COMPLETE_PREDICTED	1	0	0	true	false	[]	false	false
TEST_00000070.1	II	NOT_DETECTED_AFTER_SUCCESSFUL_SEARCH	0	0	0	true	false	[]	false	false
TEST_00000070.1	III	NOT_RUN_SYNTHETIC_UNKNOWN	0	0	0	false	false	[]	false	true
TEST_00000070.1	IV	COMPLETE_PREDICTED	1	0	0	true	false	[]	false	false
TEST_00000071.1	I	NOT_DETECTED_AFTER_SUCCESSFUL_SEARCH	0	0	0	true	false	[]	false	false
TEST_00000071.1	II	NOT_RUN_SYNTHETIC_UNKNOWN	0	0	0	false	false	[]	false	true
TEST_00000071.1	III	COMPLETE_PREDICTED_WITH_OTHER_PARTIAL	1	1	0	false	false	[]	false	true
TEST_00000071.1	IV	NOT_DETECTED_AFTER_SUCCESSFUL_SEARCH	0	0	0	true	false	[]	false	false
TEST_00000072.1	I	NOT_RUN_SYNTHETIC_UNKNOWN	0	0	0	false	false	[]	false	true
TEST_00000072.1	II	COMPLETE_PREDICTED	1	0	0	true	false	[]	false	false
TEST_00000072.1	III	NOT_DETECTED_AFTER_SUCCESSFUL_SEARCH	0	0	0	true	false	[]	false	false
TEST_00000072.1	IV	NOT_RUN_SYNTHETIC_UNKNOWN	0	0	0	false	false	[]	false	true
TEST_00000073.1	I	COMPLETE_PREDICTED	1	0	0	true	false	[]	false	false
TEST_00000073.1	II	NOT_DETECTED_AFTER_SUCCESSFUL_SEARCH	0	0	0	true	false	[]	false	false
TEST_00000073.1	III	NOT_RUN_SYNTHETIC_UNKNOWN	0	0	0	false	false	[]	false	true
TEST_00000073.1	IV	COMPLETE_PREDICTED	1	0	0	true	false	[]	false	false
TEST_00000074.1	I	NOT_DETECTED_AFTER_SUCCESSFUL_SEARCH	0	0	0	true	false	[]	false	false
TEST_00000074.1	II	NOT_RUN_SYNTHETIC_UNKNOWN	0	0	0	false	false	[]	false	true
TEST_00000074.1	III	COMPLETE_PREDICTED	1	0	0	true	false	[]	false	false
TEST_00000074.1	IV	NOT_DETECTED_AFTER_SUCCESSFUL_SEARCH	0	0	0	true	false	[]	false	false
TEST_00000075.1	I	NOT_RUN_SYNTHETIC_UNKNOWN	0	0	0	false	false	[]	false	true
TEST_00000075.1	II	COMPLETE_PREDICTED	1	0	0	true	false	[]	false	false
TEST_00000075.1	III	NOT_DETECTED_AFTER_SUCCESSFUL_SEARCH	0	0	0	true	false	[]	false	false
TEST_00000075.1	IV	NOT_RUN_SYNTHETIC_UNKNOWN	0	0	0	false	false	[]	false	true
TEST_00000076.1	I	COMPLETE_PREDICTED_WITH_OTHER_PARTIAL	1	1	0	false	false	[]	false	true
TEST_00000076.1	II	NOT_DETECTED_AFTER_SUCCESSFUL_SEARCH	0	0	0	true	false	[]	false	false
TEST_00000076.1	III	NOT_RUN_SYNTHETIC_UNKNOWN	0	0	0	false	false	[]	false	true
TEST_00000076.1	IV	COMPLETE_PREDICTED_WITH_OTHER_PARTIAL	1	1	0	false	false	[]	false	true
TEST_00000077.1	I	NOT_DETECTED_AFTER_SUCCESSFUL_SEARCH	0	0	0	true	false	[]	false	false
TEST_00000077.1	II	NOT_RUN_SYNTHETIC_UNKNOWN	0	0	0	false	false	[]	false	true
TEST_00000077.1	III	COMPLETE_PREDICTED	1	0	0	true	false	[]	false	false
TEST_00000077.1	IV	NOT_DETECTED_AFTER_SUCCESSFUL_SEARCH	0	0	0	true	false	[]	false	false
TEST_00000078.1	I	NOT_RUN_SYNTHETIC_UNKNOWN	0	0	0	false	false	[]	false	true
TEST_00000078.1	II	COMPLETE_PREDICTED	1	0	0	true	false	[]	false	false
TEST_00000078.1	III	NOT_DETECTED_AFTER_SUCCESSFUL_SEARCH	0	0	0	true	false	[]	false	false
TEST_00000078.1	IV	NOT_RUN_SYNTHETIC_UNKNOWN	0	0	0	false	false	[]	false	true
TEST_00000079.1	I	COMPLETE_PREDICTED	1	0	0	true	false	[]	false	false
TEST_00000079.1	II	NOT_DETECTED_AFTER_SUCCESSFUL_SEARCH	0	0	0	true	false	[]	false	false
TEST_00000079.1	III	NOT_RUN_SYNTHETIC_UNKNOWN	0	0	0	false	false	[]	false	true
TEST_00000079.1	IV	COMPLETE_PREDICTED	1	0	0	true	false	[]	false	false
TEST_00000080.1	I	NOT_DETECTED_AFTER_SUCCESSFUL_SEARCH	0	0	0	true	false	[]	false	false
TEST_00000080.1	II	NOT_RUN_SYNTHETIC_UNKNOWN	0	0	0	false	false	[]	false	true
TEST_00000080.1	III	COMPLETE_PREDICTED	1	0	0	true	false	[]	false	false
TEST_00000080.1	IV	NOT_DETECTED_AFTER_SUCCESSFUL_SEARCH	0	0	0	true	false	[]	false	false
TEST_00000081.1	I	NOT_RUN_SYNTHETIC_UNKNOWN	0	0	0	false	false	[]	false	true
TEST_00000081.1	II	COMPLETE_PREDICTED_WITH_OTHER_PARTIAL	1	1	0	false	false	[]	false	true
TEST_00000081.1	III	NOT_DETECTED_AFTER_SUCCESSFUL_SEARCH	0	0	0	true	false	[]	false	false
TEST_00000081.1	IV	NOT_RUN_SYNTHETIC_UNKNOWN	0	0	0	false	false	[]	false	true
TEST_00000082.1	I	COMPLETE_PREDICTED	1	0	0	true	false	[]	false	false
TEST_00000082.1	II	NOT_DETECTED_AFTER_SUCCESSFUL_SEARCH	0	0	0	true	false	[]	false	false
TEST_00000082.1	III	NOT_RUN_SYNTHETIC_UNKNOWN	0	0	0	false	false	[]	false	true
TEST_00000082.1	IV	COMPLETE_PREDICTED	1	0	0	true	false	[]	false	false
TEST_00000083.1	I	NOT_DETECTED_AFTER_SUCCESSFUL_SEARCH	0	0	0	true	false	[]	false	false
TEST_00000083.1	II	NOT_RUN_SYNTHETIC_UNKNOWN	0	0	0	false	false	[]	false	true
TEST_00000083.1	III	COMPLETE_PREDICTED	1	0	0	true	false	[]	false	false
TEST_00000083.1	IV	NOT_DETECTED_AFTER_SUCCESSFUL_SEARCH	0	0	0	true	false	[]	false	false
TEST_00000084.1	I	NOT_RUN_SYNTHETIC_UNKNOWN	0	0	0	false	false	[]	false	true
TEST_00000084.1	II	COMPLETE_PREDICTED	1	0	0	true	false	[]	false	false
TEST_00000084.1	III	NOT_DETECTED_AFTER_SUCCESSFUL_SEARCH	0	0	0	true	false	[]	false	false
TEST_00000084.1	IV	NOT_RUN_SYNTHETIC_UNKNOWN	0	0	0	false	false	[]	false	true
TEST_00000085.1	I	COMPLETE_PREDICTED	1	0	0	true	false	[]	false	false
TEST_00000085.1	II	NOT_DETECTED_AFTER_SUCCESSFUL_SEARCH	0	0	0	true	false	[]	false	false
TEST_00000085.1	III	NOT_RUN_SYNTHETIC_UNKNOWN	0	0	0	false	false	[]	false	true
TEST_00000085.1	IV	COMPLETE_PREDICTED	1	0	0	true	false	[]	false	false
TEST_00000086.1	I	NOT_DETECTED_AFTER_SUCCESSFUL_SEARCH	0	0	0	true	false	[]	false	false
TEST_00000086.1	II	NOT_RUN_SYNTHETIC_UNKNOWN	0	0	0	false	false	[]	false	true
TEST_00000086.1	III	COMPLETE_PREDICTED_WITH_OTHER_PARTIAL	1	1	0	false	false	[]	false	true
TEST_00000086.1	IV	NOT_DETECTED_AFTER_SUCCESSFUL_SEARCH	0	0	0	true	false	[]	false	false
TEST_00000087.1	I	NOT_RUN_SYNTHETIC_UNKNOWN	0	0	0	false	false	[]	false	true
TEST_00000087.1	II	COMPLETE_PREDICTED	1	0	0	true	false	[]	false	false
TEST_00000087.1	III	NOT_DETECTED_AFTER_SUCCESSFUL_SEARCH	0	0	0	true	false	[]	false	false
TEST_00000087.1	IV	NOT_RUN_SYNTHETIC_UNKNOWN	0	0	0	false	false	[]	false	true
TEST_00000088.1	I	COMPLETE_PREDICTED	1	0	0	true	false	[]	false	false
TEST_00000088.1	II	NOT_DETECTED_AFTER_SUCCESSFUL_SEARCH	0	0	0	true	false	[]	false	false
TEST_00000088.1	III	NOT_RUN_SYNTHETIC_UNKNOWN	0	0	0	false	false	[]	false	true
TEST_00000088.1	IV	COMPLETE_PREDICTED	1	0	0	true	false	[]	false	false
TEST_00000089.1	I	NOT_DETECTED_AFTER_SUCCESSFUL_SEARCH	0	0	0	true	false	[]	false	false
TEST_00000089.1	II	NOT_RUN_SYNTHETIC_UNKNOWN	0	0	0	false	false	[]	false	true
TEST_00000089.1	III	COMPLETE_PREDICTED	1	0	0	true	false	[]	false	false
TEST_00000089.1	IV	NOT_DETECTED_AFTER_SUCCESSFUL_SEARCH	0	0	0	true	false	[]	false	false
TEST_00000090.1	I	NOT_RUN_SYNTHETIC_UNKNOWN	0	0	0	false	false	[]	false	true
TEST_00000090.1	II	COMPLETE_PREDICTED	1	0	0	true	false	[]	false	false
TEST_00000090.1	III	NOT_DETECTED_AFTER_SUCCESSFUL_SEARCH	0	0	0	true	false	[]	false	false
TEST_00000090.1	IV	NOT_RUN_SYNTHETIC_UNKNOWN	0	0	0	false	false	[]	false	true
TEST_00000091.1	I	COMPLETE_PREDICTED_WITH_OTHER_PARTIAL	1	1	0	false	false	[]	false	true
TEST_00000091.1	II	NOT_DETECTED_AFTER_SUCCESSFUL_SEARCH	0	0	0	true	false	[]	false	false
TEST_00000091.1	III	NOT_RUN_SYNTHETIC_UNKNOWN	0	0	0	false	false	[]	false	true
TEST_00000091.1	IV	COMPLETE_PREDICTED_WITH_OTHER_PARTIAL	1	1	0	false	false	[]	false	true
TEST_00000092.1	I	NOT_DETECTED_AFTER_SUCCESSFUL_SEARCH	0	0	0	true	false	[]	false	false
TEST_00000092.1	II	NOT_RUN_SYNTHETIC_UNKNOWN	0	0	0	false	false	[]	false	true
TEST_00000092.1	III	COMPLETE_PREDICTED	1	0	0	true	false	[]	false	false
TEST_00000092.1	IV	NOT_DETECTED_AFTER_SUCCESSFUL_SEARCH	0	0	0	true	false	[]	false	false
TEST_00000093.1	I	NOT_RUN_SYNTHETIC_UNKNOWN	0	0	0	false	false	[]	false	true
TEST_00000093.1	II	COMPLETE_PREDICTED	1	0	0	true	false	[]	false	false
TEST_00000093.1	III	NOT_DETECTED_AFTER_SUCCESSFUL_SEARCH	0	0	0	true	false	[]	false	false
TEST_00000093.1	IV	NOT_RUN_SYNTHETIC_UNKNOWN	0	0	0	false	false	[]	false	true
TEST_00000094.1	I	COMPLETE_PREDICTED	1	0	0	true	false	[]	false	false
TEST_00000094.1	II	NOT_DETECTED_AFTER_SUCCESSFUL_SEARCH	0	0	0	true	false	[]	false	false
TEST_00000094.1	III	NOT_RUN_SYNTHETIC_UNKNOWN	0	0	0	false	false	[]	false	true
TEST_00000094.1	IV	COMPLETE_PREDICTED	1	0	0	true	false	[]	false	false
TEST_00000095.1	I	NOT_DETECTED_AFTER_SUCCESSFUL_SEARCH	0	0	0	true	false	[]	false	false
TEST_00000095.1	II	NOT_RUN_SYNTHETIC_UNKNOWN	0	0	0	false	false	[]	false	true
TEST_00000095.1	III	COMPLETE_PREDICTED	1	0	0	true	false	[]	false	false
TEST_00000095.1	IV	NOT_DETECTED_AFTER_SUCCESSFUL_SEARCH	0	0	0	true	false	[]	false	false
TEST_00000096.1	I	NOT_RUN_SYNTHETIC_UNKNOWN	0	0	0	false	false	[]	false	true
TEST_00000096.1	II	COMPLETE_PREDICTED_WITH_OTHER_PARTIAL	1	1	0	false	false	[]	false	true
TEST_00000096.1	III	NOT_DETECTED_AFTER_SUCCESSFUL_SEARCH	0	0	0	true	false	[]	false	false
TEST_00000096.1	IV	NOT_RUN_SYNTHETIC_UNKNOWN	0	0	0	false	false	[]	false	true
TEST_00000097.1	I	COMPLETE_PREDICTED	1	0	0	true	false	[]	false	false
TEST_00000097.1	II	NOT_DETECTED_AFTER_SUCCESSFUL_SEARCH	0	0	0	true	false	[]	false	false
TEST_00000097.1	III	NOT_RUN_SYNTHETIC_UNKNOWN	0	0	0	false	false	[]	false	true
TEST_00000097.1	IV	COMPLETE_PREDICTED	1	0	0	true	false	[]	false	false
TEST_00000098.1	I	NOT_DETECTED_AFTER_SUCCESSFUL_SEARCH	0	0	0	true	false	[]	false	false
TEST_00000098.1	II	NOT_RUN_SYNTHETIC_UNKNOWN	0	0	0	false	false	[]	false	true
TEST_00000098.1	III	COMPLETE_PREDICTED	1	0	0	true	false	[]	false	false
TEST_00000098.1	IV	NOT_DETECTED_AFTER_SUCCESSFUL_SEARCH	0	0	0	true	false	[]	false	false
TEST_00000099.1	I	NOT_RUN_SYNTHETIC_UNKNOWN	0	0	0	false	false	[]	false	true
TEST_00000099.1	II	COMPLETE_PREDICTED	1	0	0	true	false	[]	false	false
TEST_00000099.1	III	NOT_DETECTED_AFTER_SUCCESSFUL_SEARCH	0	0	0	true	false	[]	false	false
TEST_00000099.1	IV	NOT_RUN_SYNTHETIC_UNKNOWN	0	0	0	false	false	[]	false	true
TEST_00000100.1	I	COMPLETE_PREDICTED	1	0	0	true	false	[]	false	false
TEST_00000100.1	II	NOT_DETECTED_AFTER_SUCCESSFUL_SEARCH	0	0	0	true	false	[]	false	false
TEST_00000100.1	III	NOT_RUN_SYNTHETIC_UNKNOWN	0	0	0	false	false	[]	false	true
TEST_00000100.1	IV	COMPLETE_PREDICTED	1	0	0	true	false	[]	false	false
TEST_00000101.1	I	NOT_DETECTED_AFTER_SUCCESSFUL_SEARCH	0	0	0	true	false	[]	false	false
TEST_00000101.1	II	NOT_RUN_SYNTHETIC_UNKNOWN	0	0	0	false	false	[]	false	true
TEST_00000101.1	III	COMPLETE_PREDICTED_WITH_OTHER_PARTIAL	1	1	0	false	false	[]	false	true
TEST_00000101.1	IV	NOT_DETECTED_AFTER_SUCCESSFUL_SEARCH	0	0	0	true	false	[]	false	false
TEST_00000102.1	I	NOT_RUN_SYNTHETIC_UNKNOWN	0	0	0	false	false	[]	false	true
TEST_00000102.1	II	COMPLETE_PREDICTED	1	0	0	true	false	[]	false	false
TEST_00000102.1	III	NOT_DETECTED_AFTER_SUCCESSFUL_SEARCH	0	0	0	true	false	[]	false	false
TEST_00000102.1	IV	NOT_RUN_SYNTHETIC_UNKNOWN	0	0	0	false	false	[]	false	true
TEST_00000103.1	I	COMPLETE_PREDICTED	1	0	0	true	false	[]	false	false
TEST_00000103.1	II	NOT_DETECTED_AFTER_SUCCESSFUL_SEARCH	0	0	0	true	false	[]	false	false
TEST_00000103.1	III	NOT_RUN_SYNTHETIC_UNKNOWN	0	0	0	false	false	[]	false	true
TEST_00000103.1	IV	COMPLETE_PREDICTED	1	0	0	true	false	[]	false	false
TEST_00000104.1	I	NOT_DETECTED_AFTER_SUCCESSFUL_SEARCH	0	0	0	true	false	[]	false	false
TEST_00000104.1	II	NOT_RUN_SYNTHETIC_UNKNOWN	0	0	0	false	false	[]	false	true
TEST_00000104.1	III	COMPLETE_PREDICTED	1	0	0	true	false	[]	false	false
TEST_00000104.1	IV	NOT_DETECTED_AFTER_SUCCESSFUL_SEARCH	0	0	0	true	false	[]	false	false
TEST_00000105.1	I	NOT_RUN_SYNTHETIC_UNKNOWN	0	0	0	false	false	[]	false	true
TEST_00000105.1	II	COMPLETE_PREDICTED	1	0	0	true	false	[]	false	false
TEST_00000105.1	III	NOT_DETECTED_AFTER_SUCCESSFUL_SEARCH	0	0	0	true	false	[]	false	false
TEST_00000105.1	IV	NOT_RUN_SYNTHETIC_UNKNOWN	0	0	0	false	false	[]	false	true
TEST_00000106.1	I	COMPLETE_PREDICTED_WITH_OTHER_PARTIAL	1	1	0	false	false	[]	false	true
TEST_00000106.1	II	NOT_DETECTED_AFTER_SUCCESSFUL_SEARCH	0	0	0	true	false	[]	false	false
TEST_00000106.1	III	NOT_RUN_SYNTHETIC_UNKNOWN	0	0	0	false	false	[]	false	true
TEST_00000106.1	IV	COMPLETE_PREDICTED_WITH_OTHER_PARTIAL	1	1	0	false	false	[]	false	true
TEST_00000107.1	I	NOT_DETECTED_AFTER_SUCCESSFUL_SEARCH	0	0	0	true	false	[]	false	false
TEST_00000107.1	II	NOT_RUN_SYNTHETIC_UNKNOWN	0	0	0	false	false	[]	false	true
TEST_00000107.1	III	COMPLETE_PREDICTED	1	0	0	true	false	[]	false	false
TEST_00000107.1	IV	NOT_DETECTED_AFTER_SUCCESSFUL_SEARCH	0	0	0	true	false	[]	false	false
TEST_00000108.1	I	NOT_RUN_SYNTHETIC_UNKNOWN	0	0	0	false	false	[]	false	true
TEST_00000108.1	II	COMPLETE_PREDICTED	1	0	0	true	false	[]	false	false
TEST_00000108.1	III	NOT_DETECTED_AFTER_SUCCESSFUL_SEARCH	0	0	0	true	false	[]	false	false
TEST_00000108.1	IV	NOT_RUN_SYNTHETIC_UNKNOWN	0	0	0	false	false	[]	false	true
TEST_00000109.1	I	COMPLETE_PREDICTED	1	0	0	true	false	[]	false	false
TEST_00000109.1	II	NOT_DETECTED_AFTER_SUCCESSFUL_SEARCH	0	0	0	true	false	[]	false	false
TEST_00000109.1	III	NOT_RUN_SYNTHETIC_UNKNOWN	0	0	0	false	false	[]	false	true
TEST_00000109.1	IV	COMPLETE_PREDICTED	1	0	0	true	false	[]	false	false
TEST_00000110.1	I	NOT_DETECTED_AFTER_SUCCESSFUL_SEARCH	0	0	0	true	false	[]	false	false
TEST_00000110.1	II	NOT_RUN_SYNTHETIC_UNKNOWN	0	0	0	false	false	[]	false	true
TEST_00000110.1	III	COMPLETE_PREDICTED	1	0	0	true	false	[]	false	false
TEST_00000110.1	IV	NOT_DETECTED_AFTER_SUCCESSFUL_SEARCH	0	0	0	true	false	[]	false	false
TEST_00000111.1	I	NOT_RUN_SYNTHETIC_UNKNOWN	0	0	0	false	false	[]	false	true
TEST_00000111.1	II	COMPLETE_PREDICTED_WITH_OTHER_PARTIAL	1	1	0	false	false	[]	false	true
TEST_00000111.1	III	NOT_DETECTED_AFTER_SUCCESSFUL_SEARCH	0	0	0	true	false	[]	false	false
TEST_00000111.1	IV	NOT_RUN_SYNTHETIC_UNKNOWN	0	0	0	false	false	[]	false	true
TEST_00000112.1	I	COMPLETE_PREDICTED	1	0	0	true	false	[]	false	false
TEST_00000112.1	II	NOT_DETECTED_AFTER_SUCCESSFUL_SEARCH	0	0	0	true	false	[]	false	false
TEST_00000112.1	III	NOT_RUN_SYNTHETIC_UNKNOWN	0	0	0	false	false	[]	false	true
TEST_00000112.1	IV	COMPLETE_PREDICTED	1	0	0	true	false	[]	false	false
TEST_00000113.1	I	NOT_DETECTED_AFTER_SUCCESSFUL_SEARCH	0	0	0	true	false	[]	false	false
TEST_00000113.1	II	NOT_RUN_SYNTHETIC_UNKNOWN	0	0	0	false	false	[]	false	true
TEST_00000113.1	III	COMPLETE_PREDICTED	1	0	0	true	false	[]	false	false
TEST_00000113.1	IV	NOT_DETECTED_AFTER_SUCCESSFUL_SEARCH	0	0	0	true	false	[]	false	false
TEST_00000114.1	I	NOT_RUN_SYNTHETIC_UNKNOWN	0	0	0	false	false	[]	false	true
TEST_00000114.1	II	COMPLETE_PREDICTED	1	0	0	true	false	[]	false	false
TEST_00000114.1	III	NOT_DETECTED_AFTER_SUCCESSFUL_SEARCH	0	0	0	true	false	[]	false	false
TEST_00000114.1	IV	NOT_RUN_SYNTHETIC_UNKNOWN	0	0	0	false	false	[]	false	true
TEST_00000115.1	I	COMPLETE_PREDICTED	1	0	0	true	false	[]	false	false
TEST_00000115.1	II	NOT_DETECTED_AFTER_SUCCESSFUL_SEARCH	0	0	0	true	false	[]	false	false
TEST_00000115.1	III	NOT_RUN_SYNTHETIC_UNKNOWN	0	0	0	false	false	[]	false	true
TEST_00000115.1	IV	COMPLETE_PREDICTED	1	0	0	true	false	[]	false	false
TEST_00000116.1	I	NOT_DETECTED_AFTER_SUCCESSFUL_SEARCH	0	0	0	true	false	[]	false	false
TEST_00000116.1	II	NOT_RUN_SYNTHETIC_UNKNOWN	0	0	0	false	false	[]	false	true
TEST_00000116.1	III	COMPLETE_PREDICTED_WITH_OTHER_PARTIAL	1	1	0	false	false	[]	false	true
TEST_00000116.1	IV	NOT_DETECTED_AFTER_SUCCESSFUL_SEARCH	0	0	0	true	false	[]	false	false
TEST_00000117.1	I	NOT_RUN_SYNTHETIC_UNKNOWN	0	0	0	false	false	[]	false	true
TEST_00000117.1	II	COMPLETE_PREDICTED	1	0	0	true	false	[]	false	false
TEST_00000117.1	III	NOT_DETECTED_AFTER_SUCCESSFUL_SEARCH	0	0	0	true	false	[]	false	false
TEST_00000117.1	IV	NOT_RUN_SYNTHETIC_UNKNOWN	0	0	0	false	false	[]	false	true
TEST_00000118.1	I	COMPLETE_PREDICTED	1	0	0	true	false	[]	false	false
TEST_00000118.1	II	NOT_DETECTED_AFTER_SUCCESSFUL_SEARCH	0	0	0	true	false	[]	false	false
TEST_00000118.1	III	NOT_RUN_SYNTHETIC_UNKNOWN	0	0	0	false	false	[]	false	true
TEST_00000118.1	IV	COMPLETE_PREDICTED	1	0	0	true	false	[]	false	false
TEST_00000119.1	I	NOT_DETECTED_AFTER_SUCCESSFUL_SEARCH	0	0	0	true	false	[]	false	false
TEST_00000119.1	II	NOT_RUN_SYNTHETIC_UNKNOWN	0	0	0	false	false	[]	false	true
TEST_00000119.1	III	COMPLETE_PREDICTED	1	0	0	true	false	[]	false	false
TEST_00000119.1	IV	NOT_DETECTED_AFTER_SUCCESSFUL_SEARCH	0	0	0	true	false	[]	false	false
TEST_00000120.1	I	NOT_RUN_SYNTHETIC_UNKNOWN	0	0	0	false	false	[]	false	true
TEST_00000120.1	II	COMPLETE_PREDICTED	1	0	0	true	false	[]	false	false
TEST_00000120.1	III	NOT_DETECTED_AFTER_SUCCESSFUL_SEARCH	0	0	0	true	false	[]	false	false
TEST_00000120.1	IV	NOT_RUN_SYNTHETIC_UNKNOWN	0	0	0	false	false	[]	false	true
TEST_00000121.1	I	COMPLETE_PREDICTED_WITH_OTHER_PARTIAL	1	1	0	false	false	[]	false	true
TEST_00000121.1	II	NOT_DETECTED_AFTER_SUCCESSFUL_SEARCH	0	0	0	true	false	[]	false	false
TEST_00000121.1	III	NOT_RUN_SYNTHETIC_UNKNOWN	0	0	0	false	false	[]	false	true
TEST_00000121.1	IV	COMPLETE_PREDICTED_WITH_OTHER_PARTIAL	1	1	0	false	false	[]	false	true
TEST_00000122.1	I	NOT_DETECTED_AFTER_SUCCESSFUL_SEARCH	0	0	0	true	false	[]	false	false
TEST_00000122.1	II	NOT_RUN_SYNTHETIC_UNKNOWN	0	0	0	false	false	[]	false	true
TEST_00000122.1	III	COMPLETE_PREDICTED	1	0	0	true	false	[]	false	false
TEST_00000122.1	IV	NOT_DETECTED_AFTER_SUCCESSFUL_SEARCH	0	0	0	true	false	[]	false	false
TEST_00000123.1	I	NOT_RUN_SYNTHETIC_UNKNOWN	0	0	0	false	false	[]	false	true
TEST_00000123.1	II	COMPLETE_PREDICTED	1	0	0	true	false	[]	false	false
TEST_00000123.1	III	NOT_DETECTED_AFTER_SUCCESSFUL_SEARCH	0	0	0	true	false	[]	false	false
TEST_00000123.1	IV	NOT_RUN_SYNTHETIC_UNKNOWN	0	0	0	false	false	[]	false	true
TEST_00000124.1	I	COMPLETE_PREDICTED	1	0	0	true	false	[]	false	false
TEST_00000124.1	II	NOT_DETECTED_AFTER_SUCCESSFUL_SEARCH	0	0	0	true	false	[]	false	false
TEST_00000124.1	III	NOT_RUN_SYNTHETIC_UNKNOWN	0	0	0	false	false	[]	false	true
TEST_00000124.1	IV	COMPLETE_PREDICTED	1	0	0	true	false	[]	false	false
TEST_00000125.1	I	NOT_DETECTED_AFTER_SUCCESSFUL_SEARCH	0	0	0	true	false	[]	false	false
TEST_00000125.1	II	NOT_RUN_SYNTHETIC_UNKNOWN	0	0	0	false	false	[]	false	true
TEST_00000125.1	III	COMPLETE_PREDICTED	1	0	0	true	false	[]	false	false
TEST_00000125.1	IV	NOT_DETECTED_AFTER_SUCCESSFUL_SEARCH	0	0	0	true	false	[]	false	false
TEST_00000126.1	I	NOT_RUN_SYNTHETIC_UNKNOWN	0	0	0	false	false	[]	false	true
TEST_00000126.1	II	COMPLETE_PREDICTED_WITH_OTHER_PARTIAL	1	1	0	false	false	[]	false	true
TEST_00000126.1	III	NOT_DETECTED_AFTER_SUCCESSFUL_SEARCH	0	0	0	true	false	[]	false	false
TEST_00000126.1	IV	NOT_RUN_SYNTHETIC_UNKNOWN	0	0	0	false	false	[]	false	true
TEST_00000127.1	I	COMPLETE_PREDICTED	1	0	0	true	false	[]	false	false
TEST_00000127.1	II	NOT_DETECTED_AFTER_SUCCESSFUL_SEARCH	0	0	0	true	false	[]	false	false
TEST_00000127.1	III	NOT_RUN_SYNTHETIC_UNKNOWN	0	0	0	false	false	[]	false	true
TEST_00000127.1	IV	COMPLETE_PREDICTED	1	0	0	true	false	[]	false	false
TEST_00000128.1	I	NOT_DETECTED_AFTER_SUCCESSFUL_SEARCH	0	0	0	true	false	[]	false	false
TEST_00000128.1	II	NOT_RUN_SYNTHETIC_UNKNOWN	0	0	0	false	false	[]	false	true
TEST_00000128.1	III	COMPLETE_PREDICTED	1	0	0	true	false	[]	false	false
TEST_00000128.1	IV	NOT_DETECTED_AFTER_SUCCESSFUL_SEARCH	0	0	0	true	false	[]	false	false
TEST_00000129.1	I	NOT_RUN_SYNTHETIC_UNKNOWN	0	0	0	false	false	[]	false	true
TEST_00000129.1	II	COMPLETE_PREDICTED	1	0	0	true	false	[]	false	false
TEST_00000129.1	III	NOT_DETECTED_AFTER_SUCCESSFUL_SEARCH	0	0	0	true	false	[]	false	false
TEST_00000129.1	IV	NOT_RUN_SYNTHETIC_UNKNOWN	0	0	0	false	false	[]	false	true
TEST_00000130.1	I	COMPLETE_PREDICTED	1	0	0	true	false	[]	false	false
TEST_00000130.1	II	NOT_DETECTED_AFTER_SUCCESSFUL_SEARCH	0	0	0	true	false	[]	false	false
TEST_00000130.1	III	NOT_RUN_SYNTHETIC_UNKNOWN	0	0	0	false	false	[]	false	true
TEST_00000130.1	IV	COMPLETE_PREDICTED	1	0	0	true	false	[]	false	false
TEST_00000131.1	I	NOT_DETECTED_AFTER_SUCCESSFUL_SEARCH	0	0	0	true	false	[]	false	false
TEST_00000131.1	II	NOT_RUN_SYNTHETIC_UNKNOWN	0	0	0	false	false	[]	false	true
TEST_00000131.1	III	COMPLETE_PREDICTED_WITH_OTHER_PARTIAL	1	1	0	false	false	[]	false	true
TEST_00000131.1	IV	NOT_DETECTED_AFTER_SUCCESSFUL_SEARCH	0	0	0	true	false	[]	false	false
TEST_00000132.1	I	NOT_RUN_SYNTHETIC_UNKNOWN	0	0	0	false	false	[]	false	true
TEST_00000132.1	II	COMPLETE_PREDICTED	1	0	0	true	false	[]	false	false
TEST_00000132.1	III	NOT_DETECTED_AFTER_SUCCESSFUL_SEARCH	0	0	0	true	false	[]	false	false
TEST_00000132.1	IV	NOT_RUN_SYNTHETIC_UNKNOWN	0	0	0	false	false	[]	false	true
TEST_00000133.1	I	COMPLETE_PREDICTED	1	0	0	true	false	[]	false	false
TEST_00000133.1	II	NOT_DETECTED_AFTER_SUCCESSFUL_SEARCH	0	0	0	true	false	[]	false	false
TEST_00000133.1	III	NOT_RUN_SYNTHETIC_UNKNOWN	0	0	0	false	false	[]	false	true
TEST_00000133.1	IV	COMPLETE_PREDICTED	1	0	0	true	false	[]	false	false
TEST_00000134.1	I	NOT_DETECTED_AFTER_SUCCESSFUL_SEARCH	0	0	0	true	false	[]	false	false
TEST_00000134.1	II	NOT_RUN_SYNTHETIC_UNKNOWN	0	0	0	false	false	[]	false	true
TEST_00000134.1	III	COMPLETE_PREDICTED	1	0	0	true	false	[]	false	false
TEST_00000134.1	IV	NOT_DETECTED_AFTER_SUCCESSFUL_SEARCH	0	0	0	true	false	[]	false	false
TEST_00000135.1	I	NOT_RUN_SYNTHETIC_UNKNOWN	0	0	0	false	false	[]	false	true
TEST_00000135.1	II	COMPLETE_PREDICTED	1	0	0	true	false	[]	false	false
TEST_00000135.1	III	NOT_DETECTED_AFTER_SUCCESSFUL_SEARCH	0	0	0	true	false	[]	false	false
TEST_00000135.1	IV	NOT_RUN_SYNTHETIC_UNKNOWN	0	0	0	false	false	[]	false	true
TEST_00000136.1	I	COMPLETE_PREDICTED_WITH_OTHER_PARTIAL	1	1	0	false	false	[]	false	true
TEST_00000136.1	II	NOT_DETECTED_AFTER_SUCCESSFUL_SEARCH	0	0	0	true	false	[]	false	false
TEST_00000136.1	III	NOT_RUN_SYNTHETIC_UNKNOWN	0	0	0	false	false	[]	false	true
TEST_00000136.1	IV	COMPLETE_PREDICTED_WITH_OTHER_PARTIAL	1	1	0	false	false	[]	false	true
TEST_00000137.1	I	NOT_DETECTED_AFTER_SUCCESSFUL_SEARCH	0	0	0	true	false	[]	false	false
TEST_00000137.1	II	NOT_RUN_SYNTHETIC_UNKNOWN	0	0	0	false	false	[]	false	true
TEST_00000137.1	III	COMPLETE_PREDICTED	1	0	0	true	false	[]	false	false
TEST_00000137.1	IV	NOT_DETECTED_AFTER_SUCCESSFUL_SEARCH	0	0	0	true	false	[]	false	false
TEST_00000138.1	I	NOT_RUN_SYNTHETIC_UNKNOWN	0	0	0	false	false	[]	false	true
TEST_00000138.1	II	COMPLETE_PREDICTED	1	0	0	true	false	[]	false	false
TEST_00000138.1	III	NOT_DETECTED_AFTER_SUCCESSFUL_SEARCH	0	0	0	true	false	[]	false	false
TEST_00000138.1	IV	NOT_RUN_SYNTHETIC_UNKNOWN	0	0	0	false	false	[]	false	true
TEST_00000139.1	I	COMPLETE_PREDICTED	1	0	0	true	false	[]	false	false
TEST_00000139.1	II	NOT_DETECTED_AFTER_SUCCESSFUL_SEARCH	0	0	0	true	false	[]	false	false
TEST_00000139.1	III	NOT_RUN_SYNTHETIC_UNKNOWN	0	0	0	false	false	[]	false	true
TEST_00000139.1	IV	COMPLETE_PREDICTED	1	0	0	true	false	[]	false	false
TEST_00000140.1	I	NOT_DETECTED_AFTER_SUCCESSFUL_SEARCH	0	0	0	true	false	[]	false	false
TEST_00000140.1	II	NOT_RUN_SYNTHETIC_UNKNOWN	0	0	0	false	false	[]	false	true
TEST_00000140.1	III	COMPLETE_PREDICTED	1	0	0	true	false	[]	false	false
TEST_00000140.1	IV	NOT_DETECTED_AFTER_SUCCESSFUL_SEARCH	0	0	0	true	false	[]	false	false
TEST_00000141.1	I	NOT_RUN_SYNTHETIC_UNKNOWN	0	0	0	false	false	[]	false	true
TEST_00000141.1	II	COMPLETE_PREDICTED_WITH_OTHER_PARTIAL	1	1	0	false	false	[]	false	true
TEST_00000141.1	III	NOT_DETECTED_AFTER_SUCCESSFUL_SEARCH	0	0	0	true	false	[]	false	false
TEST_00000141.1	IV	NOT_RUN_SYNTHETIC_UNKNOWN	0	0	0	false	false	[]	false	true
TEST_00000142.1	I	COMPLETE_PREDICTED	1	0	0	true	false	[]	false	false
TEST_00000142.1	II	NOT_DETECTED_AFTER_SUCCESSFUL_SEARCH	0	0	0	true	false	[]	false	false
TEST_00000142.1	III	NOT_RUN_SYNTHETIC_UNKNOWN	0	0	0	false	false	[]	false	true
TEST_00000142.1	IV	COMPLETE_PREDICTED	1	0	0	true	false	[]	false	false
TEST_00000143.1	I	NOT_DETECTED_AFTER_SUCCESSFUL_SEARCH	0	0	0	true	false	[]	false	false
TEST_00000143.1	II	NOT_RUN_SYNTHETIC_UNKNOWN	0	0	0	false	false	[]	false	true
TEST_00000143.1	III	COMPLETE_PREDICTED	1	0	0	true	false	[]	false	false
TEST_00000143.1	IV	NOT_DETECTED_AFTER_SUCCESSFUL_SEARCH	0	0	0	true	false	[]	false	false
TEST_00000144.1	I	NOT_RUN_SYNTHETIC_UNKNOWN	0	0	0	false	false	[]	false	true
TEST_00000144.1	II	COMPLETE_PREDICTED	1	0	0	true	false	[]	false	false
TEST_00000144.1	III	NOT_DETECTED_AFTER_SUCCESSFUL_SEARCH	0	0	0	true	false	[]	false	false
TEST_00000144.1	IV	NOT_RUN_SYNTHETIC_UNKNOWN	0	0	0	false	false	[]	false	true
TEST_00000145.1	I	COMPLETE_PREDICTED	1	0	0	true	false	[]	false	false
TEST_00000145.1	II	NOT_DETECTED_AFTER_SUCCESSFUL_SEARCH	0	0	0	true	false	[]	false	false
TEST_00000145.1	III	NOT_RUN_SYNTHETIC_UNKNOWN	0	0	0	false	false	[]	false	true
TEST_00000145.1	IV	COMPLETE_PREDICTED	1	0	0	true	false	[]	false	false
TEST_00000146.1	I	NOT_DETECTED_AFTER_SUCCESSFUL_SEARCH	0	0	0	true	false	[]	false	false
TEST_00000146.1	II	NOT_RUN_SYNTHETIC_UNKNOWN	0	0	0	false	false	[]	false	true
TEST_00000146.1	III	COMPLETE_PREDICTED_WITH_OTHER_PARTIAL	1	1	0	false	false	[]	false	true
TEST_00000146.1	IV	NOT_DETECTED_AFTER_SUCCESSFUL_SEARCH	0	0	0	true	false	[]	false	false
TEST_00000147.1	I	NOT_RUN_SYNTHETIC_UNKNOWN	0	0	0	false	false	[]	false	true
TEST_00000147.1	II	COMPLETE_PREDICTED	1	0	0	true	false	[]	false	false
TEST_00000147.1	III	NOT_DETECTED_AFTER_SUCCESSFUL_SEARCH	0	0	0	true	false	[]	false	false
TEST_00000147.1	IV	NOT_RUN_SYNTHETIC_UNKNOWN	0	0	0	false	false	[]	false	true
TEST_00000148.1	I	COMPLETE_PREDICTED	1	0	0	true	false	[]	false	false
TEST_00000148.1	II	NOT_DETECTED_AFTER_SUCCESSFUL_SEARCH	0	0	0	true	false	[]	false	false
TEST_00000148.1	III	NOT_RUN_SYNTHETIC_UNKNOWN	0	0	0	false	false	[]	false	true
TEST_00000148.1	IV	COMPLETE_PREDICTED	1	0	0	true	false	[]	false	false
TEST_00000149.1	I	NOT_DETECTED_AFTER_SUCCESSFUL_SEARCH	0	0	0	true	false	[]	false	false
TEST_00000149.1	II	NOT_RUN_SYNTHETIC_UNKNOWN	0	0	0	false	false	[]	false	true
TEST_00000149.1	III	COMPLETE_PREDICTED	1	0	0	true	false	[]	false	false
TEST_00000149.1	IV	NOT_DETECTED_AFTER_SUCCESSFUL_SEARCH	0	0	0	true	false	[]	false	false
TEST_00000150.1	I	NOT_RUN_SYNTHETIC_UNKNOWN	0	0	0	false	false	[]	false	true
TEST_00000150.1	II	COMPLETE_PREDICTED	1	0	0	true	false	[]	false	false
TEST_00000150.1	III	NOT_DETECTED_AFTER_SUCCESSFUL_SEARCH	0	0	0	true	false	[]	false	false
TEST_00000150.1	IV	NOT_RUN_SYNTHETIC_UNKNOWN	0	0	0	false	false	[]	false	true
TEST_00000151.1	I	COMPLETE_PREDICTED_WITH_OTHER_PARTIAL	1	1	0	false	false	[]	false	true
TEST_00000151.1	II	NOT_DETECTED_AFTER_SUCCESSFUL_SEARCH	0	0	0	true	false	[]	false	false
TEST_00000151.1	III	NOT_RUN_SYNTHETIC_UNKNOWN	0	0	0	false	false	[]	false	true
TEST_00000151.1	IV	COMPLETE_PREDICTED_WITH_OTHER_PARTIAL	1	1	0	false	false	[]	false	true
TEST_00000152.1	I	NOT_DETECTED_AFTER_SUCCESSFUL_SEARCH	0	0	0	true	false	[]	false	false
TEST_00000152.1	II	NOT_RUN_SYNTHETIC_UNKNOWN	0	0	0	false	false	[]	false	true
TEST_00000152.1	III	COMPLETE_PREDICTED	1	0	0	true	false	[]	false	false
TEST_00000152.1	IV	NOT_DETECTED_AFTER_SUCCESSFUL_SEARCH	0	0	0	true	false	[]	false	false
TEST_00000153.1	I	NOT_RUN_SYNTHETIC_UNKNOWN	0	0	0	false	false	[]	false	true
TEST_00000153.1	II	COMPLETE_PREDICTED	1	0	0	true	false	[]	false	false
TEST_00000153.1	III	NOT_DETECTED_AFTER_SUCCESSFUL_SEARCH	0	0	0	true	false	[]	false	false
TEST_00000153.1	IV	NOT_RUN_SYNTHETIC_UNKNOWN	0	0	0	false	false	[]	false	true
TEST_00000154.1	I	COMPLETE_PREDICTED	1	0	0	true	false	[]	false	false
TEST_00000154.1	II	NOT_DETECTED_AFTER_SUCCESSFUL_SEARCH	0	0	0	true	false	[]	false	false
TEST_00000154.1	III	NOT_RUN_SYNTHETIC_UNKNOWN	0	0	0	false	false	[]	false	true
TEST_00000154.1	IV	COMPLETE_PREDICTED	1	0	0	true	false	[]	false	false
TEST_00000155.1	I	NOT_DETECTED_AFTER_SUCCESSFUL_SEARCH	0	0	0	true	false	[]	false	false
TEST_00000155.1	II	NOT_RUN_SYNTHETIC_UNKNOWN	0	0	0	false	false	[]	false	true
TEST_00000155.1	III	COMPLETE_PREDICTED	1	0	0	true	false	[]	false	false
TEST_00000155.1	IV	NOT_DETECTED_AFTER_SUCCESSFUL_SEARCH	0	0	0	true	false	[]	false	false
TEST_00000156.1	I	NOT_RUN_SYNTHETIC_UNKNOWN	0	0	0	false	false	[]	false	true
TEST_00000156.1	II	COMPLETE_PREDICTED_WITH_OTHER_PARTIAL	1	1	0	false	false	[]	false	true
TEST_00000156.1	III	NOT_DETECTED_AFTER_SUCCESSFUL_SEARCH	0	0	0	true	false	[]	false	false
TEST_00000156.1	IV	NOT_RUN_SYNTHETIC_UNKNOWN	0	0	0	false	false	[]	false	true
TEST_00000157.1	I	COMPLETE_PREDICTED	1	0	0	true	false	[]	false	false
TEST_00000157.1	II	NOT_DETECTED_AFTER_SUCCESSFUL_SEARCH	0	0	0	true	false	[]	false	false
TEST_00000157.1	III	NOT_RUN_SYNTHETIC_UNKNOWN	0	0	0	false	false	[]	false	true
TEST_00000157.1	IV	COMPLETE_PREDICTED	1	0	0	true	false	[]	false	false
TEST_00000158.1	I	NOT_DETECTED_AFTER_SUCCESSFUL_SEARCH	0	0	0	true	false	[]	false	false
TEST_00000158.1	II	NOT_RUN_SYNTHETIC_UNKNOWN	0	0	0	false	false	[]	false	true
TEST_00000158.1	III	COMPLETE_PREDICTED	1	0	0	true	false	[]	false	false
TEST_00000158.1	IV	NOT_DETECTED_AFTER_SUCCESSFUL_SEARCH	0	0	0	true	false	[]	false	false
TEST_00000159.1	I	NOT_RUN_SYNTHETIC_UNKNOWN	0	0	0	false	false	[]	false	true
TEST_00000159.1	II	COMPLETE_PREDICTED	1	0	0	true	false	[]	false	false
TEST_00000159.1	III	NOT_DETECTED_AFTER_SUCCESSFUL_SEARCH	0	0	0	true	false	[]	false	false
TEST_00000159.1	IV	NOT_RUN_SYNTHETIC_UNKNOWN	0	0	0	false	false	[]	false	true
TEST_00000160.1	I	COMPLETE_PREDICTED	1	0	0	true	false	[]	false	false
TEST_00000160.1	II	NOT_DETECTED_AFTER_SUCCESSFUL_SEARCH	0	0	0	true	false	[]	false	false
TEST_00000160.1	III	NOT_RUN_SYNTHETIC_UNKNOWN	0	0	0	false	false	[]	false	true
TEST_00000160.1	IV	COMPLETE_PREDICTED	1	0	0	true	false	[]	false	false
TEST_00000161.1	I	NOT_DETECTED_AFTER_SUCCESSFUL_SEARCH	0	0	0	true	false	[]	false	false
TEST_00000161.1	II	NOT_RUN_SYNTHETIC_UNKNOWN	0	0	0	false	false	[]	false	true
TEST_00000161.1	III	COMPLETE_PREDICTED_WITH_OTHER_PARTIAL	1	1	0	false	false	[]	false	true
TEST_00000161.1	IV	NOT_DETECTED_AFTER_SUCCESSFUL_SEARCH	0	0	0	true	false	[]	false	false
TEST_00000162.1	I	NOT_RUN_SYNTHETIC_UNKNOWN	0	0	0	false	false	[]	false	true
TEST_00000162.1	II	COMPLETE_PREDICTED	1	0	0	true	false	[]	false	false
TEST_00000162.1	III	NOT_DETECTED_AFTER_SUCCESSFUL_SEARCH	0	0	0	true	false	[]	false	false
TEST_00000162.1	IV	NOT_RUN_SYNTHETIC_UNKNOWN	0	0	0	false	false	[]	false	true
TEST_00000163.1	I	COMPLETE_PREDICTED	1	0	0	true	false	[]	false	false
TEST_00000163.1	II	NOT_DETECTED_AFTER_SUCCESSFUL_SEARCH	0	0	0	true	false	[]	false	false
TEST_00000163.1	III	NOT_RUN_SYNTHETIC_UNKNOWN	0	0	0	false	false	[]	false	true
TEST_00000163.1	IV	COMPLETE_PREDICTED	1	0	0	true	false	[]	false	false
TEST_00000164.1	I	NOT_DETECTED_AFTER_SUCCESSFUL_SEARCH	0	0	0	true	false	[]	false	false
TEST_00000164.1	II	NOT_RUN_SYNTHETIC_UNKNOWN	0	0	0	false	false	[]	false	true
TEST_00000164.1	III	COMPLETE_PREDICTED	1	0	0	true	false	[]	false	false
TEST_00000164.1	IV	NOT_DETECTED_AFTER_SUCCESSFUL_SEARCH	0	0	0	true	false	[]	false	false
TEST_00000165.1	I	NOT_RUN_SYNTHETIC_UNKNOWN	0	0	0	false	false	[]	false	true
TEST_00000165.1	II	COMPLETE_PREDICTED	1	0	0	true	false	[]	false	false
TEST_00000165.1	III	NOT_DETECTED_AFTER_SUCCESSFUL_SEARCH	0	0	0	true	false	[]	false	false
TEST_00000165.1	IV	NOT_RUN_SYNTHETIC_UNKNOWN	0	0	0	false	false	[]	false	true
TEST_00000166.1	I	COMPLETE_PREDICTED_WITH_OTHER_PARTIAL	1	1	0	false	false	[]	false	true
TEST_00000166.1	II	NOT_DETECTED_AFTER_SUCCESSFUL_SEARCH	0	0	0	true	false	[]	false	false
TEST_00000166.1	III	NOT_RUN_SYNTHETIC_UNKNOWN	0	0	0	false	false	[]	false	true
TEST_00000166.1	IV	COMPLETE_PREDICTED_WITH_OTHER_PARTIAL	1	1	0	false	false	[]	false	true
TEST_00000167.1	I	NOT_DETECTED_AFTER_SUCCESSFUL_SEARCH	0	0	0	true	false	[]	false	false
TEST_00000167.1	II	NOT_RUN_SYNTHETIC_UNKNOWN	0	0	0	false	false	[]	false	true
TEST_00000167.1	III	COMPLETE_PREDICTED	1	0	0	true	false	[]	false	false
TEST_00000167.1	IV	NOT_DETECTED_AFTER_SUCCESSFUL_SEARCH	0	0	0	true	false	[]	false	false
TEST_00000168.1	I	NOT_RUN_SYNTHETIC_UNKNOWN	0	0	0	false	false	[]	false	true
TEST_00000168.1	II	COMPLETE_PREDICTED	1	0	0	true	false	[]	false	false
TEST_00000168.1	III	NOT_DETECTED_AFTER_SUCCESSFUL_SEARCH	0	0	0	true	false	[]	false	false
TEST_00000168.1	IV	NOT_RUN_SYNTHETIC_UNKNOWN	0	0	0	false	false	[]	false	true
TEST_00000169.1	I	COMPLETE_PREDICTED	1	0	0	true	false	[]	false	false
TEST_00000169.1	II	NOT_DETECTED_AFTER_SUCCESSFUL_SEARCH	0	0	0	true	false	[]	false	false
TEST_00000169.1	III	NOT_RUN_SYNTHETIC_UNKNOWN	0	0	0	false	false	[]	false	true
TEST_00000169.1	IV	COMPLETE_PREDICTED	1	0	0	true	false	[]	false	false
TEST_00000170.1	I	NOT_DETECTED_AFTER_SUCCESSFUL_SEARCH	0	0	0	true	false	[]	false	false
TEST_00000170.1	II	NOT_RUN_SYNTHETIC_UNKNOWN	0	0	0	false	false	[]	false	true
TEST_00000170.1	III	COMPLETE_PREDICTED	1	0	0	true	false	[]	false	false
TEST_00000170.1	IV	NOT_DETECTED_AFTER_SUCCESSFUL_SEARCH	0	0	0	true	false	[]	false	false
TEST_00000171.1	I	NOT_RUN_SYNTHETIC_UNKNOWN	0	0	0	false	false	[]	false	true
TEST_00000171.1	II	COMPLETE_PREDICTED_WITH_OTHER_PARTIAL	1	1	0	false	false	[]	false	true
TEST_00000171.1	III	NOT_DETECTED_AFTER_SUCCESSFUL_SEARCH	0	0	0	true	false	[]	false	false
TEST_00000171.1	IV	NOT_RUN_SYNTHETIC_UNKNOWN	0	0	0	false	false	[]	false	true
TEST_00000172.1	I	COMPLETE_PREDICTED	1	0	0	true	false	[]	false	false
TEST_00000172.1	II	NOT_DETECTED_AFTER_SUCCESSFUL_SEARCH	0	0	0	true	false	[]	false	false
TEST_00000172.1	III	NOT_RUN_SYNTHETIC_UNKNOWN	0	0	0	false	false	[]	false	true
TEST_00000172.1	IV	COMPLETE_PREDICTED	1	0	0	true	false	[]	false	false
TEST_00000173.1	I	NOT_DETECTED_AFTER_SUCCESSFUL_SEARCH	0	0	0	true	false	[]	false	false
TEST_00000173.1	II	NOT_RUN_SYNTHETIC_UNKNOWN	0	0	0	false	false	[]	false	true
TEST_00000173.1	III	COMPLETE_PREDICTED	1	0	0	true	false	[]	false	false
TEST_00000173.1	IV	NOT_DETECTED_AFTER_SUCCESSFUL_SEARCH	0	0	0	true	false	[]	false	false
TEST_00000174.1	I	NOT_RUN_SYNTHETIC_UNKNOWN	0	0	0	false	false	[]	false	true
TEST_00000174.1	II	COMPLETE_PREDICTED	1	0	0	true	false	[]	false	false
TEST_00000174.1	III	NOT_DETECTED_AFTER_SUCCESSFUL_SEARCH	0	0	0	true	false	[]	false	false
TEST_00000174.1	IV	NOT_RUN_SYNTHETIC_UNKNOWN	0	0	0	false	false	[]	false	true
TEST_00000175.1	I	COMPLETE_PREDICTED	1	0	0	true	false	[]	false	false
TEST_00000175.1	II	NOT_DETECTED_AFTER_SUCCESSFUL_SEARCH	0	0	0	true	false	[]	false	false
TEST_00000175.1	III	NOT_RUN_SYNTHETIC_UNKNOWN	0	0	0	false	false	[]	false	true
TEST_00000175.1	IV	COMPLETE_PREDICTED	1	0	0	true	false	[]	false	false
TEST_00000176.1	I	NOT_DETECTED_AFTER_SUCCESSFUL_SEARCH	0	0	0	true	false	[]	false	false
TEST_00000176.1	II	NOT_RUN_SYNTHETIC_UNKNOWN	0	0	0	false	false	[]	false	true
TEST_00000176.1	III	COMPLETE_PREDICTED_WITH_OTHER_PARTIAL	1	1	0	false	false	[]	false	true
TEST_00000176.1	IV	NOT_DETECTED_AFTER_SUCCESSFUL_SEARCH	0	0	0	true	false	[]	false	false
TEST_00000177.1	I	NOT_RUN_SYNTHETIC_UNKNOWN	0	0	0	false	false	[]	false	true
TEST_00000177.1	II	COMPLETE_PREDICTED	1	0	0	true	false	[]	false	false
TEST_00000177.1	III	NOT_DETECTED_AFTER_SUCCESSFUL_SEARCH	0	0	0	true	false	[]	false	false
TEST_00000177.1	IV	NOT_RUN_SYNTHETIC_UNKNOWN	0	0	0	false	false	[]	false	true
TEST_00000178.1	I	COMPLETE_PREDICTED	1	0	0	true	false	[]	false	false
TEST_00000178.1	II	NOT_DETECTED_AFTER_SUCCESSFUL_SEARCH	0	0	0	true	false	[]	false	false
TEST_00000178.1	III	NOT_RUN_SYNTHETIC_UNKNOWN	0	0	0	false	false	[]	false	true
TEST_00000178.1	IV	COMPLETE_PREDICTED	1	0	0	true	false	[]	false	false
TEST_00000179.1	I	NOT_DETECTED_AFTER_SUCCESSFUL_SEARCH	0	0	0	true	false	[]	false	false
TEST_00000179.1	II	NOT_RUN_SYNTHETIC_UNKNOWN	0	0	0	false	false	[]	false	true
TEST_00000179.1	III	COMPLETE_PREDICTED	1	0	0	true	false	[]	false	false
TEST_00000179.1	IV	NOT_DETECTED_AFTER_SUCCESSFUL_SEARCH	0	0	0	true	false	[]	false	false
TEST_00000180.1	I	NOT_RUN_SYNTHETIC_UNKNOWN	0	0	0	false	false	[]	false	true
TEST_00000180.1	II	COMPLETE_PREDICTED	1	0	0	true	false	[]	false	false
TEST_00000180.1	III	NOT_DETECTED_AFTER_SUCCESSFUL_SEARCH	0	0	0	true	false	[]	false	false
TEST_00000180.1	IV	NOT_RUN_SYNTHETIC_UNKNOWN	0	0	0	false	false	[]	false	true
TEST_00000181.1	I	COMPLETE_PREDICTED_WITH_OTHER_PARTIAL	1	1	0	false	false	[]	false	true
TEST_00000181.1	II	NOT_DETECTED_AFTER_SUCCESSFUL_SEARCH	0	0	0	true	false	[]	false	false
TEST_00000181.1	III	NOT_RUN_SYNTHETIC_UNKNOWN	0	0	0	false	false	[]	false	true
TEST_00000181.1	IV	COMPLETE_PREDICTED_WITH_OTHER_PARTIAL	1	1	0	false	false	[]	false	true
TEST_00000182.1	I	NOT_DETECTED_AFTER_SUCCESSFUL_SEARCH	0	0	0	true	false	[]	false	false
TEST_00000182.1	II	NOT_RUN_SYNTHETIC_UNKNOWN	0	0	0	false	false	[]	false	true
TEST_00000182.1	III	COMPLETE_PREDICTED	1	0	0	true	false	[]	false	false
TEST_00000182.1	IV	NOT_DETECTED_AFTER_SUCCESSFUL_SEARCH	0	0	0	true	false	[]	false	false
TEST_00000183.1	I	NOT_RUN_SYNTHETIC_UNKNOWN	0	0	0	false	false	[]	false	true
TEST_00000183.1	II	COMPLETE_PREDICTED	1	0	0	true	false	[]	false	false
TEST_00000183.1	III	NOT_DETECTED_AFTER_SUCCESSFUL_SEARCH	0	0	0	true	false	[]	false	false
TEST_00000183.1	IV	NOT_RUN_SYNTHETIC_UNKNOWN	0	0	0	false	false	[]	false	true
TEST_00000184.1	I	COMPLETE_PREDICTED	1	0	0	true	false	[]	false	false
TEST_00000184.1	II	NOT_DETECTED_AFTER_SUCCESSFUL_SEARCH	0	0	0	true	false	[]	false	false
TEST_00000184.1	III	NOT_RUN_SYNTHETIC_UNKNOWN	0	0	0	false	false	[]	false	true
TEST_00000184.1	IV	COMPLETE_PREDICTED	1	0	0	true	false	[]	false	false
TEST_00000185.1	I	NOT_DETECTED_AFTER_SUCCESSFUL_SEARCH	0	0	0	true	false	[]	false	false
TEST_00000185.1	II	NOT_RUN_SYNTHETIC_UNKNOWN	0	0	0	false	false	[]	false	true
TEST_00000185.1	III	COMPLETE_PREDICTED	1	0	0	true	false	[]	false	false
TEST_00000185.1	IV	NOT_DETECTED_AFTER_SUCCESSFUL_SEARCH	0	0	0	true	false	[]	false	false
TEST_00000186.1	I	NOT_RUN_SYNTHETIC_UNKNOWN	0	0	0	false	false	[]	false	true
TEST_00000186.1	II	COMPLETE_PREDICTED_WITH_OTHER_PARTIAL	1	1	0	false	false	[]	false	true
TEST_00000186.1	III	NOT_DETECTED_AFTER_SUCCESSFUL_SEARCH	0	0	0	true	false	[]	false	false
TEST_00000186.1	IV	NOT_RUN_SYNTHETIC_UNKNOWN	0	0	0	false	false	[]	false	true
TEST_00000187.1	I	COMPLETE_PREDICTED	1	0	0	true	false	[]	false	false
TEST_00000187.1	II	NOT_DETECTED_AFTER_SUCCESSFUL_SEARCH	0	0	0	true	false	[]	false	false
TEST_00000187.1	III	NOT_RUN_SYNTHETIC_UNKNOWN	0	0	0	false	false	[]	false	true
TEST_00000187.1	IV	COMPLETE_PREDICTED	1	0	0	true	false	[]	false	false
TEST_00000188.1	I	NOT_DETECTED_AFTER_SUCCESSFUL_SEARCH	0	0	0	true	false	[]	false	false
TEST_00000188.1	II	NOT_RUN_SYNTHETIC_UNKNOWN	0	0	0	false	false	[]	false	true
TEST_00000188.1	III	COMPLETE_PREDICTED	1	0	0	true	false	[]	false	false
TEST_00000188.1	IV	NOT_DETECTED_AFTER_SUCCESSFUL_SEARCH	0	0	0	true	false	[]	false	false
TEST_00000189.1	I	NOT_RUN_SYNTHETIC_UNKNOWN	0	0	0	false	false	[]	false	true
TEST_00000189.1	II	COMPLETE_PREDICTED	1	0	0	true	false	[]	false	false
TEST_00000189.1	III	NOT_DETECTED_AFTER_SUCCESSFUL_SEARCH	0	0	0	true	false	[]	false	false
TEST_00000189.1	IV	NOT_RUN_SYNTHETIC_UNKNOWN	0	0	0	false	false	[]	false	true
TEST_00000190.1	I	COMPLETE_PREDICTED	1	0	0	true	false	[]	false	false
TEST_00000190.1	II	NOT_DETECTED_AFTER_SUCCESSFUL_SEARCH	0	0	0	true	false	[]	false	false
TEST_00000190.1	III	NOT_RUN_SYNTHETIC_UNKNOWN	0	0	0	false	false	[]	false	true
TEST_00000190.1	IV	COMPLETE_PREDICTED	1	0	0	true	false	[]	false	false
TEST_00000191.1	I	NOT_DETECTED_AFTER_SUCCESSFUL_SEARCH	0	0	0	true	false	[]	false	false
TEST_00000191.1	II	NOT_RUN_SYNTHETIC_UNKNOWN	0	0	0	false	false	[]	false	true
TEST_00000191.1	III	COMPLETE_PREDICTED_WITH_OTHER_PARTIAL	1	1	0	false	false	[]	false	true
TEST_00000191.1	IV	NOT_DETECTED_AFTER_SUCCESSFUL_SEARCH	0	0	0	true	false	[]	false	false
TEST_00000192.1	I	NOT_RUN_SYNTHETIC_UNKNOWN	0	0	0	false	false	[]	false	true
TEST_00000192.1	II	COMPLETE_PREDICTED	1	0	0	true	false	[]	false	false
TEST_00000192.1	III	NOT_DETECTED_AFTER_SUCCESSFUL_SEARCH	0	0	0	true	false	[]	false	false
TEST_00000192.1	IV	NOT_RUN_SYNTHETIC_UNKNOWN	0	0	0	false	false	[]	false	true
TEST_00000193.1	I	COMPLETE_PREDICTED	1	0	0	true	false	[]	false	false
TEST_00000193.1	II	NOT_DETECTED_AFTER_SUCCESSFUL_SEARCH	0	0	0	true	false	[]	false	false
TEST_00000193.1	III	NOT_RUN_SYNTHETIC_UNKNOWN	0	0	0	false	false	[]	false	true
TEST_00000193.1	IV	COMPLETE_PREDICTED	1	0	0	true	false	[]	false	false
TEST_00000194.1	I	NOT_DETECTED_AFTER_SUCCESSFUL_SEARCH	0	0	0	true	false	[]	false	false
TEST_00000194.1	II	NOT_RUN_SYNTHETIC_UNKNOWN	0	0	0	false	false	[]	false	true
TEST_00000194.1	III	COMPLETE_PREDICTED	1	0	0	true	false	[]	false	false
TEST_00000194.1	IV	NOT_DETECTED_AFTER_SUCCESSFUL_SEARCH	0	0	0	true	false	[]	false	false
TEST_00000195.1	I	NOT_RUN_SYNTHETIC_UNKNOWN	0	0	0	false	false	[]	false	true
TEST_00000195.1	II	COMPLETE_PREDICTED	1	0	0	true	false	[]	false	false
TEST_00000195.1	III	NOT_DETECTED_AFTER_SUCCESSFUL_SEARCH	0	0	0	true	false	[]	false	false
TEST_00000195.1	IV	NOT_RUN_SYNTHETIC_UNKNOWN	0	0	0	false	false	[]	false	true
TEST_00000196.1	I	COMPLETE_PREDICTED_WITH_OTHER_PARTIAL	1	1	0	false	false	[]	false	true
TEST_00000196.1	II	NOT_DETECTED_AFTER_SUCCESSFUL_SEARCH	0	0	0	true	false	[]	false	false
TEST_00000196.1	III	NOT_RUN_SYNTHETIC_UNKNOWN	0	0	0	false	false	[]	false	true
TEST_00000196.1	IV	COMPLETE_PREDICTED_WITH_OTHER_PARTIAL	1	1	0	false	false	[]	false	true
