assembly_accession	source_context_loci	protein_targets	native_coordinate_groups	coincident_coordinate_groups	source_crosswalk_sha256
GCF_000009425.1	2504	2386	2386	0	cd128ae6eaa66b0bbecebfa20a55617420bbfb4876e3681369f7b188dd308b06
GCF_000010145.1	2099	1963	1963	0	f4853726a2d983a9c5eafed093adb2ce4183fab61dedc12d6ea2ed3525abe6f5
GCF_000011045.1	2737	2686	2686	0	1fde1a90c97cb84f2b0cf44a5b3934f26d65b1b236c0df08f312fcc623b9d5d2
GCF_000014385.1	1797	1720	1720	0	c8da8b1840b4f712650bf0565431232d387ee00252f46ab204903138a72527d4
GCF_000014425.1	1788	1741	1741	0	938d3dcc4f2333eeef4edd21a5b0546f7e007885c19f19608b19b7242461b582
GCF_000014445.1	2018	1996	1996	0	080d2ab0cd80fcd0b844e2ba9bac9f148dd719066c42306d9023576eb2962e54
GCF_000014505.1	1745	1732	1732	0	07f2e12f24db80839be9174ca9d9f8d6f726db901da05e4d578cc963ca91527d
GCF_000014545.1	2610	2444	2444	0	1058acb89212d1166f7d95ba347c1383b48b3c9e3cc99df6f165c2dd0520bd32
GCF_000015385.1	2086	1787	1787	0	371220889a4582812316e89aaae746ca6c586d5603be8fa921db3f32718b246d
GCF_000016825.1	1965	1902	1902	0	0de1ec29eb9dc101c942bb3917a6abc08210e62edb97c52880998e6231270204
GCF_000023085.1	2954	2912	2912	0	abc92539a19341531b7320967b8676ed78753093a159c83296493e820c1683f3
GCF_000025045.1	2550	2502	2502	0	e9e926f1358426520519ecebaa1fdc7919651ca077c4adc58d6da6a9c4c2f07b
GCF_000026405.1	1847	1812	1812	0	9103a6b2eb9bd6be608e57ce43cf341d977920c47b7613d91df52e72f5429918
GCF_000092505.1	2068	2046	2046	0	79b0465b55ad838892daf87a1f1fb40efdce00e58fc96d0315069b3c7228cf3a
GCF_000148815.2	3044	3008	3008	0	b9761db6a8cac35e5f3f488b4cfdfa45038b9f91e27df05dd7bcbed820d0bf84
GCF_000155515.2	2877	2808	2808	0	fac830922a3f5b35f7a81fd0c0fbde130051c60aa771c233863738c4b9440d7f
GCF_000160835.1	2143	2100	2100	0	61a2307a06a52536591156e50b55797d6f66dcdd0732042c4247271df4993e6d
GCF_000203855.3	3088	3059	3059	0	c0435cf4608d80e52b5fbcc19f5dccf46826e2d3b8c06f1aee06fb9a8b02d5f7
GCF_000237995.1	1890	1857	1857	0	e1f4fa12bd090adda63d1b57bbbf48b7662fd4526297860882b0305ef9408c10
GCF_000241055.1	1824	1801	1801	0	dbb8c18df874a3a732e16b10413095c01c70c640a4b24a8411cec2343ee42688
GCF_000269925.1	1918	1874	1874	0	76a8271f18f8b0b692210dd44428f2f340efc785c9a5938784c8d736e1a1027b
GCF_000269945.1	1935	1883	1883	0	359f2e479b7b44918046fb0a01d110da4a0030df571e56537ca5a9aa6e818498
GCF_000298875.1	1801	1782	1782	0	882ef028cb1bf83a286abab8f9f142df66755256d3d6b971bfa4c6b07df6b07d
GCF_000468955.1	2276	2261	2261	0	928e81172ee4dfa78f7f62d854c277d38f51af58783af71645a412b581726a07
GCF_000691805.2	2176	2150	2150	0	ca0d0db50c364dcc2a908eef2d7f7d94d276d73be7de93c7d074e8be3c33e49b
GCF_001434365.1	1851	1783	1783	0	bc40761ee056eb9e03d423a22c22989eddd933536871d1bc4804c1297f63bd53
GCF_001434705.1	2179	2163	2163	0	60a02623afd2e0cdb70993e5d19f33d9c6fe2e3ea7a6957045f3d000602af17a
GCF_001435245.1	1572	1545	1545	0	7093f84d1ede219a8dcab0aa83029398edc96c15f60ae66f2f309f2fce5eb807
GCF_001436135.1	1889	1854	1854	0	82636e219c44fe0890978500a5bde4fc5bce81bffa417174c7331cacf2529153
GCF_001436905.1	1823	1792	1792	0	825c3a7ebb00b1025981988a5ecf49e7947dca5469e79cc659c9c56fdcf038ad
GCF_001437055.1	1502	1486	1486	0	afb22dd540aff9bcba686de30396ddaa9a6e8acfd8bb360b6e692537456ddb9e
GCF_001437425.1	1795	1785	1785	0	22fa5c805958b699dad0d624876cf7c598e62a2f4951a1c792061217c85ce875
GCF_001438705.1	1269	1256	1256	0	d4ffdd49e8105e3d70acf03cc7b0799e018a9b55922201c23357275cbdf4262e
GCF_001536305.1	2010	1986	1986	0	7fdbb270f5a270a53c0d52437367d2234772ad877abff22e599ff76d14510493
GCF_001618285.1	1797	1707	1707	0	d73a811e433db058046cf53003dba01323d351a130f7612fa27ce174b5282282
GCF_001702215.1	1883	1851	1851	0	5c7cbbab5b531f9dcae927b687387b674d9ba20bcd0ebf8e171dc02df6d2c74e
GCF_001702235.1	1921	1881	1881	0	1df59c20e84c6fd8f33b5c89948f34fc07faf3df13fe93c531525ec24225fddf
GCF_001752505.1	1774	1753	1753	0	8a7082ebadf2ca09ca687d0159df394ebc0c3d4ebf2febda56e17f121f36742b
GCF_001752515.1	1817	1789	1789	0	ff22f80e55673dddd57568ddaf7436aafd0701ce6b642b9144a27933efe0707c
GCF_001752545.1	1838	1802	1802	0	26fbf62af55e909e0b90111cf457ca24cb0e50b8bd1749d769866b88a9d5db89
GCF_001761545.1	1547	1541	1541	0	af0b8fb7a1a163af411a5098c3677c48cf9aa0a0cf6a4d9721c8f968a3975d03
GCF_001767275.1	1980	1962	1962	0	1a90b7aecd5af729181ddb39a6996afa643da6dac84442dd649779f862885793
GCF_001888925.1	1789	1687	1687	0	4ccd88a94c802138999d3c732dad7ea4b7b23b99c14781440309927bdf75df8f
GCF_001891125.1	1982	1946	1946	0	a4640fa40c995dade3c5eb0870152d2764df6a7d258e0d06b72a4953285945c5
GCF_001932615.1	2067	2011	2011	0	5e422c08f5512c46a4814100c74074ff9c3933370178eb5d1ac0b5c3ce23eb07
GCF_001998805.1	1680	1652	1652	0	e6036820ab1a01d9bcde7f57999e6c09080704858e24912a00e4f954978a5266
GCF_002174215.1	1998	1957	1957	0	73c63ef61a3be61df5c9e398b9c555f29872eaf3796d77e9be74de945a8e11e6
GCF_002950695.1	1436	1419	1419	0	58cc839d1f1cabbb6e9da25fde2fb06e2ef5efb6941b8fbe16a4cb466ecdd27b
GCF_002970915.1	2420	2389	2389	0	83fc78cb19b4898563d80546ab48871ab1b53680878f7ec985c3365995ebdf7e
GCF_002970935.1	2415	2359	2359	0	fe928e670200a503240a8cc09220095f6d22f3d54ccf465ef4fe96074e9ca0b4
GCF_003150935.1	1495	1486	1486	0	5730942a0537b6938a1d1f4b19dc7b188ae7b700ff3d45c1bd9725acd7e24e1a
GCF_003151025.1	1831	1812	1812	0	ac17caea97761f06c8225c4bc19041468cb8978514bdf7debbb67250b19c500b
GCF_003173695.1	1691	1676	1676	0	edfbe24f323290765c4e258d0dc23d1c912956233671ea0888db6df3817686b5
GCF_003176835.1	2567	2541	2541	0	349b6fdcd6e2714bf9be9f78fd2fc558ad0ececa5b3c17dee95bdfdecb520c70
GCF_003264795.1	1853	1769	1769	0	c287f7ffc8a163fcbf5bde35bf1aec841d03b8f58ad65ce6dd72fd85476fc034
GCF_003584685.1	1793	1752	1752	0	c8a5a25ca0dd79c7837e1c3b790719a9dc3562b4789920380f6f1284c430f307
GCF_003641185.1	3265	3214	3214	0	3423314afdd775caaa91134bcaf7fbe8c503e3e92f915413aa9533d1087673c3
GCF_003722275.1	2334	2268	2268	0	cc495bc5d63852667dcd6fa07206c2e13ed775190a571e1cc502dd0367895edb
GCF_003999355.1	1604	1478	1478	0	35a5bd824ec89a9c8a2998a8ffacb65f7ace4cc0dc7af6f1af44a13e25797aa5
GCF_004354645.1	1601	1596	1596	0	e094dd2341c28d9cf38daddf63571aedb4545608eab9fa90c7391903b89aa1b6
GCF_004377635.1	1865	1784	1784	0	0d1be5b2ddd7f87ad6fc5592fada317b25e73240768c89e23b7d5559b3eea9eb
GCF_005405405.1	2638	2581	2581	0	774befd95b6eecb11a960b7ef46a1a9087e83bbe643b2e0ae65dc0f63c1b5260
GCF_005405465.1	1950	1914	1914	0	5a840a06854e14809f04af13fb1001cf642b79bee7db5c0d3df176f3bd30abc5
GCF_007954605.1	1742	1717	1717	0	41ac20e78aa449c1efe6304cc7df9289abe50e650d1feaab7504e7344b00ac7b
GCF_007954785.1	1864	1851	1851	0	310d78df2060446824032ef3387b9a0910ccb632008afd7220ac17f63f146af0
GCF_008107645.1	1826	1812	1812	0	6344f6689d9495f61a433c3f598facded673f1a40b73d1348629be080d49778c
GCF_008831485.1	1583	1534	1534	0	a46c11434cb48503bf33e6f158cbd1a5d8d755e64ec86ac895269ffb696001d3
GCF_009184845.1	3376	3252	3252	0	7abb2a528e7d98fc2adf5ada68e9141040f131947aeb357475c761044bcf7326
GCF_009856565.1	1931	1684	1684	0	8dcf5998559833c8076cdbf2cabe4a3b677bbe81d0727ff70c320d1517824999
GCF_009913655.1	2946	2928	2928	0	5f8359f0a428f63630d37c61055c31fe9c4fe1565ccaad423e083283565c789d
GCF_009913995.1	1802	1772	1772	0	5627acb16f094c2af90bdc6e5f4cb7aaf0a05b4a47899711f26e6315d64e117e
GCF_009914015.1	1826	1794	1794	0	aa451388097c223ce565ed455ad8a35137d85b555f0804f04eee43db655ce315
GCF_009914035.1	1798	1768	1768	0	dabd60f840688772c57ac87e363710855e644b84839e9189bc69fde17442b8ac
GCF_010092385.1	1884	1863	1863	0	50f5eb6285ee7e1b7a787fda5fcdc1a3911145cc6313e21821b0a0aa769dcf9f
GCF_011058775.1	1204	1177	1177	0	57567d7b66af3114ddd7dc11fe93bbaf737c9a59b674b5273f8cd34cd07edd12
GCF_011304355.1	1577	1516	1516	0	8956c6c3d332e27b1d4c2a9bfe99c7974ef95941e326bd0492365f030c41ac25
GCF_013113695.1	1728	1648	1648	0	daa46d126bcfbb00d88fa03e195847c16fbad70210ca6200eb03a785176c8071
GCF_013407595.1	2687	2662	2662	0	83cb0b9d8407bd7d633c0b81eb7c46c607e393e1b6c7a1770a0ca6565ee59787
GCF_014131735.1	2995	2961	2961	0	0735607104f12610532c91f61d400997f9b9aed12956836a0677b78ff332e1bb
GCF_014145545.1	1800	1763	1763	0	ba721916ecfe33698d02e5f2b6da8685b8253e462277eaca2722bc61fc67e5b3
GCF_014145555.1	2278	2241	2241	0	2eb3c4fed9b45bcb5f0e0f4a3a5233b267c4b517880ba5feb1d97b81ee7af7ba
GCF_014145615.1	1965	1939	1939	0	984ac2019ae204650ccd1dc64c2a8bbc9e3ef158ba21f09c9651970b564bbaa4
GCF_014397255.1	1589	1551	1551	0	0b36d29b57087f3565fe8b85669c017394c8a657239728ee7e98cb9097c7c354
GCF_014656585.1	2080	1918	1918	0	2f1dd819f68816bab278cb96cc6280a361a473822d6f3c2d4ddf31ec91db9ac3
GCF_014789145.1	1470	1464	1464	0	53ccbfa2b978df6cbfdb1c8240b3610ffcecd31d3d43d558147db83d0cf242ac
GCF_016127255.1	2050	2033	2033	0	daf8cc36ce33f16e89330cd277460d6fe1ac5acf406cb164fdebcae939e12139
GCF_016127815.1	1952	1926	1926	0	0da923328611550a6d6ad63636450a5e4efe0d29805746facc933f4f23459767
GCF_016647595.1	2139	2069	2069	0	48a93f9d12c647830685928c186474d795abe62a85ac80dca754babad4a97a3c
GCF_016919665.1	1943	1925	1925	0	61939435e878910770756f2a9909e1bfac2d8a5c90da448e7f8a6bb3dc8ff15f
GCF_017068355.1	1885	1873	1873	0	ff05255fd61b82987016bd99eb12c2110a500248c62c156a1acae37bd31f4bde
GCF_017894345.1	1929	1832	1832	0	9f8502ce4721d0893769ca7ce467b253fac7ade32becc29ed4214164dca5f318
GCF_018394055.1	1480	1475	1475	0	c2ad374b6f4d336cbaf694115b4ab2332d66e90a549ba72786b8a7eccefcd289
GCF_018502505.1	1325	1322	1322	0	fc248a9872e9a5607225efe07fa4256a96b286a408913c6d2738008442a35c24
GCF_019448175.1	1934	1912	1912	0	6d75161bb14504dcb5df0305be05b32121fec463c8232f875c3dd8c184856632
GCF_019469265.1	2008	1991	1991	0	9984dda77bf91f5d5b0313732ce98f481630604d126e74e23c325ae4d3c0b3b8
GCF_019576155.1	2340	2330	2330	0	785b31d5ed0402f102edadfab92d2d92b6a9f7c7a37b54444d1ee55699568b08
GCF_019797825.1	1968	1885	1885	0	078e2619c40dc2050acd9430fe4f78eb5e96648732db3b93f033ab8519b2cd46
GCF_020510245.1	1919	1850	1850	0	09cb058476950e03bacdb633af1d660de6bd975a6e6c9f2a1cb98c508c10a3b2
GCF_020784695.1	1885	1860	1860	0	710304dbc5193016a699b06e649a97c031a5c186aa06d2a55851348bad839aae
GCF_020844005.1	1838	1608	1608	0	5ce53d9c781dca45f9687dd933f166ca504859f3e00ef0927f3a85e181d751b2
GCF_021378055.1	1780	1756	1756	0	4efa1ccfab8d85f5eebbb1a59b17cec7adfa06f7ab2fcb187ea2c4fad7921550
GCF_023169905.1	2678	2584	2584	0	0e7209c717f5521f28b1ff57b780e5a78158349030e37a5fa143d9074daca76f
GCF_023499275.1	1979	1965	1965	0	e5d8f3d54d070708b2728aa7907188ab51dd0ec2d6ab8692016c0d01a9e361af
GCF_023920145.1	2016	1955	1955	0	afdd00021529a5ddb4008fd32ef2ca13c2b1146c4c83712be4cfeaec12cffcc7
GCF_024334065.1	1879	1630	1630	0	56714eeca9262b98f53ab8b880f183002ef445c6c486453ff0ae9a3c5d9d6621
GCF_024397795.1	1854	1811	1811	0	a40817c74675d4cbcd54ca991b6a19f30006a9b28133ed799979b4d160504fa3
GCF_024718545.1	1964	1905	1905	0	50cd543b1e52f3dee34b531a30f16bf12cb5f40fe4990ff2c63cbd8d7dc489cc
GCF_025311495.1	1910	1849	1849	0	857db4de379f728c69758333b7758aeb8fe76ab373868be095f295a9507964b7
GCF_025490915.1	2561	2536	2536	0	d798ba5ebdc3bf288df7d38965974c103f19d6e7091c64b9d3bd88e71b383c83
GCF_025739325.1	1787	1548	1548	0	93bd06f234b92dc04ad7d6f38102cc2db3f918c8fb166aea9d90ea409c49d6f7
GCF_025948295.1	1884	1630	1630	0	8ed25914d738c7fd49484b6e9798e8b370054fe32afc3bbeeda9c7d0a0049f61
GCF_026222675.1	3208	3169	3169	0	15a6bfa96aa4e662f156cc8ffcdeed984a610f6e9f6bd5ca0a8512c9b1bba419
GCF_028607025.1	1942	1902	1902	0	f99958bc7e6bcc5e52fa155fba6a4eb5a0ca2366b9fce240d39c874a47513e88
GCF_028621815.1	2000	1960	1960	0	9c78a0a20a625fa8fdf8971e265fa6c3e7dbdc9bd1496a766a440e63e8d773ec
GCF_028736235.1	2432	2402	2402	0	89b8a75ee793341899d77addcf6de3b80a3d9bb758b24a22755a9f5af53eef7a
GCF_029025825.1	2958	2931	2931	0	c059db18491f4df8078798c295eaf4f0d26571e34db6be82233b2cbb808aab38
GCF_029726355.1	2798	2754	2754	0	06f62e2dfec977239308ceefe632c624300d248016a41282c3a6da5c1f7ec774
GCF_029854335.1	3321	3204	3204	0	071e952cbb44cc41dd36f31113465348a9d38aba35c9f551353a3d9489dcb552
GCF_029866985.1	1842	1600	1600	0	5d4aa835a0c5c58b4ad0c088ca6fa58f0c4566a484bf1d5481052b2cd1fcc0a8
GCF_030480545.1	2417	2370	2370	0	0ea7c72b9f4714ad0b637edf7eae22ba2fcab42dbaed240f5fae5b99b23242e6
GCF_030770265.1	2781	2749	2749	0	2e3449f3051bb1eda88c8919b9c156fa17cb6cd68f96ab1cd1d94e6758d07771
GCF_030770295.1	2866	2833	2833	0	6a66f38dc35ea31b67b04d29ba58737d00fc1699c564434cf25fa0d774efccf9
GCF_030770335.1	2759	2722	2722	0	8702d2ba0a6a66047d77b907c18f6f8eaf2cb80d7ef77e6da89f791973a21333
GCF_032762665.1	1852	1792	1792	0	feb1b704b29f5d153f9ccd4f8b913d69330a2c4885efd08ceee4388fb4b6f2df
GCF_033142085.1	1854	1812	1812	0	f72bf40d7e78692a3155d6a294683dd1ed9a819ab4e4970e9d5420de993d2927
GCF_033570435.1	1988	1942	1942	0	3186de951519dce2a4b321381443185fee8d0ed9bf30471f0526cc02bc0f424e
GCF_034703025.1	2155	2106	2106	0	4b5c52bdee87d324566f6100907ef152759f19819ca18bc04fb804b2dd65dd32
GCF_035985965.1	2337	2300	2300	0	4e80a965b6ff22141d1ae7c72323bd960a204a9d231dda1b54fd144ccb5bd554
GCF_036246165.1	2843	2813	2813	0	8af29ff9dd3c27156181c1b42a5c6f9511c90a65a8622dc1119f0a29517b804d
GCF_036246185.1	2974	2944	2944	0	d4b7d9a6a18c2d752d67b1185c5a912495192c1a487ade5b6fd99d45a22c7b57
GCF_036246225.1	2513	2478	2478	0	4b24c51be03bc9368773ea34399b5c947e648a6aaa95af236572e28589fbd657
GCF_036327715.1	1931	1918	1918	0	97b33ac43dceacf653772f6d8e536df577e22b7ceca7c5c7ccf9c56845e1be44
GCF_037290055.1	2779	2748	2748	0	a30946a75dd02584fedda0b03fd5030c1e2fa3099b263a5e107c2f6188bb9178
GCF_037891785.1	2008	1996	1996	0	fb2b60f45bf224f326189f941b4e5a92847ebf30de8b81385a2dd4f4a25b29ae
GCF_037892375.1	1947	1938	1938	0	bb3f2918a75cf59f8f1eac9d2691b71c8a6773383d0736dde4feda16278974bd
GCF_038049945.1	1813	1590	1590	0	6ebbcfdfbb6e98935a03d0a5fc07b6fb00481af82e382c4a961c76abcc09e108
GCF_039645515.1	1955	1943	1943	0	fe68b168325f37f87e2424fff0ea1f19fda6f4436c3994e829086561a618f82e
GCF_039645575.1	2045	2018	2018	0	686fa2b49f4edbb3a07048b19cbf2c1a071f1ecc8d6192dbce21bb071bcc642a
GCF_039783225.1	1865	1643	1643	0	0c1de294a5e715e3f7d6b18685064fbde67508d6921190c36e8931003336d65e
GCF_039783785.1	1756	1529	1529	0	2ee3c7004bf0df3f1da3b50bb60cd5cbcd6801e4f1fe616db98ae9cba3bbde6a
GCF_039955095.1	2068	2052	2052	0	0c20111469092466b6fb4e767b028999141bc0970b0e022a840a070db22e3e45
GCF_041225485.1	2060	2001	2001	0	0d014b8ff60bd174124fb82adacc987cad7848505ce75d05ada008342f5f6983
GCF_041225605.1	2318	2256	2256	0	30efcfaa083b396feddf43ea2604010c0ccfafbe8d9629ae45d8304e60b972f3
GCF_041281755.1	1844	1799	1799	0	2509801a89a3858623ad5e4855efc7647582397a1387b5c52e2f1602216561d7
GCF_041509385.1	1929	1681	1681	0	df851d1c881020719aa13cc47334fb76254f59503504562ffdb80d75ff8fb3fe
GCF_041514285.1	1928	1684	1684	0	1368496d7fb4ac4c314bf435e7ea03857df7af15d654bdf0e655df7f89f6f39f
GCF_041514295.1	1932	1688	1688	0	b59d3313a553c10fa6c1e5c9c7197181dda9351c3fdb016daeedded30b304b23
GCF_041893975.1	1934	1686	1686	0	a15ec174b4b21fb2d1651ef93dd65016d1f661663fe8695a4e4ea04b70f43ab9
GCF_042847315.1	3064	3017	3017	0	de4821818e6f65c75f527af1306aef7c6f6b5b6e68bea88cbe08070d3b1b4aa3
GCF_042997415.1	1505	1482	1482	0	421cf732cba67aac1195623bf0f2741c24fb624f96107fd2eaa8958769639756
GCF_045760565.1	2186	2121	2121	0	bdd4ce83b82ab474fbab4fa4fd45e95b4dcb01fe9c5d26e6cb9844a2baa736e2
GCF_045801155.1	2158	2123	2123	0	751cb8cc43a804d1bb56d8236e83605bc5f59118bfc3324398f183b7b0744a2d
GCF_045862825.1	2869	2832	2832	0	30a244b49e5b9ee9f436835f4cbc8a077c5bb4b138c514aa1ba3b80961e49620
GCF_046109915.1	2086	1892	1892	0	7a1f757f08e112857cf943286a110717485b19ebea3f60c7ba75a2afc549929f
GCF_047344935.1	2075	2048	2048	0	b79f567ba53f1430a9b160f5595937f9775e5fc744db19cebceb28c249478bc6
GCF_050407965.1	3286	3219	3219	0	6fcc66bb15145cad34e796c44ab5a6e3e0c1d80f7ff82e02b56c972a9718c94b
GCF_050847345.1	2850	2803	2803	0	e5b6e937624cf5ac739635cf1b327fa883ec3909f40242a3194ef63173dda762
GCF_051098045.1	3033	3004	3004	0	b4e8d81c31a5cc839a3235346f7bab4783b614ea23603577a707e6eff7f99ac5
GCF_052569745.1	1840	1608	1608	0	07fb2efc0f28ffc6222247473341b13ea3f7d8a7a60cf9b297173d82bd31db15
GCF_052570115.1	1832	1598	1598	0	0d67ea73365e7be8daeaff069a0ba8a67516ca7d09ad49b9f0710aa1874ae41d
GCF_052571685.1	1837	1605	1605	0	a23f381de3a64f3c5d238ba2cb728415bcef1c7ef461424f162ba93538be5038
GCF_054073565.1	2311	2293	2293	0	e7a18428481ef253790d85c34e1e86bef8421b57479f9505a9dd1b0b6a431791
GCF_054331775.1	1911	1872	1872	0	1de0174b0e9aaf891f4d9ce737efc2c6cb859d25212dc634ecfd7a60dd919374
GCF_054452875.2	2549	2523	2523	0	ac504a6dcb316c7907fde2c8b6f853626aaf18cc3f83d5600e3530a8947692bc
GCF_054784775.1	2783	2727	2727	0	ceeff2d6ca5ee382eac20792e75823654990109af53e2e3c3bf3fd465308cf07
GCF_054785075.1	2548	2526	2526	0	c72d1cdbf557cea0cdf47c9137065211146bed1a72bff5318563f514cf9cf527
GCF_055180435.1	2772	2679	2679	0	0ac9bcdfc06a1203f137f2c26e7a54d82eddab77cb2ebf6be46fd155bf31e3ba
GCF_055502585.1	1950	1866	1866	0	76ab3f0aafc74c0efb0f63e16d4762c007c5c713536b992981712fadcd2254cd
GCF_055755075.1	1842	1813	1813	0	1651a891a60998b571e227af2e7f84cc26ad9b92f7c17fa0acf41ec4e0f09601
GCF_056269605.1	1800	1574	1574	0	3d2d70c34b7cacdade40edba47870ef0de96772ba4b40752b6203cbae6606b67
GCF_056676095.1	1906	1878	1878	0	35806d1a701b6ae1bd87a53609d5621b6e0617675c367b51df8e8c3e1af58b87
GCF_057786735.1	1873	1618	1618	0	b95b1aeda57e25680d67ff48b1baadbee5f72061c802831f1af99bf76422e1a5
GCF_058111805.1	2079	2046	2046	0	28118be3bef906d8db459b973b24bc74eee42b0578851906eadc4cc034446b6b
GCF_059089415.1	2003	1986	1986	0	4b16ec6ff645a9fdc046e028b3f6b91493af5bbc25a1f50aa73ef0110cb89022
GCF_060305805.1	2478	2431	2431	0	0bb7da737369c9eb74a2a018e5d9588827e06c09f8b8c6e17976e42f11af3baa
GCF_060307215.1	2478	2431	2431	0	6d206bafabdfb4fe3dbdc1880c0ed1754fe956a11058c056b5f2c27a1a48a55a
GCF_900016205.1	2018	1988	1988	0	16ddf06e194ded272d1257370d1ae7fe76c26fa9138c121d45bee315c044c561
GCF_900094835.1	1744	1734	1734	0	a160de47d847102cb998b6a6e25b1c3e9563fd8dc5ec47487cfdcceca35aad20
GCF_900240275.1	1598	1560	1560	0	2f5b8bee03576d7e53405dfbb2b4004dff411d13c1040334c67c80b405c120bd
GCF_900519455.1	1829	1802	1802	0	6321a32529dd077591dd20a12bc58c1a6373f443ac30d52758ef081ecf0b11bd
GCF_900519475.1	1797	1763	1763	0	0b79f9ee1ef0b63e9dfaae624cecf2b690a91b256f1bf3674b526aa7e0facbc8
GCF_900636965.1	2690	2655	2655	0	d814177c6af81fbd63be1d4083d7ee196a83c624a26db753751108310e34ce2d
GCF_903885985.1	1855	1620	1620	0	748fc83d7a39f72308ad3178d020d92f0b818f8bc7d5a5b221b41fdc59558452
GCF_903886345.1	1855	1622	1622	0	d3419575060f891660903bb88cea232015634a2a2a62916804ad49ef1377fb6a
GCF_903886475.1	1770	1540	1540	0	df1563c183d9f2b29eefe03138a224d2db6521e948a033b6656d7800ccf3fa0a
GCF_903891025.1	1833	1605	1605	0	d167423ae890fc22645fa421b4f24254115bafff227723e3a9721ab1f84564f6
GCF_903891205.1	1745	1494	1494	0	3bf0e86015ad6fb6af488f23479de405963ba355f2b821a6328068bc58b8744f
GCF_947539375.1	1941	1911	1911	0	44ac273392ad74b6b1abc6e3c2d9bba5b3d86f963c632ea4629a36ef5491e504
GCF_963243495.1	2858	2841	2841	0	f6e576a7baeafbbf2f79e6dbcf79734b3306665b6d24a0831d895167892bda79
GCF_963281025.1	1817	1781	1781	0	06dfa849966636cf71b78c2971f7168e08c81379e1b071993492a37a20104bba
GCF_964063315.1	1735	1696	1696	0	ce31397238b8f674f87e2322274fe5668c85c2578ad2fb8b596fd3ad739742b4
GCF_965136965.1	2631	2555	2555	0	0798f723dbbc2e42dd38d312e4a5d8abd431e1d962d54e330328fa12744fe2f5
GCF_965286035.1	2209	2190	2190	0	cfa843f269a3dc06d41b9d8dd0549bd823ccbfc6b6adcaee1a9b12c3df3d89ed
GCF_965286295.1	2752	2724	2724	0	56d1e2393d2f37cadcc1976aa7bce7948f986dca51073d1b53a103743346fb0f
GCF_965286585.1	2073	1971	1971	0	3fa6835a79a665311a6b02556817962ed98a839d2e426c51d6517bbee960c917
GCF_982267005.1	1618	1603	1603	0	96f922c0ce65c4ea92f4c3d2d29a4ec77dd09e50a049349018cebdca4dd5ca5a
