assembly_accession	display_label	operational_group
GCF_000009425.1	Lactococcus cremoris subsp. cremoris MG1363	Lactococcus
GCF_000010145.1	Limosilactobacillus fermentum IFO 3956	Limosilactobacillus
GCF_000011045.1	Lacticaseibacillus rhamnosus GG ATCC 53103	Lacticaseibacillus
GCF_000014385.1	Oenococcus oeni PSU-1	Oenococcus
GCF_000014425.1	Lactobacillus gasseri ATCC 33323 = JCM 1131	Lactobacillus_sensu_stricto
GCF_000014445.1	Leuconostoc mesenteroides subsp. mesenteroides ATCC 8293	Leuconostoc
GCF_000014505.1	Pediococcus pentosaceus ATCC 25745	Pediococcus
GCF_000014545.1	Lactococcus cremoris subsp. cremoris SK11	Lactococcus
GCF_000015385.1	Lactobacillus helveticus DPC 4571	Lactobacillus_sensu_stricto
GCF_000016825.1	Limosilactobacillus reuteri subsp. reuteri JCM 1112 = DSM 20016	Limosilactobacillus
GCF_000023085.1	Lactiplantibacillus plantarum JDM1	Lactiplantibacillus
GCF_000025045.1	Lactococcus lactis subsp. lactis KF147	Lactococcus
GCF_000026405.1	Leuconostoc citreum KM20	Leuconostoc
GCF_000092505.1	Leuconostoc kimchii IMSNU 11154	Leuconostoc
GCF_000148815.2	Lactiplantibacillus plantarum ST-III	Lactiplantibacillus
GCF_000155515.2	Lacticaseibacillus paracasei subsp. paracasei 8700:2 362.5013889	Lacticaseibacillus
GCF_000160835.1	Limosilactobacillus antri DSM 16041	Limosilactobacillus
GCF_000203855.3	Lactiplantibacillus plantarum WCFS1	Lactiplantibacillus
GCF_000237995.1	Pediococcus claussenii ATCC BAA-344	Pediococcus
GCF_000241055.1	Oenococcus kitaharae DSM 17330	Oenococcus
GCF_000269925.1	Lactococcus garvieae ATCC 49156	Lactococcus
GCF_000269945.1	Lactococcus garvieae Lg2	Lactococcus
GCF_000298875.1	Leuconostoc gelidum JB7	Leuconostoc
GCF_000468955.1	Lactococcus cremoris subsp. cremoris KW2	Lactococcus
GCF_000691805.2	Weissella oryzae SG25	Weissella
GCF_001434365.1	Limosilactobacillus gastricus DSM 16045	Limosilactobacillus
GCF_001434705.1	Lacticaseibacillus nasuensis JCM 17158	Lacticaseibacillus
GCF_001435245.1	Limosilactobacillus equigenerosi DSM 18793 = JCM 14505	Limosilactobacillus
GCF_001436135.1	Lacticaseibacillus thailandensis DSM 22698 = JCM 13996	Lacticaseibacillus
GCF_001436905.1	Pediococcus claussenii DSM 14800	Pediococcus
GCF_001437055.1	Limosilactobacillus secaliphilus DSM 17896	Limosilactobacillus
GCF_001437425.1	Weissella minor DSM 20014	Weissella
GCF_001438705.1	Weissella kandleri DSM 20593	Weissella
GCF_001536305.1	Leuconostoc gasicomitatum KG16-1	Leuconostoc
GCF_001618285.1	Oenococcus oeni DSPZS12	Oenococcus
GCF_001702215.1	Pediococcus claussenii TMW 2.53	Pediococcus
GCF_001702235.1	Pediococcus claussenii TMW 2.54	Pediococcus
GCF_001752505.1	Oenococcus kitaharae NRIC_0650	Oenococcus
GCF_001752515.1	Oenococcus kitaharae NRIC_0649	Oenococcus
GCF_001752545.1	Oenococcus kitaharae NRIC_0647	Oenococcus
GCF_001761545.1	Weissella soli KACC 11848	Weissella
GCF_001767275.1	Pediococcus acidilactici ZPA017	Pediococcus
GCF_001888925.1	Lactobacillus delbrueckii subsp. jakobsenii ZN7a-9 = DSM 26046	Lactobacillus_sensu_stricto
GCF_001891125.1	Leuconostoc suionicum DSM 20241	Leuconostoc
GCF_001932615.1	Weissella jogaejeotgali FOL01	Weissella
GCF_001998805.1	Leuconostoc garlicum KFRI01	Leuconostoc
GCF_002174215.1	Pediococcus acidilactici SRCM101189	Pediococcus
GCF_002950695.1	Weissella koreensis WiKim0080	Weissella
GCF_002970915.1	Lactiplantibacillus koreensis CBA3605	Lactiplantibacillus
GCF_002970935.1	Lactiplantibacillus kimchii CBA3606	Lactiplantibacillus
GCF_003150935.1	Lactobacillus apis ESL0185	Lactobacillus_sensu_stricto
GCF_003151025.1	Lactobacillus kullabergensis ESL0186	Lactobacillus_sensu_stricto
GCF_003173695.1	Lactobacillus helsingborgensis ESL0183	Lactobacillus_sensu_stricto
GCF_003176835.1	Lactococcus lactis subsp. lactis 14B4	Lactococcus
GCF_003264795.1	Oenococcus oeni 19	Oenococcus
GCF_003584685.1	Lactobacillus paragasseri JCM 5343	Lactobacillus_sensu_stricto
GCF_003641185.1	Lactiplantibacillus pentosus DSM 20314	Lactiplantibacillus
GCF_003722275.1	Lactococcus lactis IL1403	Lactococcus
GCF_003999355.1	Lactobacillus amylolyticus L5	Lactobacillus_sensu_stricto
GCF_004354645.1	Leuconostoc fallax ATCC 700006	Leuconostoc
GCF_004377635.1	Oenococcus oeni a1	Oenococcus
GCF_005405405.1	Lactiplantibacillus plajomi NBRC 107333	Lactiplantibacillus
GCF_005405465.1	Weissella thailandensis JCM 10695	Weissella
GCF_007954605.1	Leuconostoc lactis CBA3625	Leuconostoc
GCF_007954785.1	Leuconostoc citreum CBA3621	Leuconostoc
GCF_008107645.1	Leuconostoc litchii MB7	Leuconostoc
GCF_008831485.1	Lactobacillus acetotolerans LA749	Lactobacillus_sensu_stricto
GCF_009184845.1	Lacticaseibacillus manihotivorans LM010	Lacticaseibacillus
GCF_009856565.1	Streptococcus thermophilus EU01	Streptococcus_thermophilus
GCF_009913655.1	Lactiplantibacillus plantarum SRCM100442	Lactiplantibacillus
GCF_009913995.1	Pediococcus pentosaceus SRCM102738	Pediococcus
GCF_009914015.1	Pediococcus pentosaceus SRCM102739	Pediococcus
GCF_009914035.1	Pediococcus pentosaceus SRCM102740	Pediococcus
GCF_010092385.1	Pediococcus acidilactici CACC 537	Pediococcus
GCF_011058775.1	Lactobacillus iners C0322A1	Lactobacillus_sensu_stricto
GCF_011304355.1	Weissella coleopterorum HDW19	Weissella
GCF_013113695.1	Oenococcus oeni OE37	Oenococcus
GCF_013407595.1	Lacticaseibacillus absianus YH-lac23	Lacticaseibacillus
GCF_014131735.1	Lactiplantibacillus plantarum DSM 20174	Lactiplantibacillus
GCF_014145545.1	Limosilactobacillus agrestis BG-MG3-A	Limosilactobacillus
GCF_014145555.1	Limosilactobacillus albertensis Lr3000	Limosilactobacillus
GCF_014145615.1	Limosilactobacillus balticus BG-AF3-A	Limosilactobacillus
GCF_014397255.1	Weissella diestrammenae KACC 16890	Weissella
GCF_014656585.1	Lactobacillus kefiranofaciens 1207	Lactobacillus_sensu_stricto
GCF_014789145.1	Weissella viridescens NJ100	Weissella
GCF_016127255.1	Leuconostoc pseudomesenteroides FDAARGOS_1003	Leuconostoc
GCF_016127815.1	Pediococcus acidilactici FDAARGOS_1007	Pediococcus
GCF_016647595.1	Lactobacillus ultunensis Kx293C1	Lactobacillus_sensu_stricto
GCF_016919665.1	Lactococcus taiwanensis K_LL001	Lactococcus
GCF_017068355.1	Lactococcus taiwanensis K_LL004	Lactococcus
GCF_017894345.1	Lactobacillus taiwanensis CLG01	Lactobacillus_sensu_stricto
GCF_018394055.1	Weissella ceti CECT 7719	Weissella
GCF_018502505.1	Weissella tructae W-1	Weissella
GCF_019448175.1	Pediococcus acidilactici PMC202	Pediococcus
GCF_019469265.1	Lactobacillus panisapium ESL0416	Lactobacillus_sensu_stricto
GCF_019576155.1	Weissella confusa LM1	Weissella
GCF_019797825.1	Limosilactobacillus panis MT-01	Limosilactobacillus
GCF_020510245.1	Oenococcus oeni AWRIB429	Oenococcus
GCF_020784695.1	Limosilactobacillus secundus LR77	Limosilactobacillus
GCF_020844005.1	Streptococcus thermophilus 4078	Streptococcus_thermophilus
GCF_021378055.1	Pediococcus pentosaceus ST75/87BZ	Pediococcus
GCF_023169905.1	Lactococcus cremoris 7-1	Lactococcus
GCF_023499275.1	Lactococcus petauri B1726	Lactococcus
GCF_023920145.1	Oenococcus oeni SD-2a	Oenococcus
GCF_024334065.1	Streptococcus thermophilus CH8	Streptococcus_thermophilus
GCF_024397795.1	Lactobacillus intestinalis DSM 6629	Lactobacillus_sensu_stricto
GCF_024718545.1	Weissella fangxianensis HBUAS51963	Weissella
GCF_025311495.1	Limosilactobacillus oris AM_LB10	Limosilactobacillus
GCF_025490915.1	Lacticaseibacillus parakribbianus YH-lacS6	Lacticaseibacillus
GCF_025739325.1	Streptococcus thermophilus CNRZ1151	Streptococcus_thermophilus
GCF_025948295.1	Streptococcus thermophilus CNRZ385	Streptococcus_thermophilus
GCF_026222675.1	Lactiplantibacillus pentosus OHF 23	Lactiplantibacillus
GCF_028607025.1	Limosilactobacillus portuensis LV1276_C155	Limosilactobacillus
GCF_028621815.1	Pediococcus acidilactici SRCM102024	Pediococcus
GCF_028736235.1	Lacticaseibacillus pabuli KACC 23028	Lacticaseibacillus
GCF_029025825.1	Lactiplantibacillus paraplantarum FL-8	Lactiplantibacillus
GCF_029726355.1	Lacticaseibacillus huelsenbergensis DSM 115425	Lacticaseibacillus
GCF_029854335.1	Lactiplantibacillus plantarum MY04	Lactiplantibacillus
GCF_029866985.1	Streptococcus thermophilus DGCC7710	Streptococcus_thermophilus
GCF_030480545.1	Lacticaseibacillus pantheris CM2	Lacticaseibacillus
GCF_030770265.1	Lacticaseibacillus parahuelsenbergensis NCIMB 15471	Lacticaseibacillus
GCF_030770295.1	Lacticaseibacillus styriensis NCIMB 15473	Lacticaseibacillus
GCF_030770335.1	Lacticaseibacillus zeae subsp. silagei NCIMB 15474	Lacticaseibacillus
GCF_032762665.1	Oenococcus oeni K19-3	Oenococcus
GCF_033142085.1	Oenococcus oeni UCMA15129	Oenococcus
GCF_033570435.1	Limosilactobacillus reuteri P43	Limosilactobacillus
GCF_034703025.1	Pediococcus acidilactici AF2019	Pediococcus
GCF_035985965.1	Lactococcus lactis subsp. lactis C20	Lactococcus
GCF_036246165.1	Lactiplantibacillus paraxiangfangensis 142-6	Lactiplantibacillus
GCF_036246185.1	Lactiplantibacillus paraxiangfangensis 231-9	Lactiplantibacillus
GCF_036246225.1	Lacticaseibacillus salsurivasis 74-4	Lacticaseibacillus
GCF_036327715.1	Weissella paramesenteroides MbWp-142	Weissella
GCF_037290055.1	Lactiplantibacillus argentoratensis D1	Lactiplantibacillus
GCF_037891785.1	Lactococcus petauri R21-91A	Lactococcus
GCF_037892375.1	Lactococcus formosensis M04020401 EE5e5	Lactococcus
GCF_038049945.1	Streptococcus thermophilus TCI125	Streptococcus_thermophilus
GCF_039645515.1	Lactococcus petauri R22-25 IC35	Lactococcus
GCF_039645575.1	Lactococcus formosensis M20011502 FF20a2	Lactococcus
GCF_039783225.1	Streptococcus thermophilus CNRZ760	Streptococcus_thermophilus
GCF_039783785.1	Streptococcus thermophilus CNRZ887	Streptococcus_thermophilus
GCF_039955095.1	Limosilactobacillus allomucosae WILCCON 0051	Limosilactobacillus
GCF_041225485.1	Lactococcus ileimucosae 26-13	Lactococcus
GCF_041225605.1	Lactococcus muris 20-218	Lactococcus
GCF_041281755.1	Weissella sagaensis ZD-66	Weissella
GCF_041509385.1	Streptococcus thermophilus S24750	Streptococcus_thermophilus
GCF_041514285.1	Streptococcus thermophilus S24733	Streptococcus_thermophilus
GCF_041514295.1	Streptococcus thermophilus S24732	Streptococcus_thermophilus
GCF_041893975.1	Streptococcus thermophilus S24748	Streptococcus_thermophilus
GCF_042847315.1	Lacticaseibacillus jixiensis N163-3-2	Lacticaseibacillus
GCF_042997415.1	Lactobacillus mulieris CM2267_MRS1	Lactobacillus_sensu_stricto
GCF_045760565.1	Lactococcus muris GBG-M2	Lactococcus
GCF_045801155.1	Leuconostoc falkenbergense SAEED 24451	Leuconostoc
GCF_045862825.1	Lactiplantibacillus brownii MH-1	Lactiplantibacillus
GCF_046109915.1	Lactobacillus helveticus TCI357	Lactobacillus_sensu_stricto
GCF_047344935.1	Leuconostoc mesenteroides F17	Leuconostoc
GCF_050407965.1	Lactiplantibacillus pentosus TBRC 20328	Lactiplantibacillus
GCF_050847345.1	Lactiplantibacillus argentoratensis 12-27B	Lactiplantibacillus
GCF_051098045.1	Lactiplantibacillus paraplantarum IBB3436	Lactiplantibacillus
GCF_052569745.1	Streptococcus thermophilus UCCSt50	Streptococcus_thermophilus
GCF_052570115.1	Streptococcus thermophilus F1B	Streptococcus_thermophilus
GCF_052571685.1	Streptococcus thermophilus F2A	Streptococcus_thermophilus
GCF_054073565.1	Weissella cibaria LB13201	Weissella
GCF_054331775.1	Limosilactobacillus ingluviei Ch9e	Limosilactobacillus
GCF_054452875.2	Lacticaseibacillus saniviri TDH-8	Lacticaseibacillus
GCF_054784775.1	Lacticaseibacillus boliensis GG6-2	Lacticaseibacillus
GCF_054785075.1	Lacticaseibacillus suihuaensis N149-9	Lacticaseibacillus
GCF_055180435.1	Lactococcus cremoris FAM 17886	Lactococcus
GCF_055502585.1	Lactobacillus kitasatonis PLL-01	Lactobacillus_sensu_stricto
GCF_055755075.1	Pediococcus pentosaceus MIANGUAN2	Pediococcus
GCF_056269605.1	Streptococcus thermophilus ST250	Streptococcus_thermophilus
GCF_056676095.1	Limosilactobacillus mucosae CXY	Limosilactobacillus
GCF_057786735.1	Streptococcus thermophilus	Streptococcus_thermophilus
GCF_058111805.1	Leuconostoc suionicum NIBL3969	Leuconostoc
GCF_059089415.1	Pediococcus acidilactici 46A	Pediococcus
GCF_060305805.1	Lactococcus lactis LBMWF02	Lactococcus
GCF_060307215.1	Lactococcus lactis LBMWF01	Lactococcus
GCF_900016205.1	Leuconostoc inhae PL111	Leuconostoc
GCF_900094835.1	Weissella bombi R-53094	Weissella
GCF_900240275.1	[Lactobacillus] timonensis Marseille-P3825	Limosilactobacillus
GCF_900519455.1	Oenococcus oeni UBOCC-A-315001	Oenococcus
GCF_900519475.1	Oenococcus oeni CRBO_1381	Oenococcus
GCF_900636965.1	Lacticaseibacillus rhamnosus NCTC13764	Lacticaseibacillus
GCF_903885985.1	Streptococcus thermophilus	Streptococcus_thermophilus
GCF_903886345.1	Streptococcus thermophilus	Streptococcus_thermophilus
GCF_903886475.1	Streptococcus thermophilus	Streptococcus_thermophilus
GCF_903891025.1	Streptococcus thermophilus	Streptococcus_thermophilus
GCF_903891205.1	Streptococcus thermophilus	Streptococcus_thermophilus
GCF_947539375.1	Lactobacillus isalae AMBV1719	Lactobacillus_sensu_stricto
GCF_963243495.1	Lactiplantibacillus xiangfangensis IMDO EBMM8	Lactiplantibacillus
GCF_963281025.1	Limosilactobacillus vaginalis	Limosilactobacillus
GCF_964063315.1	Leuconostoc carnosum	Leuconostoc
GCF_965136965.1	Lactiplantibacillus plajomi CIP110952T	Lactiplantibacillus
GCF_965286035.1	Leuconostoc pseudomesenteroides HF-IBB-469	Leuconostoc
GCF_965286295.1	Lactiplantibacillus argentoratensis UH016_15	Lactiplantibacillus
GCF_965286585.1	Limosilactobacillus fermentum HF-IBB-205	Limosilactobacillus
GCF_982267005.1	Leuconostoc lactis	Leuconostoc
