path	sha256	bytes
accepted_approved_accessions.txt	85a0ada99ed980f0cf787410735389b6b0b553d456c47509a4a8d8b6e8efebd6	3332
accepted_original_config.json	c70b267b04f9fa9c19a2bf0671deabcfd0959545d90a48a912ea463e220be314	3393
accepted_primary196_concatenated.faa	442742d083628ab5382a10cafc422c57084cd9bde45a4f2950f15e2c199e3307	3424904
accepted_primary196_partitions.nex	fa640e5e984b33e73a86b1ec7a7c18f7161a12252e68e9e3c6ceb2644eb7edc5	2924
admission.json	d8750a259d9addb26e328de00bbdc5c859279b8a44d686811054ae62bc6618e8	630
admission_observations.jsonl	955b64cd99cf10f4420666fe8f72ba28eef496f148481bbe4b97535a4b1aeb27	597
cache_import.json	53bac462222e6437e565d275a0e7fd91e6f0aaf1348ba3fe631cdc6eb77d5008	360
config.json	276b86c6f5094540c55ffc340e96d39f3fa3ef9c9548b3adfe82e9353407bbf2	3416
execution_state_restored.json	49f5923f592bafe890c4a784563dbfa2a90f3100a0a89a9938331daa1c71a851	179
exit.json	7404524cc341af5ee19d04f9ca3f547765f2a1f274e4b891a5bcd409264b14c7	976
final_owner_check.json	759cef3d1c364d810ded37fb1e776ca3d1b674cf646d7a19e84a0a9aff05eb84	2321
host.best_model.nex	a7ff7444fbe984e81800ac622f0da1572fb6578d3d35c304115cef17b7389c04	10666
host.best_scheme	8d79881e181f810131c23a1ad07dd379d5d897ebd13d2cdadb96d864d1d0b51a	2712
host.best_scheme.nex	c0275fa7584fe85b08b8af45d8f85ef8126c0334503103979934f91bfb5f8e27	5518
host.bionj	215c9afd7ba4e60f54c47ca44be3b9afb87411ab709d27b0561364b4b5bf35c4	8738
host.ckp.gz	ee7a5ab30cd235066b6d4a28d071fa076a4a806edf8510d34bbf9cb2256df551	203617
host.contree	b29dc26e798187a67f53f2892bce0008a18544908469a4dd1074e88716d3f289	9113
host.iqtree	02c516c4a0202cd02f9a55a0e4ec934b4814024c97b5930f32ea7f6dc5d86842	102530
host.log	23f8cf32e181e9af36167e1a77af8806b2e3e16425174b524612131696db7331	33965
host.mldist	f45a531989a690754acf133f9690776bfeea63e4fea3b0754dc494f0c3a1d6f1	387693
host.model.gz	c9a5d88983f69185c6bcba62718bc9f8f1e166718e46bc6d5e39390525174fd3	1268899
host.splits.nex	b3d27eaf72d1f7cce5a334278bfdea9bf3b2e27d6d71e35f498d74bef576f979	17924
host.treefile	f886c0134ab662a05aae2b1c1a26ed364749af250400f769ce6e63f1f7a8ba19	9912
host.ufboot	03f9cf4e78573c8255662a9e31c47c626ad498d0fe8ab201507875dd55e1c36c	3526000
independent_validation.json	48a0920bdb6f7439377749396a35a807fd3240a28d8f1e6106d427fc6ca7d50c	9613
initial_authority.json	ad8c71542e91bbe9587b261cf104dd78e9fe656a27c603293d30baf54a7ac3ab	161
initial_owner_check.json	755c0a20188f24aca90d2476bba2f67491e0349c8732ee464c9577deb5033835	2321
launch.json	4621af4a10eeaff8444ec11545bee1550bb891af18547dcfc15ecf6ba3009bcc	2960
launch_admission.json	5669f1d81f7a52a6a343b5dba96aa6a0ccff86923857d651629d05dcc8d3b4e3	571
lock_released.json	9c5df1cd99ace44e9f76a509aa8f21407dc76033c5ec8cdd444f30bc7a5a1ed3	96
original_input_model_cache.gz	d20ef88dd11a7a2c7f5e9b99baef0108f05a21ec4a6b74226e547ce93afe8b42	790572
primary196_host_tree.nex	6025fd2e6c7376726f55741688ef2525cb56e7702885977556d0a4fe058d1288	9969
primary196_host_tree.nwk	f886c0134ab662a05aae2b1c1a26ed364749af250400f769ce6e63f1f7a8ba19	9912
progress.json	b4838eb7efe9b8608d4f85c2de88ad88bd304a38d3d3660fd9d7ef16935c1ae7	727
result.json	7404524cc341af5ee19d04f9ca3f547765f2a1f274e4b891a5bcd409264b14c7	976
stderr.txt	e3b0c44298fc1c149afbf4c8996fb92427ae41e4649b934ca495991b7852b855	0
stdout.txt	ade028f4dc740ec87e3863d01e83ccee69674184a250313eb82099e2b6aae0e0	42451
