assembly_accession	status	raw_zip_bytes	raw_zip_sha256	error_count	review_exception_count	provider_md5_members_verified	reported_organism_tax_id	frozen_organism_tax_id	taxonomy_evidence_class	genomic_records	total_bases	protein_fasta_records	unique_protein_accessions	cds_fasta_records	gbff_cds_loci	gff_cds_loci	pseudogene_cds	partial_or_fuzzy_cds	computed_translation_matches
GCF_000009425.1	PASS_SEQUENCE_INTEGRITY_WITH_DOCUMENTED_EXCEPTIONS	4030496	703863a528611949acb56ee45a176232b4e3a30ed12730e66bfe653644cee621	0	166	8	416870	416870	FROZEN_METADATA_COMPARISON_ONLY	1	2529478	2359	2359	2504	2504	2504	118	43	2362
GCF_000010145.1	PASS_SEQUENCE_INTEGRITY_WITH_DOCUMENTED_EXCEPTIONS	3361975	8501dea408fe72bc3420e0172f99324b991d84b7c5699f13e624fd88ccb080c8	0	142	8	334390	334390	FROZEN_METADATA_COMPARISON_ONLY	1	2098685	1936	1936	2099	2099	2099	136	79	1960
GCF_000011045.1	PASS_SEQUENCE_INTEGRITY_WITH_DOCUMENTED_EXCEPTIONS	4735313	9f7fc9143feee22984856d9359608b44d9306b50ecba45b8184479c0e8d21079	0	67	8	568703	568703	FROZEN_METADATA_COMPARISON_ONLY	1	3005051	2654	2654	2737	2737	2737	51	29	2678
GCF_000014385.1	PASS_SEQUENCE_INTEGRITY_WITH_DOCUMENTED_EXCEPTIONS	2894828	4efdea8fc4392fe4a5366105074b5f909ff91e2c0788f5c4b2b0efa2bc9d6bc3	0	85	8	203123	203123	FROZEN_METADATA_COMPARISON_ONLY	1	1780517	1712	1712	1797	1797	1797	77	21	1716
GCF_000014425.1	PASS_SEQUENCE_INTEGRITY_WITH_DOCUMENTED_EXCEPTIONS	3101056	ebcb176616324eee1b7e36b788df48b23aed426600ea947d171361a6697065e6	0	49	8	324831	324831	FROZEN_METADATA_COMPARISON_ONLY	1	1894360	1678	1678	1788	1788	1788	47	13	1740
GCF_000014445.1	PASS_SEQUENCE_INTEGRITY_WITH_DOCUMENTED_EXCEPTIONS	3444727	e94fb9609475c14445df6fd7c1fea5d835f5a6dbe9eaee511fe66d4fc8289777	0	22	8	203120	203120	FROZEN_METADATA_COMPARISON_ONLY	2	2075763	1992	1992	2018	2018	2018	22	12	1996
GCF_000014505.1	PASS_SEQUENCE_INTEGRITY_WITH_DOCUMENTED_EXCEPTIONS	3034075	33b7c8792b6f84da425fb2f9ccdd7acdcb21cda13e6e96550c28732372a51d2c	0	15	8	278197	278197	FROZEN_METADATA_COMPARISON_ONLY	1	1832387	1732	1732	1745	1745	1745	13	4	1731
GCF_000014545.1	PASS_SEQUENCE_INTEGRITY_WITH_DOCUMENTED_EXCEPTIONS	4098581	b12194c2abb102e4ab21db22cf3f6565e6e71f1a1b104acee4d4fd6cf58eba77	0	236	8	272622	272622	FROZEN_METADATA_COMPARISON_ONLY	6	2598348	2413	2413	2610	2610	2610	166	49	2409
GCF_000015385.1	PASS_SEQUENCE_INTEGRITY_WITH_DOCUMENTED_EXCEPTIONS	3248756	e3219acec865d69cf6f870c884ca16e54438cf1417854b4ba31724d242ab5495	0	303	8	405566	405566	FROZEN_METADATA_COMPARISON_ONLY	1	2080931	1753	1753	2086	2086	2086	299	109	1785
GCF_000016825.1	PASS_SEQUENCE_INTEGRITY_WITH_DOCUMENTED_EXCEPTIONS	3250040	fec4d6080fdc13445ada4cbac67adcd8f0ac476a6d34e2009a6547c97e26f789	0	65	8	557433	557433	FROZEN_METADATA_COMPARISON_ONLY	1	1999618	1866	1866	1965	1965	1965	63	32	1901
GCF_000023085.1	PASS_SEQUENCE_INTEGRITY_WITH_DOCUMENTED_EXCEPTIONS	5068652	f3bc67fc1a53106c056f678cc7131bf1f79fc4fce5410cc4a2fc4eceeacf657b	0	44	8	644042	644042	FROZEN_METADATA_COMPARISON_ONLY	1	3197759	2911	2911	2954	2954	2954	42	7	2911
GCF_000025045.1	PASS_SEQUENCE_INTEGRITY_WITH_DOCUMENTED_EXCEPTIONS	4214866	b807ff7d1f2d2f49fa2abc824bb9b182c7d9263b6947ce0397194c82f7da4881	0	54	8	684738	684738	FROZEN_METADATA_COMPARISON_ONLY	2	2635654	2496	2496	2550	2550	2550	48	18	2499
GCF_000026405.1	PASS_SEQUENCE_INTEGRITY_WITH_DOCUMENTED_EXCEPTIONS	3116398	5f1a5d5abb4258ff6b66c69f2b21b9f1a716bf90a712941179e6261beee0c28e	0	35	8	349519	349519	FROZEN_METADATA_COMPARISON_ONLY	5	1896614	1808	1808	1847	1847	1847	35	19	1812
GCF_000092505.1	PASS_SEQUENCE_INTEGRITY_WITH_DOCUMENTED_EXCEPTIONS	3440251	e6bf5a87a8c1a6287d87826f6ee7e020ef01b0df0edcc7c62e1c84310603ac8b	0	22	8	762051	762051	FROZEN_METADATA_COMPARISON_ONLY	6	2101787	2044	2044	2068	2068	2068	22	10	2046
GCF_000148815.2	PASS_SEQUENCE_INTEGRITY_WITH_DOCUMENTED_EXCEPTIONS	5243097	299a9bbf0b51d7c61cd9d81377a19f91d9e30582d2d33e976e0b61a68e1cca6f	0	42	8	889932	889932	FROZEN_METADATA_COMPARISON_ONLY	2	3307936	2996	2996	3044	3044	3044	36	6	3006
GCF_000155515.2	PASS_SEQUENCE_INTEGRITY_WITH_DOCUMENTED_EXCEPTIONS	4885950	db763efae7f7afe337de41ae1fc69d404562f1fc0e745e0a8574c892dfbb12aa	0	79	8	537973	537973	FROZEN_METADATA_COMPARISON_ONLY	3	3025352	2806	2806	2877	2877	2877	69	24	2804
GCF_000160835.1	PASS_SEQUENCE_INTEGRITY_WITH_DOCUMENTED_EXCEPTIONS	3722835	ea7fe8e6cbf1bdd4b22b843a998d72737459c51c862aad3c6b1c189e3513f9b9	0	93	8	525309	525309	FROZEN_METADATA_COMPARISON_ONLY	20	2302896	2099	2099	2143	2143	2143	43	52	2098
GCF_000203855.3	PASS_SEQUENCE_INTEGRITY_WITH_DOCUMENTED_EXCEPTIONS	5317840	57bfa6f422e06debc3d50f51e7a19c30d28b523462fa98b38399b13e492db7f3	0	37	8	220668	220668	FROZEN_METADATA_COMPARISON_ONLY	4	3348624	3049	3049	3088	3088	3088	29	12	3057
GCF_000237995.1	PASS_SEQUENCE_INTEGRITY_WITH_DOCUMENTED_EXCEPTIONS	3220381	a24b0e4fd4f738a86d86ba6934aa73dcb6efcf98a5ef828e413ec442034a042a	0	36	8	701521	701521	FROZEN_METADATA_COMPARISON_ONLY	9	1978793	1854	1854	1890	1890	1890	33	23	1856
GCF_000241055.1	PASS_SEQUENCE_INTEGRITY_WITH_DOCUMENTED_EXCEPTIONS	3089872	e2b63b6bcc4466d2262151911cb9a8749cbfe44777375ae1ccdc02a2c9eee181	0	26	8	1045004	1045004	FROZEN_METADATA_COMPARISON_ONLY	2	1842238	1794	1794	1824	1824	1824	23	18	1800
GCF_000269925.1	PASS_SEQUENCE_INTEGRITY_WITH_DOCUMENTED_EXCEPTIONS	3173303	864e6e7e228afe4da6b9ccc72c3ac0f2abc88e1555dd5f56383536e36b3c5b88	0	44	8	420889	420889	FROZEN_METADATA_COMPARISON_ONLY	1	1950135	1866	1866	1917	1917	1917	43	14	1874
GCF_000269945.1	PASS_SEQUENCE_INTEGRITY_WITH_DOCUMENTED_EXCEPTIONS	3192662	664cfdb4734be54bddffd21571087522a8022209417cad2d3f8e0aa284fc95c7	0	52	8	420890	420890	FROZEN_METADATA_COMPARISON_ONLY	1	1963964	1872	1872	1934	1934	1934	51	17	1883
GCF_000298875.1	PASS_SEQUENCE_INTEGRITY_WITH_DOCUMENTED_EXCEPTIONS	3101050	daeef12c6aa4d3b9db6967d4aee437ba1d737a4c79ada2d5fa3565830d02eb5e	0	19	8	1229756	1229756	FROZEN_METADATA_COMPARISON_ONLY	1	1893499	1781	1781	1801	1801	1801	19	12	1782
GCF_000468955.1	PASS_SEQUENCE_INTEGRITY_WITH_DOCUMENTED_EXCEPTIONS	3936313	d4edb543802b832ca8f797d8ddbfdd5215c515b54cf8789bcfeaf048e2829734	0	15	8	1295826	1295826	FROZEN_METADATA_COMPARISON_ONLY	1	2427048	2261	2261	2276	2276	2276	15	11	2261
GCF_000691805.2	PASS_SEQUENCE_INTEGRITY_WITH_DOCUMENTED_EXCEPTIONS	3524319	d1d027d74bcf19f3bf5355f72f85a5d6a33de3e594b15a542e3b6a3828abbedf	0	120	8	1329250	1329250	FROZEN_METADATA_COMPARISON_ONLY	70	2129476	2140	2140	2176	2176	2176	26	64	2150
GCF_001434365.1	PASS_SEQUENCE_INTEGRITY_WITH_DOCUMENTED_EXCEPTIONS	3199608	a6585f25d8725ad1ef86c8115d19bce2c4fea5a18f02aff6bb0bc3f496468b50	0	133	8	1423749	1423749	FROZEN_METADATA_COMPARISON_ONLY	66	1848461	1783	1783	1851	1851	1851	68	78	1782
GCF_001434705.1	PASS_SEQUENCE_INTEGRITY_WITH_DOCUMENTED_EXCEPTIONS	3776318	d2831d2ffeb99f83cd58ba3d633a8d47d9e13657ebe85d47849d3a3c1df1921e	0	80	8	1291734	1291734	FROZEN_METADATA_COMPARISON_ONLY	35	2280237	2163	2163	2179	2179	2179	16	46	2162
GCF_001435245.1	PASS_SEQUENCE_INTEGRITY_WITH_DOCUMENTED_EXCEPTIONS	2730432	89247a063708cb58ccb6f8207fd2bcee2c3822edd6690e980c8305765bc925e2	0	98	8	1423742	1423742	FROZEN_METADATA_COMPARISON_ONLY	68	1599963	1545	1545	1572	1572	1572	27	67	1544
GCF_001436135.1	PASS_SEQUENCE_INTEGRITY_WITH_DOCUMENTED_EXCEPTIONS	3354514	d40d98e6137b13538f0960b1ff64ccbe844dafe6e7b3744af2f26810698d88c9	0	76	8	1423810	1423810	FROZEN_METADATA_COMPARISON_ONLY	23	2060676	1854	1854	1889	1889	1889	35	41	1852
GCF_001436905.1	PASS_SEQUENCE_INTEGRITY_WITH_DOCUMENTED_EXCEPTIONS	3129790	de81f6116e318b273202d178bc88aeb5241312564ddf07b39588d8b17b406a26	0	94	8	187452	187452	FROZEN_METADATA_COMPARISON_ONLY	44	1879349	1792	1792	1823	1823	1823	31	55	1791
GCF_001437055.1	PASS_SEQUENCE_INTEGRITY_WITH_DOCUMENTED_EXCEPTIONS	2720326	4ee1926f2c9c0746bd7d603873a5fa191c48261eb31dafbded113cc7977ce461	0	25	8	396268	396268	FROZEN_METADATA_COMPARISON_ONLY	11	1646143	1485	1485	1502	1502	1502	16	17	1485
GCF_001437425.1	PASS_SEQUENCE_INTEGRITY_WITH_DOCUMENTED_EXCEPTIONS	2961603	ae5b84613287bad05b04ed9a3090a14fd33d3cb68b586924abb8b7c8d32fd8b0	0	78	8	1620	1620	FROZEN_METADATA_COMPARISON_ONLY	31	1768499	1784	1784	1795	1795	1795	10	43	1785
GCF_001438705.1	PASS_SEQUENCE_INTEGRITY_WITH_DOCUMENTED_EXCEPTIONS	2209326	5edf84a81e7abaa8a04d4a440d560f2eeb9ef000dc5ebe9333391408a08c75ff	0	45	8	1616	1616	FROZEN_METADATA_COMPARISON_ONLY	21	1334438	1256	1256	1269	1269	1269	13	24	1256
GCF_001536305.1	PASS_SEQUENCE_INTEGRITY_WITH_DOCUMENTED_EXCEPTIONS	3340841	c54d197ae6264d84eef4cb20e9f6bcf9e2f96b359257e4d5a9e9c6dd3ec93c91	0	24	8	1165892	1165892	FROZEN_METADATA_COMPARISON_ONLY	4	2050732	1981	1981	2010	2010	2010	24	14	1986
GCF_001618285.1	PASS_SEQUENCE_INTEGRITY_WITH_DOCUMENTED_EXCEPTIONS	2891153	d7bab0162b705b8038ab5e6a59edfc264b16e6a0cf0dd296ba2758f7f7eda49d	0	118	8	1247	1247	FROZEN_METADATA_COMPARISON_ONLY	13	1768827	1707	1707	1797	1797	1797	90	49	1706
GCF_001702215.1	PASS_SEQUENCE_INTEGRITY_WITH_DOCUMENTED_EXCEPTIONS	3164819	57ee35612c18c5cc6c1a83268cbc56ee68e8842a28375b912737db08d911bdb5	0	40	8	187452	187452	FROZEN_METADATA_COMPARISON_ONLY	3	1950035	1847	1847	1883	1883	1883	32	21	1847
GCF_001702235.1	PASS_SEQUENCE_INTEGRITY_WITH_DOCUMENTED_EXCEPTIONS	3225198	6427688a399c83ab6d882c7471ae8f814100e07396cda5a74bf858fc5a15c9b1	0	48	8	187452	187452	FROZEN_METADATA_COMPARISON_ONLY	4	1987928	1878	1878	1921	1921	1921	40	25	1877
GCF_001752505.1	PASS_SEQUENCE_INTEGRITY_WITH_DOCUMENTED_EXCEPTIONS	2997395	d6af7d4ebe76c98068746ac47cbfd407889335329ad70153f5c90b4f87c05813	0	38	8	336988	336988	FROZEN_METADATA_COMPARISON_ONLY	16	1785288	1753	1753	1774	1774	1774	21	23	1752
GCF_001752515.1	PASS_SEQUENCE_INTEGRITY_WITH_DOCUMENTED_EXCEPTIONS	3062185	7e104901967bf0408dd25591e4fa77636d0bd8bfa510a6efa6720799c4749a16	0	50	8	336988	336988	FROZEN_METADATA_COMPARISON_ONLY	16	1825564	1789	1789	1817	1817	1817	28	29	1788
GCF_001752545.1	PASS_SEQUENCE_INTEGRITY_WITH_DOCUMENTED_EXCEPTIONS	3091132	9c183861431225cd952d3dfe0b2d2a3cb845344c22e36e5340932e4fcbacadf9	0	71	8	336988	336988	FROZEN_METADATA_COMPARISON_ONLY	27	1839043	1802	1802	1838	1838	1838	36	43	1801
GCF_001761545.1	PASS_SEQUENCE_INTEGRITY_WITH_DOCUMENTED_EXCEPTIONS	2777926	66353c0058820b97935677df1f4d520734fdc385558e1bff38448ceec7a6048d	0	6	8	155866	155866	FROZEN_METADATA_COMPARISON_ONLY	1	1683184	1541	1541	1547	1547	1547	6	4	1541
GCF_001767275.1	PASS_SEQUENCE_INTEGRITY_WITH_DOCUMENTED_EXCEPTIONS	3427815	db5414e624b3eae2398d6cc3f1af03ec3d77d1c45b92f40ea413995ed27c0054	0	20	8	1254	1254	FROZEN_METADATA_COMPARISON_ONLY	1	2131361	1951	1951	1980	1980	1980	18	13	1961
GCF_001888925.1	PASS_SEQUENCE_INTEGRITY_WITH_DOCUMENTED_EXCEPTIONS	3040250	d5e2886376c37216d7848a492f9a502c8cd270d978dc91ffbb4d3b464750b0f2	0	104	8	1217420	1217420	FROZEN_METADATA_COMPARISON_ONLY	1	1891796	1640	1640	1789	1789	1789	102	53	1686
GCF_001891125.1	PASS_SEQUENCE_INTEGRITY_WITH_DOCUMENTED_EXCEPTIONS	3384974	e2ce6a9daf70589309eb045678a5b58380b0a0700f19e263c8d9ce5051c907ff	0	36	8	1511761	1511761	FROZEN_METADATA_COMPARISON_ONLY	2	2048833	1930	1930	1982	1982	1982	36	20	1946
GCF_001932615.1	PASS_SEQUENCE_INTEGRITY_WITH_DOCUMENTED_EXCEPTIONS	3451386	271ced357fd77d476b5a386959b0c146a8df7f3c185b82f3c47355bd1903c3fb	0	72	8	1631871	1631871	FROZEN_METADATA_COMPARISON_ONLY	2	2149545	1999	1999	2067	2067	2067	56	31	2003
GCF_001998805.1	PASS_SEQUENCE_INTEGRITY_WITH_DOCUMENTED_EXCEPTIONS	2817509	515199f654db00597a1c0f2c17dcd795622a7f240d82f57adeec696ac5390906	0	28	8	255248	255248	FROZEN_METADATA_COMPARISON_ONLY	3	1715191	1622	1622	1680	1680	1680	28	13	1652
GCF_002174215.1	PASS_SEQUENCE_INTEGRITY_WITH_DOCUMENTED_EXCEPTIONS	3398353	4c26f5f13bc91eae8f9551e9ab731df8e444d2cfc362255aa1a690c155fbb164	0	46	8	1254	1254	FROZEN_METADATA_COMPARISON_ONLY	3	2094755	1957	1957	1998	1998	1998	41	21	1955
GCF_002950695.1	PASS_SEQUENCE_INTEGRITY_WITH_DOCUMENTED_EXCEPTIONS	2429530	0df87e615194058f372d1bcffcd6020bca172ec0e3750d0a65e086b13d752874	0	17	8	165096	165096	FROZEN_METADATA_COMPARISON_ONLY	3	1537013	1402	1402	1436	1436	1436	17	11	1419
GCF_002970915.1	PASS_SEQUENCE_INTEGRITY_WITH_DOCUMENTED_EXCEPTIONS	4123063	19960ba170a9ad95d3f8a58432f14e5ff47fe4d51879712bdf60ab51ab2e2b5d	0	39	8	2099788	2099788	FROZEN_METADATA_COMPARISON_ONLY	4	2552584	2385	2385	2420	2420	2420	31	21	2385
GCF_002970935.1	PASS_SEQUENCE_INTEGRITY_WITH_DOCUMENTED_EXCEPTIONS	4133809	70dcc034fccafd6ddfc23bf94cf82e711c973ac1e342104566081e7f6a32c27d	0	60	8	2099789	2099789	FROZEN_METADATA_COMPARISON_ONLY	4	2559736	2356	2356	2415	2415	2415	56	34	2357
GCF_003150935.1	PASS_SEQUENCE_INTEGRITY_WITH_DOCUMENTED_EXCEPTIONS	2727881	5fb7fac053dc86c5183b3ec70ddd95738ff1070e4f252467d904375fc6e8af7d	0	11	8	303541	303541	FROZEN_METADATA_COMPARISON_ONLY	1	1683102	1486	1486	1495	1495	1495	9	4	1485
GCF_003151025.1	PASS_SEQUENCE_INTEGRITY_WITH_DOCUMENTED_EXCEPTIONS	3248893	6ac410c84d0d6c6a9e6a9dcf7159ac0f54902fbe36f3fe12210a2623c04c74c6	0	31	8	1218493	1218493	FROZEN_METADATA_COMPARISON_ONLY	1	2018944	1807	1807	1831	1831	1831	19	8	1806
GCF_003173695.1	PASS_SEQUENCE_INTEGRITY_WITH_DOCUMENTED_EXCEPTIONS	3057803	308976695cd76bb46919283460ef20ebe989fcd738b39126b45df8be80247c70	0	17	8	1218494	1218494	FROZEN_METADATA_COMPARISON_ONLY	2	1867232	1675	1675	1691	1691	1691	15	8	1675
GCF_003176835.1	PASS_SEQUENCE_INTEGRITY_WITH_DOCUMENTED_EXCEPTIONS	4284482	cd8f350932d78317f71eec3238732d263aac624081e94222ad41869e9c9ca013	0	26	8	1360	1360	FROZEN_METADATA_COMPARISON_ONLY	2	2639081	2539	2539	2567	2567	2567	26	13	2541
GCF_003264795.1	PASS_SEQUENCE_INTEGRITY_WITH_DOCUMENTED_EXCEPTIONS	2969803	3989fabb7c5b38dcd3de92197e2e3f1f951c2b9b3c55a88e3636158781e4dc30	0	88	8	1247	1247	FROZEN_METADATA_COMPARISON_ONLY	1	1826824	1761	1761	1853	1853	1853	84	25	1767
GCF_003584685.1	PASS_SEQUENCE_INTEGRITY_WITH_DOCUMENTED_EXCEPTIONS	3184928	ef4869fcb34b39f558634ff5d3ae1f55f3fb29114027bc79a9966abe7f1f8db7	0	43	8	2107999	2107999	FROZEN_METADATA_COMPARISON_ONLY	1	1937632	1749	1749	1793	1793	1793	41	11	1751
GCF_003641185.1	PASS_SEQUENCE_INTEGRITY_WITH_DOCUMENTED_EXCEPTIONS	5748551	fe523196055cd37b2e1647bf568279eaa9f0243c8da28fdf87c22477408303ca	0	67	8	1589	1589	FROZEN_METADATA_COMPARISON_ONLY	2	3671373	3202	3202	3264	3264	3264	50	21	3206
GCF_003722275.1	PASS_SEQUENCE_INTEGRITY_WITH_DOCUMENTED_EXCEPTIONS	3779432	ac83b3c3286264aafa7ca55f6fa2d5285cca50bcfb74ed248174f7b1fa68b957	0	111	8	1358	1358	FROZEN_METADATA_COMPARISON_ONLY	1	2365672	2242	2242	2334	2334	2334	66	19	2246
GCF_003999355.1	PASS_SEQUENCE_INTEGRITY_WITH_DOCUMENTED_EXCEPTIONS	2581748	ab3b494135423727ea47d9571b3c8094589cd7b2e38020d00a38a09dcb79a465	0	128	8	83683	83683	FROZEN_METADATA_COMPARISON_ONLY	2	1601193	1462	1462	1604	1604	1604	126	69	1477
GCF_004354645.1	PASS_SEQUENCE_INTEGRITY_WITH_DOCUMENTED_EXCEPTIONS	2758705	9f615d1426f9fdfd8def88210d789b0f242a2df582dcddab0dd143e0885de575	0	35	8	1251	1251	FROZEN_METADATA_COMPARISON_ONLY	16	1660517	1595	1595	1601	1601	1601	5	18	1596
GCF_004377635.1	PASS_SEQUENCE_INTEGRITY_WITH_DOCUMENTED_EXCEPTIONS	3051197	2e357dfb49d076271ec052c64188320ea493e45b0de00ad455585b6bbb57f722	0	121	8	1247	1247	FROZEN_METADATA_COMPARISON_ONLY	40	1842115	1783	1783	1865	1865	1865	81	64	1784
GCF_005405405.1	PASS_SEQUENCE_INTEGRITY_WITH_DOCUMENTED_EXCEPTIONS	4545167	e5426e03e747437a844d4e0b12725c5e3638a74abfa2f0cf78974790cb3e047d	0	100	8	1457217	1457217	FROZEN_METADATA_COMPARISON_ONLY	77	2762064	2577	2577	2638	2638	2638	57	58	2577
GCF_005405465.1	PASS_SEQUENCE_INTEGRITY_WITH_DOCUMENTED_EXCEPTIONS	3284000	78e8aaa45eed8d261c222c3f5cd03e372b9c90c7acbb22fa566d9fbea2516690	0	104	8	89061	89061	FROZEN_METADATA_COMPARISON_ONLY	43	1974613	1893	1893	1950	1950	1950	36	54	1912
GCF_007954605.1	PASS_SEQUENCE_INTEGRITY_WITH_DOCUMENTED_EXCEPTIONS	2992164	85481182b0f6ad76c1e5deadf5a4a218bb1d5ef973ca281f46517461bc080173	0	25	8	1246	1246	FROZEN_METADATA_COMPARISON_ONLY	2	1791608	1712	1712	1742	1742	1742	25	14	1717
GCF_007954785.1	PASS_SEQUENCE_INTEGRITY_WITH_DOCUMENTED_EXCEPTIONS	3177466	248a89b66327a6b5ad761cf80cf2a024d9dc08c39ad3e8b43efdf4277cd97216	0	13	8	33964	33964	FROZEN_METADATA_COMPARISON_ONLY	2	1903250	1851	1851	1864	1864	1864	13	3	1851
GCF_008107645.1	PASS_SEQUENCE_INTEGRITY_WITH_DOCUMENTED_EXCEPTIONS	3092462	64778d17af6da9b6c949b6c49a620542352846945c9d346caf32029bbbeb1b29	0	45	8	1981069	1981069	FROZEN_METADATA_COMPARISON_ONLY	13	1865857	1812	1812	1826	1826	1826	14	28	1812
GCF_008831485.1	PASS_SEQUENCE_INTEGRITY_WITH_DOCUMENTED_EXCEPTIONS	2750037	ae902b0ce501e39a5ff3acc4971420f522575cee044abb1561ebf05313bb23cd	0	51	8	1600	1600	FROZEN_METADATA_COMPARISON_ONLY	1	1683905	1498	1498	1583	1583	1583	49	16	1533
GCF_009184845.1	PASS_SEQUENCE_INTEGRITY_WITH_DOCUMENTED_EXCEPTIONS	5417985	416383713a71af5768cfaa94437af678628614e16096c1d5bd63e660819d4f34	0	132	8	88233	88233	FROZEN_METADATA_COMPARISON_ONLY	2	3458698	3069	3069	3376	3376	3376	124	76	3250
GCF_009856565.1	PASS_SEQUENCE_INTEGRITY_WITH_DOCUMENTED_EXCEPTIONS	3086392	75916331d30602dda05aae1d57211dc920c4efb29d18f4afc3d2a1bd5394cc7c	0	259	8	1308	1308	FROZEN_METADATA_COMPARISON_ONLY	1	1948689	1666	1666	1931	1931	1931	247	89	1678
GCF_009913655.1	PASS_SEQUENCE_INTEGRITY_WITH_DOCUMENTED_EXCEPTIONS	5173851	bc341f3c2b2669ff55c385307126169cf0de6bbdcd4ed5de86c4506048b5350f	0	20	8	1590	1590	FROZEN_METADATA_COMPARISON_ONLY	1	3223643	2920	2920	2946	2946	2946	18	9	2927
GCF_009913995.1	PASS_SEQUENCE_INTEGRITY_WITH_DOCUMENTED_EXCEPTIONS	3067956	cc6e570ef629b166d387acf6acc456b0b97eda88dd8356c5b5546569956d098c	0	34	8	1255	1255	FROZEN_METADATA_COMPARISON_ONLY	2	1875539	1772	1772	1802	1802	1802	30	19	1770
GCF_009914015.1	PASS_SEQUENCE_INTEGRITY_WITH_DOCUMENTED_EXCEPTIONS	3105860	09a9272749e6861be111d00dda2c766b9d54d7cf632d7b3bfebd6b5a8e2ff422	0	36	8	1255	1255	FROZEN_METADATA_COMPARISON_ONLY	3	1899184	1793	1793	1826	1826	1826	32	20	1792
GCF_009914035.1	PASS_SEQUENCE_INTEGRITY_WITH_DOCUMENTED_EXCEPTIONS	3065091	06ba6b0e431eb62527947813b6537e5ad6ff741aaf2444c4d0f2a67c68e3625c	0	34	8	1255	1255	FROZEN_METADATA_COMPARISON_ONLY	2	1875540	1767	1767	1798	1798	1798	30	18	1766
GCF_010092385.1	PASS_SEQUENCE_INTEGRITY_WITH_DOCUMENTED_EXCEPTIONS	3291375	a7a7a859f1831914c73eef692f9a20a8017938cc7736c23aba4875e245d7212f	0	23	8	1254	1254	FROZEN_METADATA_COMPARISON_ONLY	1	2035984	1863	1863	1884	1884	1884	21	7	1862
GCF_011058775.1	PASS_SEQUENCE_INTEGRITY_WITH_DOCUMENTED_EXCEPTIONS	2147184	ae05df46e4ffb090ebe48c60141a60f69a3f053a28a20460c4fad8a445caa0d1	0	29	8	147802	147802	FROZEN_METADATA_COMPARISON_ONLY	1	1318700	1176	1176	1204	1204	1204	27	19	1176
GCF_011304355.1	PASS_SEQUENCE_INTEGRITY_WITH_DOCUMENTED_EXCEPTIONS	2570160	887dee8c8c7cb88c606a30468b58e409d66cc07b6506063130f9b7d0ca424b55	0	95	8	2714949	2714949	FROZEN_METADATA_COMPARISON_ONLY	1	1618880	1503	1503	1577	1577	1577	61	20	1499
GCF_013113695.1	PASS_SEQUENCE_INTEGRITY_WITH_DOCUMENTED_EXCEPTIONS	2794121	d29e5c104895dc41f3c2dfb92a0857ba766c74f6400bd957c5aef3ebc10c0205	0	86	8	1247	1247	FROZEN_METADATA_COMPARISON_ONLY	1	1718702	1640	1640	1728	1728	1728	80	19	1645
GCF_013407595.1	PASS_SEQUENCE_INTEGRITY_WITH_DOCUMENTED_EXCEPTIONS	4553490	4171836d8f71a8e5919e8767a5be9b59c8226ea8d823266fbe0ab39ed93f4903	0	38	8	2729623	2729623	FROZEN_METADATA_COMPARISON_ONLY	11	2843141	2634	2634	2687	2687	2687	25	30	2661
GCF_014131735.1	PASS_SEQUENCE_INTEGRITY_WITH_DOCUMENTED_EXCEPTIONS	5141507	f7c60d909d1e53fd721013d6ebd510e48516575b304ed47468b06942838c361e	0	36	8	1590	1590	FROZEN_METADATA_COMPARISON_ONLY	2	3250154	2959	2959	2995	2995	2995	34	6	2960
GCF_014145545.1	PASS_SEQUENCE_INTEGRITY_WITH_DOCUMENTED_EXCEPTIONS	3102178	21a46cb93b30fc17d6f00688b0cd1daa319e67c4fdf25f564a1916a6990ad939	0	122	8	2759748	2759748	FROZEN_METADATA_COMPARISON_ONLY	67	1863625	1759	1759	1800	1800	1800	37	67	1762
GCF_014145555.1	PASS_SEQUENCE_INTEGRITY_WITH_DOCUMENTED_EXCEPTIONS	4082310	7a23d4b8522de14d75882080342480d9dfec9314901ddf38d9bb6efff9586c0d	0	74	8	2759752	2759752	FROZEN_METADATA_COMPARISON_ONLY	78	2452361	2209	2209	2278	2278	2278	37	43	2240
GCF_014145615.1	PASS_SEQUENCE_INTEGRITY_WITH_DOCUMENTED_EXCEPTIONS	3479131	60dc8d9fe8f171a28650c14e47c907ed094ec5657b41686c18fa4b3489e88fab	0	141	8	2759747	2759747	FROZEN_METADATA_COMPARISON_ONLY	76	2088966	1933	1933	1965	1965	1965	26	65	1938
GCF_014397255.1	PASS_SEQUENCE_INTEGRITY_WITH_DOCUMENTED_EXCEPTIONS	2666850	983d783b28897c6e3a2b502a0ccc232d9b16a4ab9e424787950c8c6d670df902	0	40	8	1162633	1162633	FROZEN_METADATA_COMPARISON_ONLY	1	1659381	1551	1551	1589	1589	1589	38	10	1550
GCF_014656585.1	PASS_SEQUENCE_INTEGRITY_WITH_DOCUMENTED_EXCEPTIONS	3524593	d0e5de8c8f7ae8fbd4c6dcb00ceaff0b12d19bd2e71a5da01e919b6455799d4a	0	166	8	267818	267818	FROZEN_METADATA_COMPARISON_ONLY	3	2173634	1907	1907	2080	2080	2080	162	48	1916
GCF_014789145.1	PASS_SEQUENCE_INTEGRITY_WITH_DOCUMENTED_EXCEPTIONS	2620229	545a15d4ba0558ca5305a4af698ce9fa5183007bf64c6c835932722f46665411	0	6	8	1629	1629	FROZEN_METADATA_COMPARISON_ONLY	1	1593241	1464	1464	1470	1470	1470	6	2	1464
GCF_016127255.1	PASS_SEQUENCE_INTEGRITY_WITH_DOCUMENTED_EXCEPTIONS	3492401	c6d6b712f3116f6c73b94646c2d19d1fc44ce76f920a1d36d23f10fc081f1caf	0	17	8	33968	33968	FROZEN_METADATA_COMPARISON_ONLY	1	2114657	1977	1977	2050	2050	2050	17	10	2033
GCF_016127815.1	PASS_SEQUENCE_INTEGRITY_WITH_DOCUMENTED_EXCEPTIONS	3387841	fd53d727449c9b2444e92c039b862da05f1f2f953d9dc1b55fd08419df8ca547	0	28	8	1254	1254	FROZEN_METADATA_COMPARISON_ONLY	1	2068296	1925	1925	1952	1952	1952	26	12	1925
GCF_016647595.1	PASS_SEQUENCE_INTEGRITY_WITH_DOCUMENTED_EXCEPTIONS	3607220	2b6aef011b3e3dad68fb06bfe51b87ccf964ead750feb2aa958da863c1e7922f	0	72	8	227945	227945	FROZEN_METADATA_COMPARISON_ONLY	2	2246389	2023	2023	2139	2139	2139	70	14	2068
GCF_016919665.1	PASS_SEQUENCE_INTEGRITY_WITH_DOCUMENTED_EXCEPTIONS	3283667	ce038c60a79d607c85519e9f45311c466803aa9c2e92b3f8b3845fa4dadf6e38	0	18	8	1151742	1151742	FROZEN_METADATA_COMPARISON_ONLY	1	2018259	1919	1919	1943	1943	1943	18	9	1925
GCF_017068355.1	PASS_SEQUENCE_INTEGRITY_WITH_DOCUMENTED_EXCEPTIONS	3279945	565a95197b0cfb8941084ded9002abee461df0d8ff74f47c39b08022ede814d1	0	14	8	1151742	1151742	FROZEN_METADATA_COMPARISON_ONLY	1	1995099	1868	1868	1885	1885	1885	12	4	1872
GCF_017894345.1	PASS_SEQUENCE_INTEGRITY_WITH_DOCUMENTED_EXCEPTIONS	3283022	8d38c10acd8192b0ed9eb4ad2d784418f287a685e48023db7b74861f9f054138	0	99	8	508451	508451	FROZEN_METADATA_COMPARISON_ONLY	3	2041763	1825	1825	1929	1929	1929	97	49	1831
GCF_018394055.1	PASS_SEQUENCE_INTEGRITY_WITH_DOCUMENTED_EXCEPTIONS	2443277	f3b2d7bf79b36b7610c1dc051fff0da4858c2c1fcd5b21301d50ab514b311563	0	5	8	759620	759620	FROZEN_METADATA_COMPARISON_ONLY	1	1505791	1475	1475	1480	1480	1480	5	2	1475
GCF_018502505.1	PASS_SEQUENCE_INTEGRITY_WITH_DOCUMENTED_EXCEPTIONS	2277793	eb646dd3c6d8742f28ea1ff69d2ae9c13f47c79cfd6e5457dfacc51d88a69b9e	0	3	8	887702	887702	FROZEN_METADATA_COMPARISON_ONLY	1	1386044	1322	1322	1325	1325	1325	3	2	1322
GCF_019448175.1	PASS_SEQUENCE_INTEGRITY_WITH_DOCUMENTED_EXCEPTIONS	3319086	e3a0c03303868e7b09bed7486904a47e27dcc9f42a7b57a58b8556a585b27c42	0	24	8	1254	1254	FROZEN_METADATA_COMPARISON_ONLY	1	2044111	1912	1912	1934	1934	1934	22	8	1911
GCF_019469265.1	PASS_SEQUENCE_INTEGRITY_WITH_DOCUMENTED_EXCEPTIONS	3511503	6cad4e5c0597eac4d1a07c6783e7063c4bf5562113d08fba37cb15537b09c34b	0	19	8	2012495	2012495	FROZEN_METADATA_COMPARISON_ONLY	1	2188116	1989	1989	2008	2008	2008	17	7	1990
GCF_019576155.1	PASS_SEQUENCE_INTEGRITY_WITH_DOCUMENTED_EXCEPTIONS	4024540	f0f941b7608d21f08d4609e3ec02c40e7661e7d1beec7785e7ba7c1c8431c7e8	0	10	8	1583	1583	FROZEN_METADATA_COMPARISON_ONLY	2	2529433	2311	2311	2340	2340	2340	10	2	2330
GCF_019797825.1	PASS_SEQUENCE_INTEGRITY_WITH_DOCUMENTED_EXCEPTIONS	3402575	7f7e935e41bb048a4247bcb9b29bc3b2ad184a8d57a9617c63844f7ec800f9f9	0	85	8	47493	47493	FROZEN_METADATA_COMPARISON_ONLY	3	2129075	1840	1840	1968	1968	1968	83	26	1884
GCF_020510245.1	PASS_SEQUENCE_INTEGRITY_WITH_DOCUMENTED_EXCEPTIONS	3115375	20e65513b0000650b9c5e97e20cc023c86d7eae5e796263d99089aca139279e5	0	77	8	1247	1247	FROZEN_METADATA_COMPARISON_ONLY	2	1892074	1843	1843	1919	1919	1919	69	15	1846
GCF_020784695.1	PASS_SEQUENCE_INTEGRITY_WITH_DOCUMENTED_EXCEPTIONS	3358206	5d6d6d11cba9e79cc69f1522f4ce74854b715d0d14edda4483d51d82b947baf9	0	93	8	3695464	3695464	FROZEN_METADATA_COMPARISON_ONLY	46	2014409	1850	1850	1885	1885	1885	25	54	1859
GCF_020844005.1	PASS_SEQUENCE_INTEGRITY_WITH_DOCUMENTED_EXCEPTIONS	2926320	23533a9d2b5a013ea6795e0be0bb3985acd2fa8894c72e6279d234c8eb7759e4	0	246	8	1308	1308	FROZEN_METADATA_COMPARISON_ONLY	1	1837840	1599	1599	1838	1838	1838	230	88	1600
GCF_021378055.1	PASS_SEQUENCE_INTEGRITY_WITH_DOCUMENTED_EXCEPTIONS	3029096	319db93e31f91f64fd69a8082a5484be05f724ba224be6d4a758e091b25d4c70	0	37	8	1255	1255	FROZEN_METADATA_COMPARISON_ONLY	16	1818442	1756	1756	1780	1780	1780	24	16	1754
GCF_023169905.1	PASS_SEQUENCE_INTEGRITY_WITH_DOCUMENTED_EXCEPTIONS	4297590	210acfcfa549b45d38a3be7e0c937632f7bae23672c82604581ae7153f57e5ff	0	138	8	1359	1359	FROZEN_METADATA_COMPARISON_ONLY	3	2687455	2550	2550	2678	2678	2678	94	53	2563
GCF_023499275.1	PASS_SEQUENCE_INTEGRITY_WITH_DOCUMENTED_EXCEPTIONS	3475671	1138d3a9b7faaf445291e11cbed435900bb34b451ab8c7fd13d59923b141855c	0	14	8	1940789	1940789	FROZEN_METADATA_COMPARISON_ONLY	1	2106259	1965	1965	1979	1979	1979	14	9	1965
GCF_023920145.1	PASS_SEQUENCE_INTEGRITY_WITH_DOCUMENTED_EXCEPTIONS	3209174	e64d38754ccb850ab44b6fb81f253c0cb4e5c02c7b9affd282acbc069b6e61e5	0	61	8	1247	1247	FROZEN_METADATA_COMPARISON_ONLY	1	1989703	1779	1779	2016	2016	2016	61	23	1955
GCF_024334065.1	PASS_SEQUENCE_INTEGRITY_WITH_DOCUMENTED_EXCEPTIONS	2937444	041e659f1004786853812875a7d7b649c4adc5260caebe61a4e9af023e5dec7e	0	259	8	1308	1308	FROZEN_METADATA_COMPARISON_ONLY	1	1853948	1568	1568	1879	1879	1879	249	95	1625
GCF_024397795.1	PASS_SEQUENCE_INTEGRITY_WITH_DOCUMENTED_EXCEPTIONS	3315246	686936ca5e04421911590e2f8055258f460b18abb0c326785707d6f3a6fe73a8	0	48	8	151781	151781	FROZEN_METADATA_COMPARISON_ONLY	3	2038712	1807	1807	1854	1854	1854	43	28	1810
GCF_024718545.1	PASS_SEQUENCE_INTEGRITY_WITH_DOCUMENTED_EXCEPTIONS	3307444	e82f127bb11cea7b9e597c5975abcdd82d611a66d5f8c720868013df748905e7	0	89	8	2953879	2953879	FROZEN_METADATA_COMPARISON_ONLY	77	1969010	1866	1866	1964	1964	1964	59	48	1905
GCF_025311495.1	PASS_SEQUENCE_INTEGRITY_WITH_DOCUMENTED_EXCEPTIONS	3298146	5f607f6c0c4f3af6916715b146c6c304b296de9ed112fdd33169f9d76aafbaf4	0	63	8	1632	1632	FROZEN_METADATA_COMPARISON_ONLY	1	2007883	1831	1831	1910	1910	1910	61	21	1848
GCF_025490915.1	PASS_SEQUENCE_INTEGRITY_WITH_DOCUMENTED_EXCEPTIONS	4455723	5be84959ab59cdd4720e4c785fa85a1b1e9a14a93ed76061952cb7e34513ee11	0	50	8	2970927	2970927	FROZEN_METADATA_COMPARISON_ONLY	32	2820553	2536	2536	2561	2561	2561	25	35	2535
GCF_025739325.1	PASS_SEQUENCE_INTEGRITY_WITH_DOCUMENTED_EXCEPTIONS	2851919	bfdc7e98b54b0c5d5049d9d570d6fd01aaea8d4c5e49bd2276c5a126cee2a29a	0	245	8	1308	1308	FROZEN_METADATA_COMPARISON_ONLY	1	1794270	1540	1540	1787	1787	1787	239	89	1545
GCF_025948295.1	PASS_SEQUENCE_INTEGRITY_WITH_DOCUMENTED_EXCEPTIONS	3011856	c672f075033d04300c974cdfe932807dfbd5399aa9dae72e9cdbbbe3d1e29c36	0	268	8	1308	1308	FROZEN_METADATA_COMPARISON_ONLY	1	1897009	1621	1621	1884	1884	1884	254	93	1623
GCF_026222675.1	PASS_SEQUENCE_INTEGRITY_WITH_DOCUMENTED_EXCEPTIONS	5608220	a69c63b55c7e49f4d299af36fa6047874c037b3f5ab6e97c11640cf7cd187cc6	0	49	8	1589	1589	FROZEN_METADATA_COMPARISON_ONLY	1	3622037	3160	3160	3207	3207	3207	38	13	3164
GCF_028607025.1	PASS_SEQUENCE_INTEGRITY_WITH_DOCUMENTED_EXCEPTIONS	3277071	e1892e8050849fdc4dcedf08013df453f94bfc3eea9bfe4bbd51989f1cfb52c7	0	42	8	2742601	2742601	FROZEN_METADATA_COMPARISON_ONLY	2	1990713	1852	1852	1942	1942	1942	40	16	1901
GCF_028621815.1	PASS_SEQUENCE_INTEGRITY_WITH_DOCUMENTED_EXCEPTIONS	3397809	bf5140cca39177aa21664fb15e7ee0b0c9065a4dc03808a0f2fd835173be8396	0	44	8	1254	1254	FROZEN_METADATA_COMPARISON_ONLY	3	2094755	1960	1960	2000	2000	2000	40	19	1958
GCF_028736235.1	PASS_SEQUENCE_INTEGRITY_WITH_DOCUMENTED_EXCEPTIONS	4129090	5e42801ff8391d2e2b179949be8fb3746bfeb24c6f3fa7edc9f949348e9a2cdb	0	34	8	3025672	3025672	FROZEN_METADATA_COMPARISON_ONLY	2	2582146	2376	2376	2432	2432	2432	30	20	2400
GCF_029025825.1	PASS_SEQUENCE_INTEGRITY_WITH_DOCUMENTED_EXCEPTIONS	5197414	07ee06f4fabb2d59651ebdd75c40d5546cc638fe7006ee141aca2ea88d7b9207	0	29	8	60520	60520	FROZEN_METADATA_COMPARISON_ONLY	2	3245144	2929	2929	2958	2958	2958	27	16	2930
GCF_029726355.1	PASS_SEQUENCE_INTEGRITY_WITH_DOCUMENTED_EXCEPTIONS	4910249	79ea04035d31345438db6b52c1aeb86c9f53c0473ad28ddbc352d3a18e8a263a	0	50	8	3035291	3035291	FROZEN_METADATA_COMPARISON_ONLY	1	3094327	2739	2739	2798	2798	2798	44	29	2751
GCF_029854335.1	PASS_SEQUENCE_INTEGRITY_WITH_DOCUMENTED_EXCEPTIONS	5484633	dad258a6258d042032f39180d9ae6e35d6044e4bca86d598b0bd61d12a936e48	0	215	8	1590	1590	FROZEN_METADATA_COMPARISON_ONLY	8	3475955	3031	3031	3318	3318	3318	114	59	3155
GCF_029866985.1	PASS_SEQUENCE_INTEGRITY_WITH_DOCUMENTED_EXCEPTIONS	2955062	c808a8f4d5b8ea8a715808cccbcd958cfb49bf33929252261e07e576de96681d	0	260	8	1308	1308	FROZEN_METADATA_COMPARISON_ONLY	1	1865206	1580	1580	1842	1842	1842	242	93	1592
GCF_030480545.1	PASS_SEQUENCE_INTEGRITY_WITH_DOCUMENTED_EXCEPTIONS	4229062	1e9e636daab73ad28e921fd6b4f5d8c26dca8aeb602926e678018e05f0c85d54	0	51	8	171523	171523	FROZEN_METADATA_COMPARISON_ONLY	1	2686785	2370	2370	2417	2417	2417	47	35	2369
GCF_030770265.1	PASS_SEQUENCE_INTEGRITY_WITH_DOCUMENTED_EXCEPTIONS	4885612	ba0d5601ce01266dbe5765fa0ac42ec51a57225ccba0a005edfa53b67ad7f67f	0	34	8	3068305	3068305	FROZEN_METADATA_COMPARISON_ONLY	1	3055873	2743	2743	2781	2781	2781	32	20	2748
GCF_030770295.1	PASS_SEQUENCE_INTEGRITY_WITH_DOCUMENTED_EXCEPTIONS	5013869	a111fcf4df30b0ee5c3b468f52157c3c5c35e07502ccba37941ec9e94e9b41a6	0	35	8	3068306	3068306	FROZEN_METADATA_COMPARISON_ONLY	1	3134053	2828	2828	2866	2866	2866	33	19	2832
GCF_030770335.1	PASS_SEQUENCE_INTEGRITY_WITH_DOCUMENTED_EXCEPTIONS	4896193	fb25cb5d2f8d5a8c54df903beac400c2757c5da2fe6f77c7b71a9ed2acbd6677	0	47	8	3068307	3068307	FROZEN_METADATA_COMPARISON_ONLY	1	3046355	2706	2706	2759	2759	2759	37	21	2717
GCF_032762665.1	PASS_SEQUENCE_INTEGRITY_WITH_DOCUMENTED_EXCEPTIONS	3027288	e1e4c97337a5d82a42484757b5ed5763d6cb4a4822f9f6f340a51b42ea25d4f9	0	60	8	1247	1247	FROZEN_METADATA_COMPARISON_ONLY	1	1862087	1788	1788	1852	1852	1852	60	23	1792
GCF_033142085.1	PASS_SEQUENCE_INTEGRITY_WITH_DOCUMENTED_EXCEPTIONS	3103232	a48462972177b09029af68d292b10a8e460e3f73c00b03621a81f523e67dc156	0	58	8	1247	1247	FROZEN_METADATA_COMPARISON_ONLY	21	1878987	1808	1808	1854	1854	1854	42	22	1811
GCF_033570435.1	PASS_SEQUENCE_INTEGRITY_WITH_DOCUMENTED_EXCEPTIONS	3450324	a1117f0c369408e61ccf56fe3ff42e269b284e2729a5c6abaf94a91f0c143306	0	48	8	1598	1598	FROZEN_METADATA_COMPARISON_ONLY	1	2148242	1926	1926	1988	1988	1988	46	26	1941
GCF_034703025.1	PASS_SEQUENCE_INTEGRITY_WITH_DOCUMENTED_EXCEPTIONS	3602216	ecb0d490c74e98bf81a29d57a30b8fe3f09124652c391bc417620e5cb5a1d9f3	0	57	8	1254	1254	FROZEN_METADATA_COMPARISON_ONLY	4	2220091	2083	2083	2155	2155	2155	49	28	2104
GCF_035985965.1	PASS_SEQUENCE_INTEGRITY_WITH_DOCUMENTED_EXCEPTIONS	3882623	b54b63fec1481867e8fa652eeb0661e57c73a71fd50596f80469417387fff4b7	0	60	8	1360	1360	FROZEN_METADATA_COMPARISON_ONLY	1	2416264	2290	2290	2337	2337	2337	37	19	2289
GCF_036246165.1	PASS_SEQUENCE_INTEGRITY_WITH_DOCUMENTED_EXCEPTIONS	4921544	7dadea39de3506a5f9598009ed249c1241259d3f5d0c2b45c1daee2fb8d2ef91	0	111	8	3076224	3076224	FROZEN_METADATA_COMPARISON_ONLY	56	3035640	2788	2788	2843	2843	2843	30	62	2810
GCF_036246185.1	PASS_SEQUENCE_INTEGRITY_WITH_DOCUMENTED_EXCEPTIONS	5079338	ea9e51ba2ae6324540bc8c6099e592ceaa5c5ded812f842880189ce1c20405db	0	122	8	3076224	3076224	FROZEN_METADATA_COMPARISON_ONLY	60	3111438	2919	2919	2974	2974	2974	30	64	2942
GCF_036246225.1	PASS_SEQUENCE_INTEGRITY_WITH_DOCUMENTED_EXCEPTIONS	4314190	d91858e3367d842dedcaa7495e4895992961c8461131a892b5937fc3f85553c5	0	71	8	3081441	3081441	FROZEN_METADATA_COMPARISON_ONLY	45	2611712	2472	2472	2513	2513	2513	35	48	2477
GCF_036327715.1	PASS_SEQUENCE_INTEGRITY_WITH_DOCUMENTED_EXCEPTIONS	3291762	e6c417c17d15e503d12aae02b25981f9ebb05d7c3aada724b7ceacb469b64dfb	0	13	8	1249	1249	FROZEN_METADATA_COMPARISON_ONLY	2	2007410	1916	1916	1931	1931	1931	13	9	1918
GCF_037290055.1	PASS_SEQUENCE_INTEGRITY_WITH_DOCUMENTED_EXCEPTIONS	4800269	26750c578d8b30c59d7d4466b2ba4926b293f2dd25ac49d9b710ed5f784b13dd	0	33	8	271881	271881	FROZEN_METADATA_COMPARISON_ONLY	1	3016664	2668	2668	2779	2779	2779	31	11	2747
GCF_037891785.1	PASS_SEQUENCE_INTEGRITY_WITH_DOCUMENTED_EXCEPTIONS	3486003	19efdecc25c5e0182fdd5bddcbe6fa17088f51ced41e60fbf096cda496b68020	0	12	8	1940789	1940789	FROZEN_METADATA_COMPARISON_ONLY	1	2146082	1996	1996	2008	2008	2008	12	6	1996
GCF_037892375.1	PASS_SEQUENCE_INTEGRITY_WITH_DOCUMENTED_EXCEPTIONS	3442962	0964e96e3926a6cbdbd7065bd950eee6631057135e8aa426965963ef56f10fb2	0	9	8	1281486	1281486	FROZEN_METADATA_COMPARISON_ONLY	2	2092563	1936	1936	1947	1947	1947	9	7	1938
GCF_038049945.1	PASS_SEQUENCE_INTEGRITY_WITH_DOCUMENTED_EXCEPTIONS	2882449	79806dd1b7295699a05b3c37fa682a6d44aa36fa9cad98b13faed0c21af62320	0	239	8	1308	1308	FROZEN_METADATA_COMPARISON_ONLY	1	1811076	1586	1586	1813	1813	1813	223	87	1582
GCF_039645515.1	PASS_SEQUENCE_INTEGRITY_WITH_DOCUMENTED_EXCEPTIONS	3395668	988c983c3ef6ffce25d62047b625f344b99084774e65b25497664f11ecddc633	0	12	8	1940789	1940789	FROZEN_METADATA_COMPARISON_ONLY	1	2082218	1943	1943	1954	1954	1954	11	6	1943
GCF_039645575.1	PASS_SEQUENCE_INTEGRITY_WITH_DOCUMENTED_EXCEPTIONS	3465385	496d4d0bae08c15418a7fa5c1d587b23bec78d632555ec5fb78ab7a73775ce3e	0	37	8	1281486	1281486	FROZEN_METADATA_COMPARISON_ONLY	1	2124569	2014	2014	2045	2045	2045	27	13	2013
GCF_039783225.1	PASS_SEQUENCE_INTEGRITY_WITH_DOCUMENTED_EXCEPTIONS	2981883	989f7f8c46d5fbee677cd233b26639e59fa020659b7f4f65fd3e7c7154ae9291	0	232	8	1308	1308	FROZEN_METADATA_COMPARISON_ONLY	1	1871101	1642	1642	1865	1865	1865	222	83	1638
GCF_039783785.1	PASS_SEQUENCE_INTEGRITY_WITH_DOCUMENTED_EXCEPTIONS	2825072	63f64cc92b8728e70b175503e1f5c22e48a1d2777e7f40f600b9752181ec390f	0	237	8	1308	1308	FROZEN_METADATA_COMPARISON_ONLY	1	1780100	1518	1518	1756	1756	1756	227	82	1524
GCF_039955095.1	PASS_SEQUENCE_INTEGRITY_WITH_DOCUMENTED_EXCEPTIONS	3697829	e799de7732c30bb2fb30d9b3cfa32533f9d7c4e512a5c796d44cd733be33bb8b	0	18	8	3142938	3142938	FROZEN_METADATA_COMPARISON_ONLY	1	2356337	2016	2016	2068	2068	2068	16	10	2051
GCF_041225485.1	PASS_SEQUENCE_INTEGRITY_WITH_DOCUMENTED_EXCEPTIONS	3663492	942b0e633381d7a8e3fbad983ab0eeba68053678b94951738a1af84ddb55ed84	0	81	8	2941329	2941329	FROZEN_METADATA_COMPARISON_ONLY	42	2219464	1999	1999	2060	2060	2060	59	54	2001
GCF_041225605.1	PASS_SEQUENCE_INTEGRITY_WITH_DOCUMENTED_EXCEPTIONS	4001846	1bd5e8d2df362018aa0e616739fbe3f1abd67e8fec70073bb5323546a2e5c991	0	125	8	2941330	2941330	FROZEN_METADATA_COMPARISON_ONLY	76	2416425	2254	2254	2317	2317	2317	61	77	2256
GCF_041281755.1	PASS_SEQUENCE_INTEGRITY_WITH_DOCUMENTED_EXCEPTIONS	3090461	8f698bfb774d0060a6713bd405cb32985ed2851a2e1c46cabebf2ec2bee70226	0	51	8	2559928	2559928	FROZEN_METADATA_COMPARISON_ONLY	2	1940694	1774	1774	1844	1844	1844	45	28	1796
GCF_041509385.1	PASS_SEQUENCE_INTEGRITY_WITH_DOCUMENTED_EXCEPTIONS	3051628	57ae4916b760e314ea250bf81d95ea66e75a44689a193e95ab762ee0539185a9	0	268	8	1308	1308	FROZEN_METADATA_COMPARISON_ONLY	1	1928694	1675	1675	1929	1929	1929	248	90	1671
GCF_041514285.1	PASS_SEQUENCE_INTEGRITY_WITH_DOCUMENTED_EXCEPTIONS	3057540	af864cfca0cb66ac2faad07c8bc66f959f6b3707d0e612f957a61aedf4deb171	0	262	8	1308	1308	FROZEN_METADATA_COMPARISON_ONLY	1	1936170	1674	1674	1928	1928	1928	244	86	1675
GCF_041514295.1	PASS_SEQUENCE_INTEGRITY_WITH_DOCUMENTED_EXCEPTIONS	3057626	07bbc590d5e9e57b8ed8cf8e7211d1a754a539f4a857d3660143c0ce59c83edf	0	262	8	1308	1308	FROZEN_METADATA_COMPARISON_ONLY	1	1936833	1674	1674	1932	1932	1932	244	86	1679
GCF_041893975.1	PASS_SEQUENCE_INTEGRITY_WITH_DOCUMENTED_EXCEPTIONS	3055033	8e7ea4505c04f1ce2ff31666899840e3a827dcf098ecca1c471adb8c44bf10fb	0	266	8	1308	1308	FROZEN_METADATA_COMPARISON_ONLY	1	1934694	1676	1676	1934	1934	1934	248	89	1677
GCF_042847315.1	PASS_SEQUENCE_INTEGRITY_WITH_DOCUMENTED_EXCEPTIONS	5409678	8c6d466a7d31c8e337a097e6888e2d6d7b4f6497fdd64a250b0e541220221a26	0	119	8	3231926	3231926	FROZEN_METADATA_COMPARISON_ONLY	97	3395528	3004	3004	3064	3064	3064	47	76	3015
GCF_042997415.1	PASS_SEQUENCE_INTEGRITY_WITH_DOCUMENTED_EXCEPTIONS	2751371	9315484d76b42b5468f5354157c105c7cffe1f945543b848a1194b1981ccf5f6	0	25	8	2508708	2508708	FROZEN_METADATA_COMPARISON_ONLY	1	1711925	1439	1439	1505	1505	1505	23	12	1481
GCF_045760565.1	PASS_SEQUENCE_INTEGRITY_WITH_DOCUMENTED_EXCEPTIONS	3794891	c56215b2890aa0f936131a515ffd9e1786913952a6d4da06f0ec742133addd45	0	142	8	2941330	2941330	FROZEN_METADATA_COMPARISON_ONLY	83	2295600	2120	2120	2186	2186	2186	65	83	2120
GCF_045801155.1	PASS_SEQUENCE_INTEGRITY_WITH_DOCUMENTED_EXCEPTIONS	3558331	339582113b0f328b2e46b622774ce30279373272f20cb15b4395b2e2185d6321	0	35	8	2766470	2766470	FROZEN_METADATA_COMPARISON_ONLY	2	2170838	2103	2103	2158	2158	2158	35	17	2123
GCF_045862825.1	PASS_SEQUENCE_INTEGRITY_WITH_DOCUMENTED_EXCEPTIONS	4918854	bd751b23760d63e77657290eab7e890a1639972211daaefab37759f73d71e3df	0	43	8	3069269	3069269	FROZEN_METADATA_COMPARISON_ONLY	3	3123493	2819	2819	2869	2869	2869	37	25	2829
GCF_046109915.1	PASS_SEQUENCE_INTEGRITY_WITH_DOCUMENTED_EXCEPTIONS	3387089	839a8c0021aa652ca4166a024c81b461a0b003515d17271a6df9dc7b85d3b87c	0	196	8	1587	1587	FROZEN_METADATA_COMPARISON_ONLY	1	2120944	1867	1867	2086	2086	2086	194	72	1891
GCF_047344935.1	PASS_SEQUENCE_INTEGRITY_WITH_DOCUMENTED_EXCEPTIONS	3515049	f677c36646f3731dd218f2cac3acb290112dc2bc4d558e38ee50fcb654bdb88e	0	27	8	1245	1245	FROZEN_METADATA_COMPARISON_ONLY	5	2148331	2042	2042	2075	2075	2075	27	15	2048
GCF_050407965.1	PASS_SEQUENCE_INTEGRITY_WITH_DOCUMENTED_EXCEPTIONS	5746320	79e888b20da998c74ac96decb53b8fcc499b9754d41335b9a1086b5ca2ccb33c	0	81	8	1589	1589	FROZEN_METADATA_COMPARISON_ONLY	6	3740574	3169	3169	3286	3286	3286	67	33	3212
GCF_050847345.1	PASS_SEQUENCE_INTEGRITY_WITH_DOCUMENTED_EXCEPTIONS	4909526	aa94b7309bc784423dbfa77b928742a39cba614986433ef93a88ee723f95780e	0	51	8	271881	271881	FROZEN_METADATA_COMPARISON_ONLY	2	3096698	2797	2797	2850	2850	2850	47	12	2801
GCF_051098045.1	PASS_SEQUENCE_INTEGRITY_WITH_DOCUMENTED_EXCEPTIONS	5260299	e80bd9682bcf8761316aa9be5ae56a481f7822200a59971bfa7ff8ef28c40134	0	31	8	60520	60520	FROZEN_METADATA_COMPARISON_ONLY	1	3332249	2999	2999	3033	3033	3033	29	9	3003
GCF_052569745.1	PASS_SEQUENCE_INTEGRITY_WITH_DOCUMENTED_EXCEPTIONS	2927696	e591b5fd3962ee4ef95c7a67157919caaefdf29e082f43ef68e23df5a60198bc	0	248	8	1308	1308	FROZEN_METADATA_COMPARISON_ONLY	1	1841797	1599	1599	1840	1840	1840	232	86	1600
GCF_052570115.1	PASS_SEQUENCE_INTEGRITY_WITH_DOCUMENTED_EXCEPTIONS	2921321	ccea9e863a906cbf632caac4e322a35285718e6b45d3e4bbb95b6d3264634030	0	250	8	1308	1308	FROZEN_METADATA_COMPARISON_ONLY	1	1839155	1590	1590	1832	1832	1832	234	86	1590
GCF_052571685.1	PASS_SEQUENCE_INTEGRITY_WITH_DOCUMENTED_EXCEPTIONS	2923744	e789f06a324635da8fd01f4ab0039c1f7b52cd81a83a0c03a36bf4c92196d326	0	248	8	1308	1308	FROZEN_METADATA_COMPARISON_ONLY	1	1839161	1597	1597	1837	1837	1837	232	86	1597
GCF_054073565.1	PASS_SEQUENCE_INTEGRITY_WITH_DOCUMENTED_EXCEPTIONS	4076932	e6da63e8c7994d633e893d60b41d400cb97b26250767d9dbecc3575e53cac383	0	18	8	137591	137591	FROZEN_METADATA_COMPARISON_ONLY	4	2551521	2292	2292	2311	2311	2311	18	9	2293
GCF_054331775.1	PASS_SEQUENCE_INTEGRITY_WITH_DOCUMENTED_EXCEPTIONS	3293050	e191297b2b4e5e0780a729d3d413ac66bc9e252d7ec612abe195d7fdb4831057	0	43	8	148604	148604	FROZEN_METADATA_COMPARISON_ONLY	2	2037683	1872	1872	1911	1911	1911	39	27	1870
GCF_054452875.2	PASS_SEQUENCE_INTEGRITY_WITH_DOCUMENTED_EXCEPTIONS	4182891	94565a9ce2defff8b5afa181a2d82e9c547a9dfe9fd64a905fc0ffc08f97e648	0	31	8	931533	931533	FROZEN_METADATA_COMPARISON_ONLY	5	2594805	2436	2436	2549	2549	2549	26	19	2522
GCF_054784775.1	PASS_SEQUENCE_INTEGRITY_WITH_DOCUMENTED_EXCEPTIONS	4889826	265dfa1e71d6ba85fa0a1daadeca14b06927b30e93c1e22d29ac541771d26585	0	145	8	3455901	3455901	FROZEN_METADATA_COMPARISON_ONLY	86	2986555	2720	2720	2783	2783	2783	56	83	2726
GCF_054785075.1	PASS_SEQUENCE_INTEGRITY_WITH_DOCUMENTED_EXCEPTIONS	4459914	ea67d2e709efaa70b9d64d84e7dfbaf1a257f5cf6b23e9585a0e8b5af315ac9f	0	64	8	3373076	3373076	FROZEN_METADATA_COMPARISON_ONLY	37	2828309	2522	2522	2548	2548	2548	22	37	2525
GCF_055180435.1	PASS_SEQUENCE_INTEGRITY_WITH_DOCUMENTED_EXCEPTIONS	4466383	20fd1192cd47c06fd92d90962242d90a6a326782c497aef87399d67333f48aec	0	129	8	1359	1359	FROZEN_METADATA_COMPARISON_ONLY	9	2788019	2639	2639	2772	2772	2772	93	53	2661
GCF_055502585.1	PASS_SEQUENCE_INTEGRITY_WITH_DOCUMENTED_EXCEPTIONS	3212782	e633b6915d85eeb17ef474cc33aae228cc87bc32f0c7765d01ab21ba1dcce535	0	87	8	237446	237446	FROZEN_METADATA_COMPARISON_ONLY	2	1999355	1866	1866	1950	1950	1950	84	43	1865
GCF_055755075.1	PASS_SEQUENCE_INTEGRITY_WITH_DOCUMENTED_EXCEPTIONS	3106285	865986f1d54abcffe9745eae21590be2140a01f9119609b8364508fa389fc314	0	33	8	1255	1255	FROZEN_METADATA_COMPARISON_ONLY	5	1893638	1812	1812	1842	1842	1842	29	19	1811
GCF_056269605.1	PASS_SEQUENCE_INTEGRITY_WITH_DOCUMENTED_EXCEPTIONS	2906911	434bba751f79c4a506a2a58f2017efc3694d46a9b5e484b78c8f8fe838d17108	0	240	8	1308	1308	FROZEN_METADATA_COMPARISON_ONLY	1	1829878	1573	1573	1800	1800	1800	226	88	1567
GCF_056676095.1	PASS_SEQUENCE_INTEGRITY_WITH_DOCUMENTED_EXCEPTIONS	3508345	938e726eccbaec04c4f95cdbfec4c48631ed715940d3ffea72a02288416e2abc	0	30	8	97478	97478	FROZEN_METADATA_COMPARISON_ONLY	2	2183468	1876	1876	1906	1906	1906	28	12	1877
GCF_057786735.1	PASS_SEQUENCE_INTEGRITY_WITH_DOCUMENTED_EXCEPTIONS	2939078	ba95b7121011111864f197d3f2922c90f6ed386113cb337eae9992b202f5275f	0	265	8	1308	1308	FROZEN_METADATA_COMPARISON_ONLY	1	1853935	1560	1560	1873	1873	1873	255	97	1613
GCF_058111805.1	PASS_SEQUENCE_INTEGRITY_WITH_DOCUMENTED_EXCEPTIONS	3496951	161c9bed255fcef821acbba3b433c8433c7fb1b1ccb0ceecf7a9db95ca27c86b	0	33	8	1511761	1511761	FROZEN_METADATA_COMPARISON_ONLY	3	2147877	2046	2046	2079	2079	2079	33	21	2046
GCF_059089415.1	PASS_SEQUENCE_INTEGRITY_WITH_DOCUMENTED_EXCEPTIONS	3412579	93e8a3808b6d843eca350c41d024e2fcf9a226084efb03962003291319ef09a1	0	19	8	1254	1254	FROZEN_METADATA_COMPARISON_ONLY	11	2086759	1984	1984	2003	2003	2003	17	8	1985
GCF_060305805.1	PASS_SEQUENCE_INTEGRITY_WITH_DOCUMENTED_EXCEPTIONS	4075030	131683837b05f68a7fcbab24389b648e28a757ac0f77aeeff3cf28de0dd4b9a7	0	71	8	1358	1358	FROZEN_METADATA_COMPARISON_ONLY	2	2536468	2421	2421	2478	2478	2478	47	25	2419
GCF_060307215.1	PASS_SEQUENCE_INTEGRITY_WITH_DOCUMENTED_EXCEPTIONS	4074961	3ad9ccd82df574f7d0ee09772413b6a6cb341ef6361949352a2ad81759ea0102	0	71	8	1358	1358	FROZEN_METADATA_COMPARISON_ONLY	2	2536468	2421	2421	2478	2478	2478	47	25	2419
GCF_900016205.1	PASS_SEQUENCE_INTEGRITY_WITH_DOCUMENTED_EXCEPTIONS	3427637	8c72876c0bfddc674ff9e9392392c07ed09777bc6b6d657082ceba6e70bdc82c	0	64	8	178001	178001	FROZEN_METADATA_COMPARISON_ONLY	29	2058101	1988	1988	2018	2018	2018	30	43	1988
GCF_900094835.1	PASS_SEQUENCE_INTEGRITY_WITH_DOCUMENTED_EXCEPTIONS	3024587	81fe512b3f39df3442978931ec85823937286f0ec9a475a5a27b8c777401c7ad	0	35	8	1505725	1505725	FROZEN_METADATA_COMPARISON_ONLY	29	1820901	1732	1732	1744	1744	1744	10	23	1734
GCF_900240275.1	PASS_SEQUENCE_INTEGRITY_WITH_DOCUMENTED_EXCEPTIONS	2747082	9df5dece1cf818f12752f2b17475c66e6ff2f96e6d797c56fc9a0aca85a43ab1	0	54	8	1970790	1970790	FROZEN_METADATA_COMPARISON_ONLY	16	1678325	1533	1533	1598	1598	1598	38	36	1558
GCF_900519455.1	PASS_SEQUENCE_INTEGRITY_WITH_DOCUMENTED_EXCEPTIONS	3067554	1b824cf5166bd6cfac635b967c4adb0917fd1218666b5f4937a60f64592d924d	0	27	8	1247	1247	FROZEN_METADATA_COMPARISON_ONLY	1	1876981	1802	1802	1829	1829	1829	27	11	1802
GCF_900519475.1	PASS_SEQUENCE_INTEGRITY_WITH_DOCUMENTED_EXCEPTIONS	2992599	3ab0e73a87c4b467c290d7a174b51da6291aa7053f88f7955f43e306fab52200	0	36	8	1247	1247	FROZEN_METADATA_COMPARISON_ONLY	1	1834577	1760	1760	1797	1797	1797	34	10	1762
GCF_900636965.1	PASS_SEQUENCE_INTEGRITY_WITH_DOCUMENTED_EXCEPTIONS	4782665	1420504069378546ebc7f420df26eb00ab3b3b0f72ab15763e7af517d2308243	0	37	8	47715	47715	FROZEN_METADATA_COMPARISON_ONLY	1	2988387	2634	2634	2690	2690	2690	35	15	2654
GCF_903885985.1	PASS_SEQUENCE_INTEGRITY_WITH_DOCUMENTED_EXCEPTIONS	2959762	dba7967e1089887f9d552985325d54172505c308d45e1307411dddc5cd7d547e	0	255	8	1308	1308	FROZEN_METADATA_COMPARISON_ONLY	1	1860070	1614	1614	1855	1855	1855	235	97	1610
GCF_903886345.1	PASS_SEQUENCE_INTEGRITY_WITH_DOCUMENTED_EXCEPTIONS	2960377	6aac37f786e7186f5eb2e35b815121bb2baee38e42b5d42f8fc44f6db3eae136	0	256	8	1308	1308	FROZEN_METADATA_COMPARISON_ONLY	1	1860069	1617	1617	1855	1855	1855	233	98	1612
GCF_903886475.1	PASS_SEQUENCE_INTEGRITY_WITH_DOCUMENTED_EXCEPTIONS	2878314	7625230a444cbeec67c2f731cdec825482c7705927ac37998831552a1299430e	0	240	8	1308	1308	FROZEN_METADATA_COMPARISON_ONLY	2	1791634	1529	1529	1770	1770	1770	230	82	1535
GCF_903891025.1	PASS_SEQUENCE_INTEGRITY_WITH_DOCUMENTED_EXCEPTIONS	2925220	0bcaafbe8b184e38a48614e327f37609fbce0aa8468ba7d0ee35d71b6c090af0	0	244	8	1308	1308	FROZEN_METADATA_COMPARISON_ONLY	1	1839159	1594	1594	1833	1833	1833	228	87	1597
GCF_903891205.1	PASS_SEQUENCE_INTEGRITY_WITH_DOCUMENTED_EXCEPTIONS	2800039	6ec38bd8a32e22a9d2f6f73293b339cf632891dbd2a5b27881842780f6a3ee23	0	259	8	1308	1308	FROZEN_METADATA_COMPARISON_ONLY	1	1767283	1492	1492	1745	1745	1745	251	87	1490
GCF_947539375.1	PASS_SEQUENCE_INTEGRITY_WITH_DOCUMENTED_EXCEPTIONS	3375767	877fdd651220238e74466fca1f05d91f50b4064083a6bbf8b35b36208eaf3ab9	0	32	8	2993455	2993455	FROZEN_METADATA_COMPARISON_ONLY	1	2119816	1909	1909	1941	1941	1941	30	14	1910
GCF_963243495.1	PASS_SEQUENCE_INTEGRITY_WITH_DOCUMENTED_EXCEPTIONS	4856424	a4b40182951059814b5cf0c8d51bfc0c604579663aafded81b2501b8c3e49bb4	0	19	8	942150	942150	FROZEN_METADATA_COMPARISON_ONLY	3	3063594	2813	2813	2858	2858	2858	17	12	2840
GCF_963281025.1	PASS_SEQUENCE_INTEGRITY_WITH_DOCUMENTED_EXCEPTIONS	3076655	244b99fe96300668797b6072ca209e3b4b3cc4b102e731aaeb98001f65d7e651	0	38	8	1633	1633	FROZEN_METADATA_COMPARISON_ONLY	1	1897802	1736	1736	1817	1817	1817	36	19	1780
GCF_964063315.1	PASS_SEQUENCE_INTEGRITY_WITH_DOCUMENTED_EXCEPTIONS	2862731	089cf916eb7e841fa01a678fa2492076109291f74e5ac8cd47ac66a59fad4b4c	0	49	8	1252	1252	FROZEN_METADATA_COMPARISON_ONLY	5	1767324	1689	1689	1735	1735	1735	39	37	1696
GCF_965136965.1	PASS_SEQUENCE_INTEGRITY_WITH_DOCUMENTED_EXCEPTIONS	4538384	2ddd08b12c27158a6e4ed257e969e5962f263ec107f469238df9d4612b5eafb1	0	146	8	1457217	1457217	FROZEN_METADATA_COMPARISON_ONLY	78	2739761	2555	2555	2631	2631	2631	76	83	2551
GCF_965286035.1	PASS_SEQUENCE_INTEGRITY_WITH_DOCUMENTED_EXCEPTIONS	3702071	58a92941c4056d366dbb5ad49bccf66c8a8ab7c6c854fbac842babc700ed989b	0	20	8	33968	33968	FROZEN_METADATA_COMPARISON_ONLY	2	2263695	2181	2181	2209	2209	2209	19	16	2190
GCF_965286295.1	PASS_SEQUENCE_INTEGRITY_WITH_DOCUMENTED_EXCEPTIONS	4767297	91d5047e97711f4728dea2148434e4f28511761a88e926ebfecec48da5a7cace	0	30	8	271881	271881	FROZEN_METADATA_COMPARISON_ONLY	2	2994943	2710	2710	2752	2752	2752	28	9	2723
GCF_965286585.1	PASS_SEQUENCE_INTEGRITY_WITH_DOCUMENTED_EXCEPTIONS	3425703	a62691f4a3de5c0d26354856aab7cad1a94dcfbb71b7e2a3eb1990eacfa9d375	0	106	8	1613	1613	FROZEN_METADATA_COMPARISON_ONLY	3	2127310	1940	1940	2073	2073	2073	102	64	1969
GCF_982267005.1	PASS_SEQUENCE_INTEGRITY_WITH_DOCUMENTED_EXCEPTIONS	2761186	c87c11163e88e51385b497c9ef7c203a9c273f26fd76a3722a6b51c7e845b66e	0	16	8	1246	1246	FROZEN_METADATA_COMPARISON_ONLY	2	1682635	1602	1602	1618	1618	1618	15	8	1603
