assembly_accession	display_label	operational_group	color
GCF_000009425.1	Lactococcus cremoris subsp. cremoris MG1363 [GCF_000009425.1]	Lactococcus	#CC79A7
GCF_000010145.1	Limosilactobacillus fermentum IFO 3956 [GCF_000010145.1]	Limosilactobacillus	#D55E00
GCF_000011045.1	Lacticaseibacillus rhamnosus GG ATCC 53103 [GCF_000011045.1]	Lacticaseibacillus	#0072B2
GCF_000014385.1	Oenococcus oeni PSU-1 [GCF_000014385.1]	Oenococcus	#F0E442
GCF_000014425.1	Lactobacillus gasseri ATCC 33323 = JCM 1131 [GCF_000014425.1]	Lactobacillus_sensu_stricto	#009E73
GCF_000014445.1	Leuconostoc mesenteroides subsp. mesenteroides ATCC 8293 [GCF_000014445.1]	Leuconostoc	#56B4E9
GCF_000014505.1	Pediococcus pentosaceus ATCC 25745 [GCF_000014505.1]	Pediococcus	#332288
GCF_000014545.1	Lactococcus cremoris subsp. cremoris SK11 [GCF_000014545.1]	Lactococcus	#CC79A7
GCF_000015385.1	Lactobacillus helveticus DPC 4571 [GCF_000015385.1]	Lactobacillus_sensu_stricto	#009E73
GCF_000016825.1	Limosilactobacillus reuteri subsp. reuteri JCM 1112 = DSM 20016 [GCF_000016825.1]	Limosilactobacillus	#D55E00
GCF_000023085.1	Lactiplantibacillus plantarum JDM1 [GCF_000023085.1]	Lactiplantibacillus	#E69F00
GCF_000025045.1	Lactococcus lactis subsp. lactis KF147 [GCF_000025045.1]	Lactococcus	#CC79A7
GCF_000026405.1	Leuconostoc citreum KM20 [GCF_000026405.1]	Leuconostoc	#56B4E9
GCF_000092505.1	Leuconostoc kimchii IMSNU 11154 [GCF_000092505.1]	Leuconostoc	#56B4E9
GCF_000148815.2	Lactiplantibacillus plantarum ST-III [GCF_000148815.2]	Lactiplantibacillus	#E69F00
GCF_000155515.2	Lacticaseibacillus paracasei subsp. paracasei 8700:2 362.5013889 [GCF_000155515.2]	Lacticaseibacillus	#0072B2
GCF_000160835.1	Limosilactobacillus antri DSM 16041 [GCF_000160835.1]	Limosilactobacillus	#D55E00
GCF_000203855.3	Lactiplantibacillus plantarum WCFS1 [GCF_000203855.3]	Lactiplantibacillus	#E69F00
GCF_000237995.1	Pediococcus claussenii ATCC BAA-344 [GCF_000237995.1]	Pediococcus	#332288
GCF_000241055.1	Oenococcus kitaharae DSM 17330 [GCF_000241055.1]	Oenococcus	#F0E442
GCF_000269925.1	Lactococcus garvieae ATCC 49156 [GCF_000269925.1]	Lactococcus	#CC79A7
GCF_000269945.1	Lactococcus garvieae Lg2 [GCF_000269945.1]	Lactococcus	#CC79A7
GCF_000298875.1	Leuconostoc gelidum JB7 [GCF_000298875.1]	Leuconostoc	#56B4E9
GCF_000468955.1	Lactococcus cremoris subsp. cremoris KW2 [GCF_000468955.1]	Lactococcus	#CC79A7
GCF_000691805.2	Weissella oryzae SG25 [GCF_000691805.2]	Weissella	#44AA99
GCF_001434365.1	Limosilactobacillus gastricus DSM 16045 [GCF_001434365.1]	Limosilactobacillus	#D55E00
GCF_001434705.1	Lacticaseibacillus nasuensis JCM 17158 [GCF_001434705.1]	Lacticaseibacillus	#0072B2
GCF_001435245.1	Limosilactobacillus equigenerosi DSM 18793 = JCM 14505 [GCF_001435245.1]	Limosilactobacillus	#D55E00
GCF_001436135.1	Lacticaseibacillus thailandensis DSM 22698 = JCM 13996 [GCF_001436135.1]	Lacticaseibacillus	#0072B2
GCF_001436905.1	Pediococcus claussenii DSM 14800 [GCF_001436905.1]	Pediococcus	#332288
GCF_001437055.1	Limosilactobacillus secaliphilus DSM 17896 [GCF_001437055.1]	Limosilactobacillus	#D55E00
GCF_001437425.1	Weissella minor DSM 20014 [GCF_001437425.1]	Weissella	#44AA99
GCF_001438705.1	Weissella kandleri DSM 20593 [GCF_001438705.1]	Weissella	#44AA99
GCF_001536305.1	Leuconostoc gasicomitatum KG16-1 [GCF_001536305.1]	Leuconostoc	#56B4E9
GCF_001618285.1	Oenococcus oeni DSPZS12 [GCF_001618285.1]	Oenococcus	#F0E442
GCF_001702215.1	Pediococcus claussenii TMW 2.53 [GCF_001702215.1]	Pediococcus	#332288
GCF_001702235.1	Pediococcus claussenii TMW 2.54 [GCF_001702235.1]	Pediococcus	#332288
GCF_001752505.1	Oenococcus kitaharae NRIC_0650 [GCF_001752505.1]	Oenococcus	#F0E442
GCF_001752515.1	Oenococcus kitaharae NRIC_0649 [GCF_001752515.1]	Oenococcus	#F0E442
GCF_001752545.1	Oenococcus kitaharae NRIC_0647 [GCF_001752545.1]	Oenococcus	#F0E442
GCF_001761545.1	Weissella soli KACC 11848 [GCF_001761545.1]	Weissella	#44AA99
GCF_001767275.1	Pediococcus acidilactici ZPA017 [GCF_001767275.1]	Pediococcus	#332288
GCF_001888925.1	Lactobacillus delbrueckii subsp. jakobsenii ZN7a-9 = DSM 26046 [GCF_001888925.1]	Lactobacillus_sensu_stricto	#009E73
GCF_001891125.1	Leuconostoc suionicum DSM 20241 [GCF_001891125.1]	Leuconostoc	#56B4E9
GCF_001932615.1	Weissella jogaejeotgali FOL01 [GCF_001932615.1]	Weissella	#44AA99
GCF_001998805.1	Leuconostoc garlicum KFRI01 [GCF_001998805.1]	Leuconostoc	#56B4E9
GCF_002174215.1	Pediococcus acidilactici SRCM101189 [GCF_002174215.1]	Pediococcus	#332288
GCF_002950695.1	Weissella koreensis WiKim0080 [GCF_002950695.1]	Weissella	#44AA99
GCF_002970915.1	Lactiplantibacillus koreensis CBA3605 [GCF_002970915.1]	Lactiplantibacillus	#E69F00
GCF_002970935.1	Lactiplantibacillus kimchii CBA3606 [GCF_002970935.1]	Lactiplantibacillus	#E69F00
GCF_003150935.1	Lactobacillus apis ESL0185 [GCF_003150935.1]	Lactobacillus_sensu_stricto	#009E73
GCF_003151025.1	Lactobacillus kullabergensis ESL0186 [GCF_003151025.1]	Lactobacillus_sensu_stricto	#009E73
GCF_003173695.1	Lactobacillus helsingborgensis ESL0183 [GCF_003173695.1]	Lactobacillus_sensu_stricto	#009E73
GCF_003176835.1	Lactococcus lactis subsp. lactis 14B4 [GCF_003176835.1]	Lactococcus	#CC79A7
GCF_003264795.1	Oenococcus oeni 19 [GCF_003264795.1]	Oenococcus	#F0E442
GCF_003584685.1	Lactobacillus paragasseri JCM 5343 [GCF_003584685.1]	Lactobacillus_sensu_stricto	#009E73
GCF_003641185.1	Lactiplantibacillus pentosus DSM 20314 [GCF_003641185.1]	Lactiplantibacillus	#E69F00
GCF_003722275.1	Lactococcus lactis IL1403 [GCF_003722275.1]	Lactococcus	#CC79A7
GCF_003999355.1	Lactobacillus amylolyticus L5 [GCF_003999355.1]	Lactobacillus_sensu_stricto	#009E73
GCF_004354645.1	Leuconostoc fallax ATCC 700006 [GCF_004354645.1]	Leuconostoc	#56B4E9
GCF_004377635.1	Oenococcus oeni a1 [GCF_004377635.1]	Oenococcus	#F0E442
GCF_005405405.1	Lactiplantibacillus plajomi NBRC 107333 [GCF_005405405.1]	Lactiplantibacillus	#E69F00
GCF_005405465.1	Weissella thailandensis JCM 10695 [GCF_005405465.1]	Weissella	#44AA99
GCF_007954605.1	Leuconostoc lactis CBA3625 [GCF_007954605.1]	Leuconostoc	#56B4E9
GCF_007954785.1	Leuconostoc citreum CBA3621 [GCF_007954785.1]	Leuconostoc	#56B4E9
GCF_008107645.1	Leuconostoc litchii MB7 [GCF_008107645.1]	Leuconostoc	#56B4E9
GCF_008831485.1	Lactobacillus acetotolerans LA749 [GCF_008831485.1]	Lactobacillus_sensu_stricto	#009E73
GCF_009184845.1	Lacticaseibacillus manihotivorans LM010 [GCF_009184845.1]	Lacticaseibacillus	#0072B2
GCF_009856565.1	Streptococcus thermophilus EU01 [GCF_009856565.1]	Streptococcus_thermophilus	#AA4499
GCF_009913655.1	Lactiplantibacillus plantarum SRCM100442 [GCF_009913655.1]	Lactiplantibacillus	#E69F00
GCF_009913995.1	Pediococcus pentosaceus SRCM102738 [GCF_009913995.1]	Pediococcus	#332288
GCF_009914015.1	Pediococcus pentosaceus SRCM102739 [GCF_009914015.1]	Pediococcus	#332288
GCF_009914035.1	Pediococcus pentosaceus SRCM102740 [GCF_009914035.1]	Pediococcus	#332288
GCF_010092385.1	Pediococcus acidilactici CACC 537 [GCF_010092385.1]	Pediococcus	#332288
GCF_011058775.1	Lactobacillus iners C0322A1 [GCF_011058775.1]	Lactobacillus_sensu_stricto	#009E73
GCF_011304355.1	Weissella coleopterorum HDW19 [GCF_011304355.1]	Weissella	#44AA99
GCF_013113695.1	Oenococcus oeni OE37 [GCF_013113695.1]	Oenococcus	#F0E442
GCF_013407595.1	Lacticaseibacillus absianus YH-lac23 [GCF_013407595.1]	Lacticaseibacillus	#0072B2
GCF_014131735.1	Lactiplantibacillus plantarum DSM 20174 [GCF_014131735.1]	Lactiplantibacillus	#E69F00
GCF_014145545.1	Limosilactobacillus agrestis BG-MG3-A [GCF_014145545.1]	Limosilactobacillus	#D55E00
GCF_014145555.1	Limosilactobacillus albertensis Lr3000 [GCF_014145555.1]	Limosilactobacillus	#D55E00
GCF_014145615.1	Limosilactobacillus balticus BG-AF3-A [GCF_014145615.1]	Limosilactobacillus	#D55E00
GCF_014397255.1	Weissella diestrammenae KACC 16890 [GCF_014397255.1]	Weissella	#44AA99
GCF_014656585.1	Lactobacillus kefiranofaciens 1207 [GCF_014656585.1]	Lactobacillus_sensu_stricto	#009E73
GCF_014789145.1	Weissella viridescens NJ100 [GCF_014789145.1]	Weissella	#44AA99
GCF_016127255.1	Leuconostoc pseudomesenteroides FDAARGOS_1003 [GCF_016127255.1]	Leuconostoc	#56B4E9
GCF_016127815.1	Pediococcus acidilactici FDAARGOS_1007 [GCF_016127815.1]	Pediococcus	#332288
GCF_016647595.1	Lactobacillus ultunensis Kx293C1 [GCF_016647595.1]	Lactobacillus_sensu_stricto	#009E73
GCF_016919665.1	Lactococcus taiwanensis K_LL001 [GCF_016919665.1]	Lactococcus	#CC79A7
GCF_017068355.1	Lactococcus taiwanensis K_LL004 [GCF_017068355.1]	Lactococcus	#CC79A7
GCF_017894345.1	Lactobacillus taiwanensis CLG01 [GCF_017894345.1]	Lactobacillus_sensu_stricto	#009E73
GCF_018394055.1	Weissella ceti CECT 7719 [GCF_018394055.1]	Weissella	#44AA99
GCF_018502505.1	Weissella tructae W-1 [GCF_018502505.1]	Weissella	#44AA99
GCF_019448175.1	Pediococcus acidilactici PMC202 [GCF_019448175.1]	Pediococcus	#332288
GCF_019469265.1	Lactobacillus panisapium ESL0416 [GCF_019469265.1]	Lactobacillus_sensu_stricto	#009E73
GCF_019576155.1	Weissella confusa LM1 [GCF_019576155.1]	Weissella	#44AA99
GCF_019797825.1	Limosilactobacillus panis MT-01 [GCF_019797825.1]	Limosilactobacillus	#D55E00
GCF_020510245.1	Oenococcus oeni AWRIB429 [GCF_020510245.1]	Oenococcus	#F0E442
GCF_020784695.1	Limosilactobacillus secundus LR77 [GCF_020784695.1]	Limosilactobacillus	#D55E00
GCF_020844005.1	Streptococcus thermophilus 4078 [GCF_020844005.1]	Streptococcus_thermophilus	#AA4499
GCF_021378055.1	Pediococcus pentosaceus ST75/87BZ [GCF_021378055.1]	Pediococcus	#332288
GCF_023169905.1	Lactococcus cremoris 7-1 [GCF_023169905.1]	Lactococcus	#CC79A7
GCF_023499275.1	Lactococcus petauri B1726 [GCF_023499275.1]	Lactococcus	#CC79A7
GCF_023920145.1	Oenococcus oeni SD-2a [GCF_023920145.1]	Oenococcus	#F0E442
GCF_024334065.1	Streptococcus thermophilus CH8 [GCF_024334065.1]	Streptococcus_thermophilus	#AA4499
GCF_024397795.1	Lactobacillus intestinalis DSM 6629 [GCF_024397795.1]	Lactobacillus_sensu_stricto	#009E73
GCF_024718545.1	Weissella fangxianensis HBUAS51963 [GCF_024718545.1]	Weissella	#44AA99
GCF_025311495.1	Limosilactobacillus oris AM_LB10 [GCF_025311495.1]	Limosilactobacillus	#D55E00
GCF_025490915.1	Lacticaseibacillus parakribbianus YH-lacS6 [GCF_025490915.1]	Lacticaseibacillus	#0072B2
GCF_025739325.1	Streptococcus thermophilus CNRZ1151 [GCF_025739325.1]	Streptococcus_thermophilus	#AA4499
GCF_025948295.1	Streptococcus thermophilus CNRZ385 [GCF_025948295.1]	Streptococcus_thermophilus	#AA4499
GCF_026222675.1	Lactiplantibacillus pentosus OHF 23 [GCF_026222675.1]	Lactiplantibacillus	#E69F00
GCF_028607025.1	Limosilactobacillus portuensis LV1276_C155 [GCF_028607025.1]	Limosilactobacillus	#D55E00
GCF_028621815.1	Pediococcus acidilactici SRCM102024 [GCF_028621815.1]	Pediococcus	#332288
GCF_028736235.1	Lacticaseibacillus pabuli KACC 23028 [GCF_028736235.1]	Lacticaseibacillus	#0072B2
GCF_029025825.1	Lactiplantibacillus paraplantarum FL-8 [GCF_029025825.1]	Lactiplantibacillus	#E69F00
GCF_029726355.1	Lacticaseibacillus huelsenbergensis DSM 115425 [GCF_029726355.1]	Lacticaseibacillus	#0072B2
GCF_029854335.1	Lactiplantibacillus plantarum MY04 [GCF_029854335.1]	Lactiplantibacillus	#E69F00
GCF_029866985.1	Streptococcus thermophilus DGCC7710 [GCF_029866985.1]	Streptococcus_thermophilus	#AA4499
GCF_030480545.1	Lacticaseibacillus pantheris CM2 [GCF_030480545.1]	Lacticaseibacillus	#0072B2
GCF_030770265.1	Lacticaseibacillus parahuelsenbergensis NCIMB 15471 [GCF_030770265.1]	Lacticaseibacillus	#0072B2
GCF_030770295.1	Lacticaseibacillus styriensis NCIMB 15473 [GCF_030770295.1]	Lacticaseibacillus	#0072B2
GCF_030770335.1	Lacticaseibacillus zeae subsp. silagei NCIMB 15474 [GCF_030770335.1]	Lacticaseibacillus	#0072B2
GCF_032762665.1	Oenococcus oeni K19-3 [GCF_032762665.1]	Oenococcus	#F0E442
GCF_033142085.1	Oenococcus oeni UCMA15129 [GCF_033142085.1]	Oenococcus	#F0E442
GCF_033570435.1	Limosilactobacillus reuteri P43 [GCF_033570435.1]	Limosilactobacillus	#D55E00
GCF_034703025.1	Pediococcus acidilactici AF2019 [GCF_034703025.1]	Pediococcus	#332288
GCF_035985965.1	Lactococcus lactis subsp. lactis C20 [GCF_035985965.1]	Lactococcus	#CC79A7
GCF_036246165.1	Lactiplantibacillus paraxiangfangensis 142-6 [GCF_036246165.1]	Lactiplantibacillus	#E69F00
GCF_036246185.1	Lactiplantibacillus paraxiangfangensis 231-9 [GCF_036246185.1]	Lactiplantibacillus	#E69F00
GCF_036246225.1	Lacticaseibacillus salsurivasis 74-4 [GCF_036246225.1]	Lacticaseibacillus	#0072B2
GCF_036327715.1	Weissella paramesenteroides MbWp-142 [GCF_036327715.1]	Weissella	#44AA99
GCF_037290055.1	Lactiplantibacillus argentoratensis D1 [GCF_037290055.1]	Lactiplantibacillus	#E69F00
GCF_037891785.1	Lactococcus petauri R21-91A [GCF_037891785.1]	Lactococcus	#CC79A7
GCF_037892375.1	Lactococcus formosensis M04020401 EE5e5 [GCF_037892375.1]	Lactococcus	#CC79A7
GCF_038049945.1	Streptococcus thermophilus TCI125 [GCF_038049945.1]	Streptococcus_thermophilus	#AA4499
GCF_039645515.1	Lactococcus petauri R22-25 IC35 [GCF_039645515.1]	Lactococcus	#CC79A7
GCF_039645575.1	Lactococcus formosensis M20011502 FF20a2 [GCF_039645575.1]	Lactococcus	#CC79A7
GCF_039783225.1	Streptococcus thermophilus CNRZ760 [GCF_039783225.1]	Streptococcus_thermophilus	#AA4499
GCF_039783785.1	Streptococcus thermophilus CNRZ887 [GCF_039783785.1]	Streptococcus_thermophilus	#AA4499
GCF_039955095.1	Limosilactobacillus allomucosae WILCCON 0051 [GCF_039955095.1]	Limosilactobacillus	#D55E00
GCF_041225485.1	Lactococcus ileimucosae 26-13 [GCF_041225485.1]	Lactococcus	#CC79A7
GCF_041225605.1	Lactococcus muris 20-218 [GCF_041225605.1]	Lactococcus	#CC79A7
GCF_041281755.1	Weissella sagaensis ZD-66 [GCF_041281755.1]	Weissella	#44AA99
GCF_041509385.1	Streptococcus thermophilus S24750 [GCF_041509385.1]	Streptococcus_thermophilus	#AA4499
GCF_041514285.1	Streptococcus thermophilus S24733 [GCF_041514285.1]	Streptococcus_thermophilus	#AA4499
GCF_041514295.1	Streptococcus thermophilus S24732 [GCF_041514295.1]	Streptococcus_thermophilus	#AA4499
GCF_041893975.1	Streptococcus thermophilus S24748 [GCF_041893975.1]	Streptococcus_thermophilus	#AA4499
GCF_042847315.1	Lacticaseibacillus jixiensis N163-3-2 [GCF_042847315.1]	Lacticaseibacillus	#0072B2
GCF_042997415.1	Lactobacillus mulieris CM2267_MRS1 [GCF_042997415.1]	Lactobacillus_sensu_stricto	#009E73
GCF_045760565.1	Lactococcus muris GBG-M2 [GCF_045760565.1]	Lactococcus	#CC79A7
GCF_045801155.1	Leuconostoc falkenbergense SAEED 24451 [GCF_045801155.1]	Leuconostoc	#56B4E9
GCF_045862825.1	Lactiplantibacillus brownii MH-1 [GCF_045862825.1]	Lactiplantibacillus	#E69F00
GCF_046109915.1	Lactobacillus helveticus TCI357 [GCF_046109915.1]	Lactobacillus_sensu_stricto	#009E73
GCF_047344935.1	Leuconostoc mesenteroides F17 [GCF_047344935.1]	Leuconostoc	#56B4E9
GCF_050407965.1	Lactiplantibacillus pentosus TBRC 20328 [GCF_050407965.1]	Lactiplantibacillus	#E69F00
GCF_050847345.1	Lactiplantibacillus argentoratensis 12-27B [GCF_050847345.1]	Lactiplantibacillus	#E69F00
GCF_051098045.1	Lactiplantibacillus paraplantarum IBB3436 [GCF_051098045.1]	Lactiplantibacillus	#E69F00
GCF_052569745.1	Streptococcus thermophilus UCCSt50 [GCF_052569745.1]	Streptococcus_thermophilus	#AA4499
GCF_052570115.1	Streptococcus thermophilus F1B [GCF_052570115.1]	Streptococcus_thermophilus	#AA4499
GCF_052571685.1	Streptococcus thermophilus F2A [GCF_052571685.1]	Streptococcus_thermophilus	#AA4499
GCF_054073565.1	Weissella cibaria LB13201 [GCF_054073565.1]	Weissella	#44AA99
GCF_054331775.1	Limosilactobacillus ingluviei Ch9e [GCF_054331775.1]	Limosilactobacillus	#D55E00
GCF_054452875.2	Lacticaseibacillus saniviri TDH-8 [GCF_054452875.2]	Lacticaseibacillus	#0072B2
GCF_054784775.1	Lacticaseibacillus boliensis GG6-2 [GCF_054784775.1]	Lacticaseibacillus	#0072B2
GCF_054785075.1	Lacticaseibacillus suihuaensis N149-9 [GCF_054785075.1]	Lacticaseibacillus	#0072B2
GCF_055180435.1	Lactococcus cremoris FAM 17886 [GCF_055180435.1]	Lactococcus	#CC79A7
GCF_055502585.1	Lactobacillus kitasatonis PLL-01 [GCF_055502585.1]	Lactobacillus_sensu_stricto	#009E73
GCF_055755075.1	Pediococcus pentosaceus MIANGUAN2 [GCF_055755075.1]	Pediococcus	#332288
GCF_056269605.1	Streptococcus thermophilus ST250 [GCF_056269605.1]	Streptococcus_thermophilus	#AA4499
GCF_056676095.1	Limosilactobacillus mucosae CXY [GCF_056676095.1]	Limosilactobacillus	#D55E00
GCF_057786735.1	Streptococcus thermophilus [GCF_057786735.1]	Streptococcus_thermophilus	#AA4499
GCF_058111805.1	Leuconostoc suionicum NIBL3969 [GCF_058111805.1]	Leuconostoc	#56B4E9
GCF_059089415.1	Pediococcus acidilactici 46A [GCF_059089415.1]	Pediococcus	#332288
GCF_060305805.1	Lactococcus lactis LBMWF02 [GCF_060305805.1]	Lactococcus	#CC79A7
GCF_060307215.1	Lactococcus lactis LBMWF01 [GCF_060307215.1]	Lactococcus	#CC79A7
GCF_900016205.1	Leuconostoc inhae PL111 [GCF_900016205.1]	Leuconostoc	#56B4E9
GCF_900094835.1	Weissella bombi R-53094 [GCF_900094835.1]	Weissella	#44AA99
GCF_900240275.1	[Lactobacillus] timonensis Marseille-P3825 [GCF_900240275.1]	Limosilactobacillus	#D55E00
GCF_900519455.1	Oenococcus oeni UBOCC-A-315001 [GCF_900519455.1]	Oenococcus	#F0E442
GCF_900519475.1	Oenococcus oeni CRBO_1381 [GCF_900519475.1]	Oenococcus	#F0E442
GCF_900636965.1	Lacticaseibacillus rhamnosus NCTC13764 [GCF_900636965.1]	Lacticaseibacillus	#0072B2
GCF_903885985.1	Streptococcus thermophilus [GCF_903885985.1]	Streptococcus_thermophilus	#AA4499
GCF_903886345.1	Streptococcus thermophilus [GCF_903886345.1]	Streptococcus_thermophilus	#AA4499
GCF_903886475.1	Streptococcus thermophilus [GCF_903886475.1]	Streptococcus_thermophilus	#AA4499
GCF_903891025.1	Streptococcus thermophilus [GCF_903891025.1]	Streptococcus_thermophilus	#AA4499
GCF_903891205.1	Streptococcus thermophilus [GCF_903891205.1]	Streptococcus_thermophilus	#AA4499
GCF_947539375.1	Lactobacillus isalae AMBV1719 [GCF_947539375.1]	Lactobacillus_sensu_stricto	#009E73
GCF_963243495.1	Lactiplantibacillus xiangfangensis IMDO EBMM8 [GCF_963243495.1]	Lactiplantibacillus	#E69F00
GCF_963281025.1	Limosilactobacillus vaginalis [GCF_963281025.1]	Limosilactobacillus	#D55E00
GCF_964063315.1	Leuconostoc carnosum [GCF_964063315.1]	Leuconostoc	#56B4E9
GCF_965136965.1	Lactiplantibacillus plajomi CIP110952T [GCF_965136965.1]	Lactiplantibacillus	#E69F00
GCF_965286035.1	Leuconostoc pseudomesenteroides HF-IBB-469 [GCF_965286035.1]	Leuconostoc	#56B4E9
GCF_965286295.1	Lactiplantibacillus argentoratensis UH016_15 [GCF_965286295.1]	Lactiplantibacillus	#E69F00
GCF_965286585.1	Limosilactobacillus fermentum HF-IBB-205 [GCF_965286585.1]	Limosilactobacillus	#D55E00
GCF_982267005.1	Leuconostoc lactis [GCF_982267005.1]	Leuconostoc	#56B4E9
