panel	panel_role	operational_group	accession_count	named_species_count	historical_anchor_accessions	complete_genome	chromosome	scaffold	strict_numeric95_5_100_pass	missing_contamination	completeness_min	completeness_max	contamination_min	contamination_max	contigs_min	contigs_max	distinct_biosamples	missing_biosample_labels	duplicate_exact_biosample_labels	missing_assembly_strain_labels	nonempty_exact_species_strain_labels	duplicate_exact_species_strain_labels	annotated_refseq_records	reference_genomes	refseq_category_not_reported	genetic_redundancy	accessions	species_tax_ids
selected177	Historical selected design; alternative	Lactococcus	18	8	1	15	0	3	18	0	96.16	99.92	0.28	2.82	1	85	18	0	0	0	18	0	18	5	13	UNKNOWN_NO_SEQUENCE_ANI_ANALYSIS	"[""GCF_000269925.1"",""GCF_000269945.1"",""GCF_000468955.1"",""GCF_003176835.1"",""GCF_016919665.1"",""GCF_017068355.1"",""GCF_023169905.1"",""GCF_023499275.1"",""GCF_037891785.1"",""GCF_037892375.1"",""GCF_039645515.1"",""GCF_039645575.1"",""GCF_041225485.1"",""GCF_041225605.1"",""GCF_045760565.1"",""GCF_055180435.1"",""GCF_060305805.1"",""GCF_060307215.1""]"	[1358,1359,1363,1151742,1281486,1940789,2941329,2941330]
selected177	Historical selected design; alternative	Streptococcus_thermophilus	18	1	0	18	0	0	18	0	95.97	98.75	0.37	2.85	1	2	18	0	0	6	12	0	18	1	17	UNKNOWN_NO_SEQUENCE_ANI_ANALYSIS	"[""GCF_009856565.1"",""GCF_020844005.1"",""GCF_024334065.1"",""GCF_038049945.1"",""GCF_041509385.1"",""GCF_041514285.1"",""GCF_041514295.1"",""GCF_041893975.1"",""GCF_052569745.1"",""GCF_052570115.1"",""GCF_052571685.1"",""GCF_056269605.1"",""GCF_057786735.1"",""GCF_903885985.1"",""GCF_903886345.1"",""GCF_903886475.1"",""GCF_903891025.1"",""GCF_903891205.1""]"	[1308]
selected177	Historical selected design; alternative	Lactiplantibacillus	18	10	0	14	0	4	18	0	98.49	99.35	0.74	2.15	1	81	18	0	0	0	18	0	18	10	8	UNKNOWN_NO_SEQUENCE_ANI_ANALYSIS	"[""GCF_002970915.1"",""GCF_002970935.1"",""GCF_003641185.1"",""GCF_005405405.1"",""GCF_009913655.1"",""GCF_026222675.1"",""GCF_029025825.1"",""GCF_029854335.1"",""GCF_036246165.1"",""GCF_036246185.1"",""GCF_037290055.1"",""GCF_045862825.1"",""GCF_050407965.1"",""GCF_050847345.1"",""GCF_051098045.1"",""GCF_963243495.1"",""GCF_965136965.1"",""GCF_965286295.1""]"	[1589,1590,60520,271881,942150,1457217,2099788,2099789,3069269,3076224]
selected177	Historical selected design; alternative	Lacticaseibacillus	18	18	0	8	2	8	18	0	98.03	99.35	0.11	2.09	1	99	18	0	0	0	18	0	18	17	1	UNKNOWN_NO_SEQUENCE_ANI_ANALYSIS	"[""GCF_000155515.2"",""GCF_001434705.1"",""GCF_001436135.1"",""GCF_009184845.1"",""GCF_013407595.1"",""GCF_025490915.1"",""GCF_028736235.1"",""GCF_029726355.1"",""GCF_030480545.1"",""GCF_030770265.1"",""GCF_030770295.1"",""GCF_030770335.1"",""GCF_036246225.1"",""GCF_042847315.1"",""GCF_054452875.2"",""GCF_054784775.1"",""GCF_054785075.1"",""GCF_900636965.1""]"	[1597,47715,57037,88233,171523,381741,931533,944671,2729623,2970927,3025672,3035291,3068305,3068306,3081441,3231926,3373076,3455901]
selected177	Historical selected design; alternative	Limosilactobacillus	18	18	0	9	0	9	18	0	97.32	99.78	0.08	3.19	1	83	18	0	0	1	17	0	18	11	7	UNKNOWN_NO_SEQUENCE_ANI_ANALYSIS	"[""GCF_000160835.1"",""GCF_001434365.1"",""GCF_001435245.1"",""GCF_001437055.1"",""GCF_014145545.1"",""GCF_014145555.1"",""GCF_014145615.1"",""GCF_019797825.1"",""GCF_020784695.1"",""GCF_025311495.1"",""GCF_028607025.1"",""GCF_033570435.1"",""GCF_039955095.1"",""GCF_054331775.1"",""GCF_056676095.1"",""GCF_900240275.1"",""GCF_963281025.1"",""GCF_965286585.1""]"	[1598,1613,1632,1633,47493,97478,148604,227942,227943,396268,417373,1970790,2742601,2759747,2759748,2759752,3142938,3695464]
selected177	Historical selected design; alternative	Lactobacillus_sensu_stricto	18	18	0	18	0	0	18	0	97.74	99.61	0.12	1.51	1	3	18	0	0	0	18	0	18	18	0	UNKNOWN_NO_SEQUENCE_ANI_ANALYSIS	"[""GCF_000014425.1"",""GCF_001888925.1"",""GCF_003150935.1"",""GCF_003151025.1"",""GCF_003173695.1"",""GCF_003584685.1"",""GCF_003999355.1"",""GCF_008831485.1"",""GCF_011058775.1"",""GCF_014656585.1"",""GCF_016647595.1"",""GCF_017894345.1"",""GCF_019469265.1"",""GCF_024397795.1"",""GCF_042997415.1"",""GCF_046109915.1"",""GCF_055502585.1"",""GCF_947539375.1""]"	[1584,1587,1596,1600,83683,147802,151781,227945,237446,267818,303541,508451,1218493,1218494,2012495,2107999,2508708,2993455]
selected177	Historical selected design; alternative	Leuconostoc	18	14	2	15	0	3	18	0	97.28	99.91	0.03	1.83	1	33	18	0	0	3	15	0	18	10	8	UNKNOWN_NO_SEQUENCE_ANI_ANALYSIS	"[""GCF_000014445.1"",""GCF_000026405.1"",""GCF_000092505.1"",""GCF_000298875.1"",""GCF_001536305.1"",""GCF_001891125.1"",""GCF_001998805.1"",""GCF_004354645.1"",""GCF_007954605.1"",""GCF_007954785.1"",""GCF_008107645.1"",""GCF_016127255.1"",""GCF_045801155.1"",""GCF_058111805.1"",""GCF_900016205.1"",""GCF_964063315.1"",""GCF_965286035.1"",""GCF_982267005.1""]"	[1244,1245,1246,1251,1252,33964,33968,115778,136609,178001,255248,1511761,1981069,2766470]
selected177	Historical selected design; alternative	Pediococcus	18	3	1	16	0	2	18	0	95.65	99.76	0.36	4.84	1	46	18	0	0	0	18	0	18	3	15	UNKNOWN_NO_SEQUENCE_ANI_ANALYSIS	"[""GCF_000014505.1"",""GCF_000237995.1"",""GCF_001436905.1"",""GCF_001702215.1"",""GCF_001702235.1"",""GCF_001767275.1"",""GCF_002174215.1"",""GCF_009913995.1"",""GCF_009914015.1"",""GCF_009914035.1"",""GCF_010092385.1"",""GCF_016127815.1"",""GCF_019448175.1"",""GCF_021378055.1"",""GCF_028621815.1"",""GCF_034703025.1"",""GCF_055755075.1"",""GCF_059089415.1""]"	[1254,1255,187452]
selected177	Historical selected design; alternative	Oenococcus	15	2	1	7	2	6	15	0	96.56	99.02	0.07	3.95	1	51	15	0	0	0	15	0	15	2	13	UNKNOWN_NO_SEQUENCE_ANI_ANALYSIS	"[""GCF_000014385.1"",""GCF_000241055.1"",""GCF_001618285.1"",""GCF_001752505.1"",""GCF_001752515.1"",""GCF_001752545.1"",""GCF_003264795.1"",""GCF_004377635.1"",""GCF_013113695.1"",""GCF_020510245.1"",""GCF_023920145.1"",""GCF_032762665.1"",""GCF_033142085.1"",""GCF_900519455.1"",""GCF_900519475.1""]"	[1247,336988]
selected177	Historical selected design; alternative	Weissella	18	18	0	12	0	6	18	0	95.42	98.77	0.07	2.06	1	79	18	0	0	0	18	0	18	14	4	UNKNOWN_NO_SEQUENCE_ANI_ANALYSIS	"[""GCF_000691805.2"",""GCF_001437425.1"",""GCF_001438705.1"",""GCF_001761545.1"",""GCF_001932615.1"",""GCF_002950695.1"",""GCF_005405465.1"",""GCF_011304355.1"",""GCF_014397255.1"",""GCF_014789145.1"",""GCF_018394055.1"",""GCF_018502505.1"",""GCF_019576155.1"",""GCF_024718545.1"",""GCF_036327715.1"",""GCF_041281755.1"",""GCF_054073565.1"",""GCF_900094835.1""]"	[1249,1583,1616,1620,1629,89061,137591,155866,165096,759620,887702,1129792,1162633,1505725,1631871,2559928,2714949,2953879]
frozen150_exception_alternative	Historical frozen design; missing-metric exception would need HUMAN acceptance	Lactococcus	15	8	6	12	0	3	15	0	96.21	99.82	0.08	2.82	1	85	15	0	0	0	15	0	15	4	11	UNKNOWN_NO_SEQUENCE_ANI_ANALYSIS	"[""GCF_000009425.1"",""GCF_000014545.1"",""GCF_000025045.1"",""GCF_000269925.1"",""GCF_000269945.1"",""GCF_000468955.1"",""GCF_003722275.1"",""GCF_017068355.1"",""GCF_023499275.1"",""GCF_035985965.1"",""GCF_037892375.1"",""GCF_039645575.1"",""GCF_041225485.1"",""GCF_041225605.1"",""GCF_045760565.1""]"	[1358,1359,1363,1151742,1281486,1940789,2941329,2941330]
frozen150_exception_alternative	Historical frozen design; missing-metric exception would need HUMAN acceptance	Streptococcus_thermophilus	15	1	5	14	1	0	15	0	95.68	98.75	0.37	2.85	1	2	15	0	0	1	14	0	15	1	14	UNKNOWN_NO_SEQUENCE_ANI_ANALYSIS	"[""GCF_009856565.1"",""GCF_020844005.1"",""GCF_024334065.1"",""GCF_025739325.1"",""GCF_025948295.1"",""GCF_029866985.1"",""GCF_038049945.1"",""GCF_039783225.1"",""GCF_039783785.1"",""GCF_041509385.1"",""GCF_041514285.1"",""GCF_041514295.1"",""GCF_041893975.1"",""GCF_056269605.1"",""GCF_903886475.1""]"	[1308]
frozen150_exception_alternative	Historical frozen design; missing-metric exception would need HUMAN acceptance	Lactiplantibacillus	15	10	4	12	0	3	15	0	98.49	99.35	0.74	2.15	1	81	15	0	0	0	15	0	15	9	6	UNKNOWN_NO_SEQUENCE_ANI_ANALYSIS	"[""GCF_000023085.1"",""GCF_000148815.2"",""GCF_000203855.3"",""GCF_002970915.1"",""GCF_002970935.1"",""GCF_003641185.1"",""GCF_005405405.1"",""GCF_014131735.1"",""GCF_029025825.1"",""GCF_036246185.1"",""GCF_037290055.1"",""GCF_045862825.1"",""GCF_051098045.1"",""GCF_963243495.1"",""GCF_965136965.1""]"	[1589,1590,60520,271881,942150,1457217,2099788,2099789,3069269,3076224]
frozen150_exception_alternative	Historical frozen design; missing-metric exception would need HUMAN acceptance	Lacticaseibacillus	15	15	1	8	2	5	15	0	98.03	99.35	0.11	2.09	1	99	15	0	0	0	15	0	15	13	2	UNKNOWN_NO_SEQUENCE_ANI_ANALYSIS	"[""GCF_000011045.1"",""GCF_000155515.2"",""GCF_001434705.1"",""GCF_001436135.1"",""GCF_009184845.1"",""GCF_013407595.1"",""GCF_028736235.1"",""GCF_029726355.1"",""GCF_030480545.1"",""GCF_030770265.1"",""GCF_030770295.1"",""GCF_030770335.1"",""GCF_036246225.1"",""GCF_042847315.1"",""GCF_054452875.2""]"	[1597,47715,57037,88233,171523,381741,931533,944671,2729623,3025672,3035291,3068305,3068306,3081441,3231926]
frozen150_exception_alternative	Historical frozen design; missing-metric exception would need HUMAN acceptance	Limosilactobacillus	15	15	2	9	0	6	15	0	97.18	99.35	0.08	1.85	1	83	15	0	0	1	14	0	15	9	6	UNKNOWN_NO_SEQUENCE_ANI_ANALYSIS	"[""GCF_000010145.1"",""GCF_000016825.1"",""GCF_000160835.1"",""GCF_001435245.1"",""GCF_001437055.1"",""GCF_014145555.1"",""GCF_014145615.1"",""GCF_019797825.1"",""GCF_020784695.1"",""GCF_025311495.1"",""GCF_028607025.1"",""GCF_039955095.1"",""GCF_054331775.1"",""GCF_056676095.1"",""GCF_963281025.1""]"	[1598,1613,1632,1633,47493,97478,148604,227943,396268,417373,2742601,2759747,2759752,3142938,3695464]
frozen150_exception_alternative	Historical frozen design; missing-metric exception would need HUMAN acceptance	Lactobacillus_sensu_stricto	15	15	2	15	0	0	14	1	95.82	99.61	0.12	0.81	1	3	15	0	0	0	15	0	15	13	2	UNKNOWN_NO_SEQUENCE_ANI_ANALYSIS	"[""GCF_000014425.1"",""GCF_000015385.1"",""GCF_000056065.1"",""GCF_003173695.1"",""GCF_003584685.1"",""GCF_003999355.1"",""GCF_008831485.1"",""GCF_011058775.1"",""GCF_014656585.1"",""GCF_016647595.1"",""GCF_017894345.1"",""GCF_024397795.1"",""GCF_042997415.1"",""GCF_055502585.1"",""GCF_947539375.1""]"	[1584,1587,1596,1600,83683,147802,151781,227945,237446,267818,508451,1218494,2107999,2508708,2993455]
frozen150_exception_alternative	Historical frozen design; missing-metric exception would need HUMAN acceptance	Leuconostoc	15	14	3	12	0	3	15	0	97.28	99.91	0.03	3.29	1	33	15	0	0	2	13	0	15	9	6	UNKNOWN_NO_SEQUENCE_ANI_ANALYSIS	"[""GCF_000014445.1"",""GCF_000026405.1"",""GCF_000092505.1"",""GCF_000298875.1"",""GCF_001536305.1"",""GCF_001891125.1"",""GCF_001998805.1"",""GCF_004354645.1"",""GCF_007954605.1"",""GCF_008107645.1"",""GCF_016127255.1"",""GCF_045801155.1"",""GCF_047344935.1"",""GCF_900016205.1"",""GCF_964063315.1""]"	[1244,1245,1246,1251,1252,33964,33968,115778,136609,178001,255248,1511761,1981069,2766470]
frozen150_exception_alternative	Historical frozen design; missing-metric exception would need HUMAN acceptance	Pediococcus	15	3	1	13	0	2	15	0	95.65	99.76	0.36	4.84	1	46	15	0	0	0	15	0	15	3	12	UNKNOWN_NO_SEQUENCE_ANI_ANALYSIS	"[""GCF_000014505.1"",""GCF_000237995.1"",""GCF_001436905.1"",""GCF_001702215.1"",""GCF_001702235.1"",""GCF_001767275.1"",""GCF_009913995.1"",""GCF_009914015.1"",""GCF_009914035.1"",""GCF_010092385.1"",""GCF_016127815.1"",""GCF_019448175.1"",""GCF_021378055.1"",""GCF_034703025.1"",""GCF_055755075.1""]"	[1254,1255,187452]
frozen150_exception_alternative	Historical frozen design; missing-metric exception would need HUMAN acceptance	Oenococcus	15	2	1	7	2	6	15	0	96.56	99.02	0.07	3.95	1	51	15	0	0	0	15	0	15	2	13	UNKNOWN_NO_SEQUENCE_ANI_ANALYSIS	"[""GCF_000014385.1"",""GCF_000241055.1"",""GCF_001618285.1"",""GCF_001752505.1"",""GCF_001752515.1"",""GCF_001752545.1"",""GCF_003264795.1"",""GCF_004377635.1"",""GCF_013113695.1"",""GCF_020510245.1"",""GCF_023920145.1"",""GCF_032762665.1"",""GCF_033142085.1"",""GCF_900519455.1"",""GCF_900519475.1""]"	[1247,336988]
frozen150_exception_alternative	Historical frozen design; missing-metric exception would need HUMAN acceptance	Weissella	15	15	0	12	0	3	15	0	95.42	98.77	0.08	2.0	1	50	15	0	0	0	15	0	15	11	4	UNKNOWN_NO_SEQUENCE_ANI_ANALYSIS	"[""GCF_001437425.1"",""GCF_001761545.1"",""GCF_001932615.1"",""GCF_002950695.1"",""GCF_005405465.1"",""GCF_011304355.1"",""GCF_014397255.1"",""GCF_014789145.1"",""GCF_018394055.1"",""GCF_018502505.1"",""GCF_019576155.1"",""GCF_036327715.1"",""GCF_041281755.1"",""GCF_054073565.1"",""GCF_900094835.1""]"	[1249,1583,1620,1629,89061,137591,155866,165096,759620,887702,1162633,1505725,1631871,2559928,2714949]
strict_frozen149_alternative	Previous baseline-only proposal, superseded; labeled comparison alternative	Lactococcus	15	8	6	12	0	3	15	0	96.21	99.82	0.08	2.82	1	85	15	0	0	0	15	0	15	4	11	UNKNOWN_NO_SEQUENCE_ANI_ANALYSIS	"[""GCF_000009425.1"",""GCF_000014545.1"",""GCF_000025045.1"",""GCF_000269925.1"",""GCF_000269945.1"",""GCF_000468955.1"",""GCF_003722275.1"",""GCF_017068355.1"",""GCF_023499275.1"",""GCF_035985965.1"",""GCF_037892375.1"",""GCF_039645575.1"",""GCF_041225485.1"",""GCF_041225605.1"",""GCF_045760565.1""]"	[1358,1359,1363,1151742,1281486,1940789,2941329,2941330]
strict_frozen149_alternative	Previous baseline-only proposal, superseded; labeled comparison alternative	Streptococcus_thermophilus	15	1	5	14	1	0	15	0	95.68	98.75	0.37	2.85	1	2	15	0	0	1	14	0	15	1	14	UNKNOWN_NO_SEQUENCE_ANI_ANALYSIS	"[""GCF_009856565.1"",""GCF_020844005.1"",""GCF_024334065.1"",""GCF_025739325.1"",""GCF_025948295.1"",""GCF_029866985.1"",""GCF_038049945.1"",""GCF_039783225.1"",""GCF_039783785.1"",""GCF_041509385.1"",""GCF_041514285.1"",""GCF_041514295.1"",""GCF_041893975.1"",""GCF_056269605.1"",""GCF_903886475.1""]"	[1308]
strict_frozen149_alternative	Previous baseline-only proposal, superseded; labeled comparison alternative	Lactiplantibacillus	15	10	4	12	0	3	15	0	98.49	99.35	0.74	2.15	1	81	15	0	0	0	15	0	15	9	6	UNKNOWN_NO_SEQUENCE_ANI_ANALYSIS	"[""GCF_000023085.1"",""GCF_000148815.2"",""GCF_000203855.3"",""GCF_002970915.1"",""GCF_002970935.1"",""GCF_003641185.1"",""GCF_005405405.1"",""GCF_014131735.1"",""GCF_029025825.1"",""GCF_036246185.1"",""GCF_037290055.1"",""GCF_045862825.1"",""GCF_051098045.1"",""GCF_963243495.1"",""GCF_965136965.1""]"	[1589,1590,60520,271881,942150,1457217,2099788,2099789,3069269,3076224]
strict_frozen149_alternative	Previous baseline-only proposal, superseded; labeled comparison alternative	Lacticaseibacillus	15	15	1	8	2	5	15	0	98.03	99.35	0.11	2.09	1	99	15	0	0	0	15	0	15	13	2	UNKNOWN_NO_SEQUENCE_ANI_ANALYSIS	"[""GCF_000011045.1"",""GCF_000155515.2"",""GCF_001434705.1"",""GCF_001436135.1"",""GCF_009184845.1"",""GCF_013407595.1"",""GCF_028736235.1"",""GCF_029726355.1"",""GCF_030480545.1"",""GCF_030770265.1"",""GCF_030770295.1"",""GCF_030770335.1"",""GCF_036246225.1"",""GCF_042847315.1"",""GCF_054452875.2""]"	[1597,47715,57037,88233,171523,381741,931533,944671,2729623,3025672,3035291,3068305,3068306,3081441,3231926]
strict_frozen149_alternative	Previous baseline-only proposal, superseded; labeled comparison alternative	Limosilactobacillus	15	15	2	9	0	6	15	0	97.18	99.35	0.08	1.85	1	83	15	0	0	1	14	0	15	9	6	UNKNOWN_NO_SEQUENCE_ANI_ANALYSIS	"[""GCF_000010145.1"",""GCF_000016825.1"",""GCF_000160835.1"",""GCF_001435245.1"",""GCF_001437055.1"",""GCF_014145555.1"",""GCF_014145615.1"",""GCF_019797825.1"",""GCF_020784695.1"",""GCF_025311495.1"",""GCF_028607025.1"",""GCF_039955095.1"",""GCF_054331775.1"",""GCF_056676095.1"",""GCF_963281025.1""]"	[1598,1613,1632,1633,47493,97478,148604,227943,396268,417373,2742601,2759747,2759752,3142938,3695464]
strict_frozen149_alternative	Previous baseline-only proposal, superseded; labeled comparison alternative	Lactobacillus_sensu_stricto	14	14	1	14	0	0	14	0	95.82	99.61	0.12	0.81	1	3	14	0	0	0	14	0	14	13	1	UNKNOWN_NO_SEQUENCE_ANI_ANALYSIS	"[""GCF_000014425.1"",""GCF_000015385.1"",""GCF_003173695.1"",""GCF_003584685.1"",""GCF_003999355.1"",""GCF_008831485.1"",""GCF_011058775.1"",""GCF_014656585.1"",""GCF_016647595.1"",""GCF_017894345.1"",""GCF_024397795.1"",""GCF_042997415.1"",""GCF_055502585.1"",""GCF_947539375.1""]"	[1587,1596,1600,83683,147802,151781,227945,237446,267818,508451,1218494,2107999,2508708,2993455]
strict_frozen149_alternative	Previous baseline-only proposal, superseded; labeled comparison alternative	Leuconostoc	15	14	3	12	0	3	15	0	97.28	99.91	0.03	3.29	1	33	15	0	0	2	13	0	15	9	6	UNKNOWN_NO_SEQUENCE_ANI_ANALYSIS	"[""GCF_000014445.1"",""GCF_000026405.1"",""GCF_000092505.1"",""GCF_000298875.1"",""GCF_001536305.1"",""GCF_001891125.1"",""GCF_001998805.1"",""GCF_004354645.1"",""GCF_007954605.1"",""GCF_008107645.1"",""GCF_016127255.1"",""GCF_045801155.1"",""GCF_047344935.1"",""GCF_900016205.1"",""GCF_964063315.1""]"	[1244,1245,1246,1251,1252,33964,33968,115778,136609,178001,255248,1511761,1981069,2766470]
strict_frozen149_alternative	Previous baseline-only proposal, superseded; labeled comparison alternative	Pediococcus	15	3	1	13	0	2	15	0	95.65	99.76	0.36	4.84	1	46	15	0	0	0	15	0	15	3	12	UNKNOWN_NO_SEQUENCE_ANI_ANALYSIS	"[""GCF_000014505.1"",""GCF_000237995.1"",""GCF_001436905.1"",""GCF_001702215.1"",""GCF_001702235.1"",""GCF_001767275.1"",""GCF_009913995.1"",""GCF_009914015.1"",""GCF_009914035.1"",""GCF_010092385.1"",""GCF_016127815.1"",""GCF_019448175.1"",""GCF_021378055.1"",""GCF_034703025.1"",""GCF_055755075.1""]"	[1254,1255,187452]
strict_frozen149_alternative	Previous baseline-only proposal, superseded; labeled comparison alternative	Oenococcus	15	2	1	7	2	6	15	0	96.56	99.02	0.07	3.95	1	51	15	0	0	0	15	0	15	2	13	UNKNOWN_NO_SEQUENCE_ANI_ANALYSIS	"[""GCF_000014385.1"",""GCF_000241055.1"",""GCF_001618285.1"",""GCF_001752505.1"",""GCF_001752515.1"",""GCF_001752545.1"",""GCF_003264795.1"",""GCF_004377635.1"",""GCF_013113695.1"",""GCF_020510245.1"",""GCF_023920145.1"",""GCF_032762665.1"",""GCF_033142085.1"",""GCF_900519455.1"",""GCF_900519475.1""]"	[1247,336988]
strict_frozen149_alternative	Previous baseline-only proposal, superseded; labeled comparison alternative	Weissella	15	15	0	12	0	3	15	0	95.42	98.77	0.08	2.0	1	50	15	0	0	0	15	0	15	11	4	UNKNOWN_NO_SEQUENCE_ANI_ANALYSIS	"[""GCF_001437425.1"",""GCF_001761545.1"",""GCF_001932615.1"",""GCF_002950695.1"",""GCF_005405465.1"",""GCF_011304355.1"",""GCF_014397255.1"",""GCF_014789145.1"",""GCF_018394055.1"",""GCF_018502505.1"",""GCF_019576155.1"",""GCF_036327715.1"",""GCF_041281755.1"",""GCF_054073565.1"",""GCF_900094835.1""]"	[1249,1583,1620,1629,89061,137591,155866,165096,759620,887702,1162633,1505725,1631871,2559928,2714949]
proposed_union196_pending_human_approval	CURRENT EXPLICIT PROPOSAL; PENDING_HUMAN_APPROVAL	Lactococcus	23	8	6	20	0	3	23	0	96.16	99.92	0.08	2.82	1	85	23	0	0	0	23	0	23	5	18	UNKNOWN_NO_SEQUENCE_ANI_ANALYSIS	"[""GCF_000009425.1"",""GCF_000014545.1"",""GCF_000025045.1"",""GCF_000269925.1"",""GCF_000269945.1"",""GCF_000468955.1"",""GCF_003176835.1"",""GCF_003722275.1"",""GCF_016919665.1"",""GCF_017068355.1"",""GCF_023169905.1"",""GCF_023499275.1"",""GCF_035985965.1"",""GCF_037891785.1"",""GCF_037892375.1"",""GCF_039645515.1"",""GCF_039645575.1"",""GCF_041225485.1"",""GCF_041225605.1"",""GCF_045760565.1"",""GCF_055180435.1"",""GCF_060305805.1"",""GCF_060307215.1""]"	[1358,1359,1363,1151742,1281486,1940789,2941329,2941330]
proposed_union196_pending_human_approval	CURRENT EXPLICIT PROPOSAL; PENDING_HUMAN_APPROVAL	Streptococcus_thermophilus	23	1	5	22	1	0	23	0	95.68	98.75	0.37	2.85	1	2	23	0	0	6	17	0	23	1	22	UNKNOWN_NO_SEQUENCE_ANI_ANALYSIS	"[""GCF_009856565.1"",""GCF_020844005.1"",""GCF_024334065.1"",""GCF_025739325.1"",""GCF_025948295.1"",""GCF_029866985.1"",""GCF_038049945.1"",""GCF_039783225.1"",""GCF_039783785.1"",""GCF_041509385.1"",""GCF_041514285.1"",""GCF_041514295.1"",""GCF_041893975.1"",""GCF_052569745.1"",""GCF_052570115.1"",""GCF_052571685.1"",""GCF_056269605.1"",""GCF_057786735.1"",""GCF_903885985.1"",""GCF_903886345.1"",""GCF_903886475.1"",""GCF_903891025.1"",""GCF_903891205.1""]"	[1308]
proposed_union196_pending_human_approval	CURRENT EXPLICIT PROPOSAL; PENDING_HUMAN_APPROVAL	Lactiplantibacillus	22	10	4	18	0	4	22	0	98.49	99.35	0.74	2.15	1	81	22	0	0	0	22	0	22	10	12	UNKNOWN_NO_SEQUENCE_ANI_ANALYSIS	"[""GCF_000023085.1"",""GCF_000148815.2"",""GCF_000203855.3"",""GCF_002970915.1"",""GCF_002970935.1"",""GCF_003641185.1"",""GCF_005405405.1"",""GCF_009913655.1"",""GCF_014131735.1"",""GCF_026222675.1"",""GCF_029025825.1"",""GCF_029854335.1"",""GCF_036246165.1"",""GCF_036246185.1"",""GCF_037290055.1"",""GCF_045862825.1"",""GCF_050407965.1"",""GCF_050847345.1"",""GCF_051098045.1"",""GCF_963243495.1"",""GCF_965136965.1"",""GCF_965286295.1""]"	[1589,1590,60520,271881,942150,1457217,2099788,2099789,3069269,3076224]
proposed_union196_pending_human_approval	CURRENT EXPLICIT PROPOSAL; PENDING_HUMAN_APPROVAL	Lacticaseibacillus	19	18	1	9	2	8	19	0	98.03	99.35	0.11	2.09	1	99	19	0	0	0	19	0	19	17	2	UNKNOWN_NO_SEQUENCE_ANI_ANALYSIS	"[""GCF_000011045.1"",""GCF_000155515.2"",""GCF_001434705.1"",""GCF_001436135.1"",""GCF_009184845.1"",""GCF_013407595.1"",""GCF_025490915.1"",""GCF_028736235.1"",""GCF_029726355.1"",""GCF_030480545.1"",""GCF_030770265.1"",""GCF_030770295.1"",""GCF_030770335.1"",""GCF_036246225.1"",""GCF_042847315.1"",""GCF_054452875.2"",""GCF_054784775.1"",""GCF_054785075.1"",""GCF_900636965.1""]"	[1597,47715,57037,88233,171523,381741,931533,944671,2729623,2970927,3025672,3035291,3068305,3068306,3081441,3231926,3373076,3455901]
proposed_union196_pending_human_approval	CURRENT EXPLICIT PROPOSAL; PENDING_HUMAN_APPROVAL	Limosilactobacillus	20	18	2	11	0	9	20	0	97.18	99.78	0.08	3.19	1	83	20	0	0	1	19	0	20	11	9	UNKNOWN_NO_SEQUENCE_ANI_ANALYSIS	"[""GCF_000010145.1"",""GCF_000016825.1"",""GCF_000160835.1"",""GCF_001434365.1"",""GCF_001435245.1"",""GCF_001437055.1"",""GCF_014145545.1"",""GCF_014145555.1"",""GCF_014145615.1"",""GCF_019797825.1"",""GCF_020784695.1"",""GCF_025311495.1"",""GCF_028607025.1"",""GCF_033570435.1"",""GCF_039955095.1"",""GCF_054331775.1"",""GCF_056676095.1"",""GCF_900240275.1"",""GCF_963281025.1"",""GCF_965286585.1""]"	[1598,1613,1632,1633,47493,97478,148604,227942,227943,396268,417373,1970790,2742601,2759747,2759748,2759752,3142938,3695464]
proposed_union196_pending_human_approval	CURRENT EXPLICIT PROPOSAL; PENDING_HUMAN_APPROVAL	Lactobacillus_sensu_stricto	19	18	1	19	0	0	19	0	95.82	99.61	0.12	1.51	1	3	19	0	0	0	19	0	19	18	1	UNKNOWN_NO_SEQUENCE_ANI_ANALYSIS	"[""GCF_000014425.1"",""GCF_000015385.1"",""GCF_001888925.1"",""GCF_003150935.1"",""GCF_003151025.1"",""GCF_003173695.1"",""GCF_003584685.1"",""GCF_003999355.1"",""GCF_008831485.1"",""GCF_011058775.1"",""GCF_014656585.1"",""GCF_016647595.1"",""GCF_017894345.1"",""GCF_019469265.1"",""GCF_024397795.1"",""GCF_042997415.1"",""GCF_046109915.1"",""GCF_055502585.1"",""GCF_947539375.1""]"	[1584,1587,1596,1600,83683,147802,151781,227945,237446,267818,303541,508451,1218493,1218494,2012495,2107999,2508708,2993455]
proposed_union196_pending_human_approval	CURRENT EXPLICIT PROPOSAL; PENDING_HUMAN_APPROVAL	Leuconostoc	19	14	3	16	0	3	19	0	97.28	99.91	0.03	3.29	1	33	19	0	0	3	16	0	19	10	9	UNKNOWN_NO_SEQUENCE_ANI_ANALYSIS	"[""GCF_000014445.1"",""GCF_000026405.1"",""GCF_000092505.1"",""GCF_000298875.1"",""GCF_001536305.1"",""GCF_001891125.1"",""GCF_001998805.1"",""GCF_004354645.1"",""GCF_007954605.1"",""GCF_007954785.1"",""GCF_008107645.1"",""GCF_016127255.1"",""GCF_045801155.1"",""GCF_047344935.1"",""GCF_058111805.1"",""GCF_900016205.1"",""GCF_964063315.1"",""GCF_965286035.1"",""GCF_982267005.1""]"	[1244,1245,1246,1251,1252,33964,33968,115778,136609,178001,255248,1511761,1981069,2766470]
proposed_union196_pending_human_approval	CURRENT EXPLICIT PROPOSAL; PENDING_HUMAN_APPROVAL	Pediococcus	18	3	1	16	0	2	18	0	95.65	99.76	0.36	4.84	1	46	18	0	0	0	18	0	18	3	15	UNKNOWN_NO_SEQUENCE_ANI_ANALYSIS	"[""GCF_000014505.1"",""GCF_000237995.1"",""GCF_001436905.1"",""GCF_001702215.1"",""GCF_001702235.1"",""GCF_001767275.1"",""GCF_002174215.1"",""GCF_009913995.1"",""GCF_009914015.1"",""GCF_009914035.1"",""GCF_010092385.1"",""GCF_016127815.1"",""GCF_019448175.1"",""GCF_021378055.1"",""GCF_028621815.1"",""GCF_034703025.1"",""GCF_055755075.1"",""GCF_059089415.1""]"	[1254,1255,187452]
proposed_union196_pending_human_approval	CURRENT EXPLICIT PROPOSAL; PENDING_HUMAN_APPROVAL	Oenococcus	15	2	1	7	2	6	15	0	96.56	99.02	0.07	3.95	1	51	15	0	0	0	15	0	15	2	13	UNKNOWN_NO_SEQUENCE_ANI_ANALYSIS	"[""GCF_000014385.1"",""GCF_000241055.1"",""GCF_001618285.1"",""GCF_001752505.1"",""GCF_001752515.1"",""GCF_001752545.1"",""GCF_003264795.1"",""GCF_004377635.1"",""GCF_013113695.1"",""GCF_020510245.1"",""GCF_023920145.1"",""GCF_032762665.1"",""GCF_033142085.1"",""GCF_900519455.1"",""GCF_900519475.1""]"	[1247,336988]
proposed_union196_pending_human_approval	CURRENT EXPLICIT PROPOSAL; PENDING_HUMAN_APPROVAL	Weissella	18	18	0	12	0	6	18	0	95.42	98.77	0.07	2.06	1	79	18	0	0	0	18	0	18	14	4	UNKNOWN_NO_SEQUENCE_ANI_ANALYSIS	"[""GCF_000691805.2"",""GCF_001437425.1"",""GCF_001438705.1"",""GCF_001761545.1"",""GCF_001932615.1"",""GCF_002950695.1"",""GCF_005405465.1"",""GCF_011304355.1"",""GCF_014397255.1"",""GCF_014789145.1"",""GCF_018394055.1"",""GCF_018502505.1"",""GCF_019576155.1"",""GCF_024718545.1"",""GCF_036327715.1"",""GCF_041281755.1"",""GCF_054073565.1"",""GCF_900094835.1""]"	[1249,1583,1616,1620,1629,89061,137591,155866,165096,759620,887702,1129792,1162633,1505725,1631871,2559928,2714949,2953879]
union197_exception_alternative	Inclusive alternative requiring missing-metric exception	Lactococcus	23	8	6	20	0	3	23	0	96.16	99.92	0.08	2.82	1	85	23	0	0	0	23	0	23	5	18	UNKNOWN_NO_SEQUENCE_ANI_ANALYSIS	"[""GCF_000009425.1"",""GCF_000014545.1"",""GCF_000025045.1"",""GCF_000269925.1"",""GCF_000269945.1"",""GCF_000468955.1"",""GCF_003176835.1"",""GCF_003722275.1"",""GCF_016919665.1"",""GCF_017068355.1"",""GCF_023169905.1"",""GCF_023499275.1"",""GCF_035985965.1"",""GCF_037891785.1"",""GCF_037892375.1"",""GCF_039645515.1"",""GCF_039645575.1"",""GCF_041225485.1"",""GCF_041225605.1"",""GCF_045760565.1"",""GCF_055180435.1"",""GCF_060305805.1"",""GCF_060307215.1""]"	[1358,1359,1363,1151742,1281486,1940789,2941329,2941330]
union197_exception_alternative	Inclusive alternative requiring missing-metric exception	Streptococcus_thermophilus	23	1	5	22	1	0	23	0	95.68	98.75	0.37	2.85	1	2	23	0	0	6	17	0	23	1	22	UNKNOWN_NO_SEQUENCE_ANI_ANALYSIS	"[""GCF_009856565.1"",""GCF_020844005.1"",""GCF_024334065.1"",""GCF_025739325.1"",""GCF_025948295.1"",""GCF_029866985.1"",""GCF_038049945.1"",""GCF_039783225.1"",""GCF_039783785.1"",""GCF_041509385.1"",""GCF_041514285.1"",""GCF_041514295.1"",""GCF_041893975.1"",""GCF_052569745.1"",""GCF_052570115.1"",""GCF_052571685.1"",""GCF_056269605.1"",""GCF_057786735.1"",""GCF_903885985.1"",""GCF_903886345.1"",""GCF_903886475.1"",""GCF_903891025.1"",""GCF_903891205.1""]"	[1308]
union197_exception_alternative	Inclusive alternative requiring missing-metric exception	Lactiplantibacillus	22	10	4	18	0	4	22	0	98.49	99.35	0.74	2.15	1	81	22	0	0	0	22	0	22	10	12	UNKNOWN_NO_SEQUENCE_ANI_ANALYSIS	"[""GCF_000023085.1"",""GCF_000148815.2"",""GCF_000203855.3"",""GCF_002970915.1"",""GCF_002970935.1"",""GCF_003641185.1"",""GCF_005405405.1"",""GCF_009913655.1"",""GCF_014131735.1"",""GCF_026222675.1"",""GCF_029025825.1"",""GCF_029854335.1"",""GCF_036246165.1"",""GCF_036246185.1"",""GCF_037290055.1"",""GCF_045862825.1"",""GCF_050407965.1"",""GCF_050847345.1"",""GCF_051098045.1"",""GCF_963243495.1"",""GCF_965136965.1"",""GCF_965286295.1""]"	[1589,1590,60520,271881,942150,1457217,2099788,2099789,3069269,3076224]
union197_exception_alternative	Inclusive alternative requiring missing-metric exception	Lacticaseibacillus	19	18	1	9	2	8	19	0	98.03	99.35	0.11	2.09	1	99	19	0	0	0	19	0	19	17	2	UNKNOWN_NO_SEQUENCE_ANI_ANALYSIS	"[""GCF_000011045.1"",""GCF_000155515.2"",""GCF_001434705.1"",""GCF_001436135.1"",""GCF_009184845.1"",""GCF_013407595.1"",""GCF_025490915.1"",""GCF_028736235.1"",""GCF_029726355.1"",""GCF_030480545.1"",""GCF_030770265.1"",""GCF_030770295.1"",""GCF_030770335.1"",""GCF_036246225.1"",""GCF_042847315.1"",""GCF_054452875.2"",""GCF_054784775.1"",""GCF_054785075.1"",""GCF_900636965.1""]"	[1597,47715,57037,88233,171523,381741,931533,944671,2729623,2970927,3025672,3035291,3068305,3068306,3081441,3231926,3373076,3455901]
union197_exception_alternative	Inclusive alternative requiring missing-metric exception	Limosilactobacillus	20	18	2	11	0	9	20	0	97.18	99.78	0.08	3.19	1	83	20	0	0	1	19	0	20	11	9	UNKNOWN_NO_SEQUENCE_ANI_ANALYSIS	"[""GCF_000010145.1"",""GCF_000016825.1"",""GCF_000160835.1"",""GCF_001434365.1"",""GCF_001435245.1"",""GCF_001437055.1"",""GCF_014145545.1"",""GCF_014145555.1"",""GCF_014145615.1"",""GCF_019797825.1"",""GCF_020784695.1"",""GCF_025311495.1"",""GCF_028607025.1"",""GCF_033570435.1"",""GCF_039955095.1"",""GCF_054331775.1"",""GCF_056676095.1"",""GCF_900240275.1"",""GCF_963281025.1"",""GCF_965286585.1""]"	[1598,1613,1632,1633,47493,97478,148604,227942,227943,396268,417373,1970790,2742601,2759747,2759748,2759752,3142938,3695464]
union197_exception_alternative	Inclusive alternative requiring missing-metric exception	Lactobacillus_sensu_stricto	20	18	2	20	0	0	19	1	95.82	99.61	0.12	1.51	1	3	20	0	0	0	20	0	20	18	2	UNKNOWN_NO_SEQUENCE_ANI_ANALYSIS	"[""GCF_000014425.1"",""GCF_000015385.1"",""GCF_000056065.1"",""GCF_001888925.1"",""GCF_003150935.1"",""GCF_003151025.1"",""GCF_003173695.1"",""GCF_003584685.1"",""GCF_003999355.1"",""GCF_008831485.1"",""GCF_011058775.1"",""GCF_014656585.1"",""GCF_016647595.1"",""GCF_017894345.1"",""GCF_019469265.1"",""GCF_024397795.1"",""GCF_042997415.1"",""GCF_046109915.1"",""GCF_055502585.1"",""GCF_947539375.1""]"	[1584,1587,1596,1600,83683,147802,151781,227945,237446,267818,303541,508451,1218493,1218494,2012495,2107999,2508708,2993455]
union197_exception_alternative	Inclusive alternative requiring missing-metric exception	Leuconostoc	19	14	3	16	0	3	19	0	97.28	99.91	0.03	3.29	1	33	19	0	0	3	16	0	19	10	9	UNKNOWN_NO_SEQUENCE_ANI_ANALYSIS	"[""GCF_000014445.1"",""GCF_000026405.1"",""GCF_000092505.1"",""GCF_000298875.1"",""GCF_001536305.1"",""GCF_001891125.1"",""GCF_001998805.1"",""GCF_004354645.1"",""GCF_007954605.1"",""GCF_007954785.1"",""GCF_008107645.1"",""GCF_016127255.1"",""GCF_045801155.1"",""GCF_047344935.1"",""GCF_058111805.1"",""GCF_900016205.1"",""GCF_964063315.1"",""GCF_965286035.1"",""GCF_982267005.1""]"	[1244,1245,1246,1251,1252,33964,33968,115778,136609,178001,255248,1511761,1981069,2766470]
union197_exception_alternative	Inclusive alternative requiring missing-metric exception	Pediococcus	18	3	1	16	0	2	18	0	95.65	99.76	0.36	4.84	1	46	18	0	0	0	18	0	18	3	15	UNKNOWN_NO_SEQUENCE_ANI_ANALYSIS	"[""GCF_000014505.1"",""GCF_000237995.1"",""GCF_001436905.1"",""GCF_001702215.1"",""GCF_001702235.1"",""GCF_001767275.1"",""GCF_002174215.1"",""GCF_009913995.1"",""GCF_009914015.1"",""GCF_009914035.1"",""GCF_010092385.1"",""GCF_016127815.1"",""GCF_019448175.1"",""GCF_021378055.1"",""GCF_028621815.1"",""GCF_034703025.1"",""GCF_055755075.1"",""GCF_059089415.1""]"	[1254,1255,187452]
union197_exception_alternative	Inclusive alternative requiring missing-metric exception	Oenococcus	15	2	1	7	2	6	15	0	96.56	99.02	0.07	3.95	1	51	15	0	0	0	15	0	15	2	13	UNKNOWN_NO_SEQUENCE_ANI_ANALYSIS	"[""GCF_000014385.1"",""GCF_000241055.1"",""GCF_001618285.1"",""GCF_001752505.1"",""GCF_001752515.1"",""GCF_001752545.1"",""GCF_003264795.1"",""GCF_004377635.1"",""GCF_013113695.1"",""GCF_020510245.1"",""GCF_023920145.1"",""GCF_032762665.1"",""GCF_033142085.1"",""GCF_900519455.1"",""GCF_900519475.1""]"	[1247,336988]
union197_exception_alternative	Inclusive alternative requiring missing-metric exception	Weissella	18	18	0	12	0	6	18	0	95.42	98.77	0.07	2.06	1	79	18	0	0	0	18	0	18	14	4	UNKNOWN_NO_SEQUENCE_ANI_ANALYSIS	"[""GCF_000691805.2"",""GCF_001437425.1"",""GCF_001438705.1"",""GCF_001761545.1"",""GCF_001932615.1"",""GCF_002950695.1"",""GCF_005405465.1"",""GCF_011304355.1"",""GCF_014397255.1"",""GCF_014789145.1"",""GCF_018394055.1"",""GCF_018502505.1"",""GCF_019576155.1"",""GCF_024718545.1"",""GCF_036327715.1"",""GCF_041281755.1"",""GCF_054073565.1"",""GCF_900094835.1""]"	[1249,1583,1616,1620,1629,89061,137591,155866,165096,759620,887702,1129792,1162633,1505725,1631871,2559928,2714949,2953879]
sensitivity162_alternative	Smaller species-coverage sensitivity, not current proposal	Lactococcus	15	8	6	12	0	3	15	0	96.21	99.82	0.08	2.82	1	85	15	0	0	0	15	0	15	4	11	UNKNOWN_NO_SEQUENCE_ANI_ANALYSIS	"[""GCF_000009425.1"",""GCF_000014545.1"",""GCF_000025045.1"",""GCF_000269925.1"",""GCF_000269945.1"",""GCF_000468955.1"",""GCF_003722275.1"",""GCF_017068355.1"",""GCF_023499275.1"",""GCF_035985965.1"",""GCF_037892375.1"",""GCF_039645575.1"",""GCF_041225485.1"",""GCF_041225605.1"",""GCF_045760565.1""]"	[1358,1359,1363,1151742,1281486,1940789,2941329,2941330]
sensitivity162_alternative	Smaller species-coverage sensitivity, not current proposal	Streptococcus_thermophilus	15	1	5	14	1	0	15	0	95.68	98.75	0.37	2.85	1	2	15	0	0	1	14	0	15	1	14	UNKNOWN_NO_SEQUENCE_ANI_ANALYSIS	"[""GCF_009856565.1"",""GCF_020844005.1"",""GCF_024334065.1"",""GCF_025739325.1"",""GCF_025948295.1"",""GCF_029866985.1"",""GCF_038049945.1"",""GCF_039783225.1"",""GCF_039783785.1"",""GCF_041509385.1"",""GCF_041514285.1"",""GCF_041514295.1"",""GCF_041893975.1"",""GCF_056269605.1"",""GCF_903886475.1""]"	[1308]
sensitivity162_alternative	Smaller species-coverage sensitivity, not current proposal	Lactiplantibacillus	15	10	4	12	0	3	15	0	98.49	99.35	0.74	2.15	1	81	15	0	0	0	15	0	15	9	6	UNKNOWN_NO_SEQUENCE_ANI_ANALYSIS	"[""GCF_000023085.1"",""GCF_000148815.2"",""GCF_000203855.3"",""GCF_002970915.1"",""GCF_002970935.1"",""GCF_003641185.1"",""GCF_005405405.1"",""GCF_014131735.1"",""GCF_029025825.1"",""GCF_036246185.1"",""GCF_037290055.1"",""GCF_045862825.1"",""GCF_051098045.1"",""GCF_963243495.1"",""GCF_965136965.1""]"	[1589,1590,60520,271881,942150,1457217,2099788,2099789,3069269,3076224]
sensitivity162_alternative	Smaller species-coverage sensitivity, not current proposal	Lacticaseibacillus	18	18	1	8	2	8	18	0	98.03	99.35	0.11	2.09	1	99	18	0	0	0	18	0	18	16	2	UNKNOWN_NO_SEQUENCE_ANI_ANALYSIS	"[""GCF_000011045.1"",""GCF_000155515.2"",""GCF_001434705.1"",""GCF_001436135.1"",""GCF_009184845.1"",""GCF_013407595.1"",""GCF_025490915.1"",""GCF_028736235.1"",""GCF_029726355.1"",""GCF_030480545.1"",""GCF_030770265.1"",""GCF_030770295.1"",""GCF_030770335.1"",""GCF_036246225.1"",""GCF_042847315.1"",""GCF_054452875.2"",""GCF_054784775.1"",""GCF_054785075.1""]"	[1597,47715,57037,88233,171523,381741,931533,944671,2729623,2970927,3025672,3035291,3068305,3068306,3081441,3231926,3373076,3455901]
sensitivity162_alternative	Smaller species-coverage sensitivity, not current proposal	Limosilactobacillus	18	18	2	9	0	9	18	0	97.18	99.78	0.08	1.85	1	83	18	0	0	1	17	0	18	11	7	UNKNOWN_NO_SEQUENCE_ANI_ANALYSIS	"[""GCF_000010145.1"",""GCF_000016825.1"",""GCF_000160835.1"",""GCF_001434365.1"",""GCF_001435245.1"",""GCF_001437055.1"",""GCF_014145545.1"",""GCF_014145555.1"",""GCF_014145615.1"",""GCF_019797825.1"",""GCF_020784695.1"",""GCF_025311495.1"",""GCF_028607025.1"",""GCF_039955095.1"",""GCF_054331775.1"",""GCF_056676095.1"",""GCF_900240275.1"",""GCF_963281025.1""]"	[1598,1613,1632,1633,47493,97478,148604,227942,227943,396268,417373,1970790,2742601,2759747,2759748,2759752,3142938,3695464]
sensitivity162_alternative	Smaller species-coverage sensitivity, not current proposal	Lactobacillus_sensu_stricto	18	18	1	18	0	0	18	0	95.82	99.61	0.12	1.51	1	3	18	0	0	0	18	0	18	17	1	UNKNOWN_NO_SEQUENCE_ANI_ANALYSIS	"[""GCF_000014425.1"",""GCF_000015385.1"",""GCF_001888925.1"",""GCF_003150935.1"",""GCF_003151025.1"",""GCF_003173695.1"",""GCF_003584685.1"",""GCF_003999355.1"",""GCF_008831485.1"",""GCF_011058775.1"",""GCF_014656585.1"",""GCF_016647595.1"",""GCF_017894345.1"",""GCF_019469265.1"",""GCF_024397795.1"",""GCF_042997415.1"",""GCF_055502585.1"",""GCF_947539375.1""]"	[1584,1587,1596,1600,83683,147802,151781,227945,237446,267818,303541,508451,1218493,1218494,2012495,2107999,2508708,2993455]
sensitivity162_alternative	Smaller species-coverage sensitivity, not current proposal	Leuconostoc	15	14	3	12	0	3	15	0	97.28	99.91	0.03	3.29	1	33	15	0	0	2	13	0	15	9	6	UNKNOWN_NO_SEQUENCE_ANI_ANALYSIS	"[""GCF_000014445.1"",""GCF_000026405.1"",""GCF_000092505.1"",""GCF_000298875.1"",""GCF_001536305.1"",""GCF_001891125.1"",""GCF_001998805.1"",""GCF_004354645.1"",""GCF_007954605.1"",""GCF_008107645.1"",""GCF_016127255.1"",""GCF_045801155.1"",""GCF_047344935.1"",""GCF_900016205.1"",""GCF_964063315.1""]"	[1244,1245,1246,1251,1252,33964,33968,115778,136609,178001,255248,1511761,1981069,2766470]
sensitivity162_alternative	Smaller species-coverage sensitivity, not current proposal	Pediococcus	15	3	1	13	0	2	15	0	95.65	99.76	0.36	4.84	1	46	15	0	0	0	15	0	15	3	12	UNKNOWN_NO_SEQUENCE_ANI_ANALYSIS	"[""GCF_000014505.1"",""GCF_000237995.1"",""GCF_001436905.1"",""GCF_001702215.1"",""GCF_001702235.1"",""GCF_001767275.1"",""GCF_009913995.1"",""GCF_009914015.1"",""GCF_009914035.1"",""GCF_010092385.1"",""GCF_016127815.1"",""GCF_019448175.1"",""GCF_021378055.1"",""GCF_034703025.1"",""GCF_055755075.1""]"	[1254,1255,187452]
sensitivity162_alternative	Smaller species-coverage sensitivity, not current proposal	Oenococcus	15	2	1	7	2	6	15	0	96.56	99.02	0.07	3.95	1	51	15	0	0	0	15	0	15	2	13	UNKNOWN_NO_SEQUENCE_ANI_ANALYSIS	"[""GCF_000014385.1"",""GCF_000241055.1"",""GCF_001618285.1"",""GCF_001752505.1"",""GCF_001752515.1"",""GCF_001752545.1"",""GCF_003264795.1"",""GCF_004377635.1"",""GCF_013113695.1"",""GCF_020510245.1"",""GCF_023920145.1"",""GCF_032762665.1"",""GCF_033142085.1"",""GCF_900519455.1"",""GCF_900519475.1""]"	[1247,336988]
sensitivity162_alternative	Smaller species-coverage sensitivity, not current proposal	Weissella	18	18	0	12	0	6	18	0	95.42	98.77	0.07	2.06	1	79	18	0	0	0	18	0	18	14	4	UNKNOWN_NO_SEQUENCE_ANI_ANALYSIS	"[""GCF_000691805.2"",""GCF_001437425.1"",""GCF_001438705.1"",""GCF_001761545.1"",""GCF_001932615.1"",""GCF_002950695.1"",""GCF_005405465.1"",""GCF_011304355.1"",""GCF_014397255.1"",""GCF_014789145.1"",""GCF_018394055.1"",""GCF_018502505.1"",""GCF_019576155.1"",""GCF_024718545.1"",""GCF_036327715.1"",""GCF_041281755.1"",""GCF_054073565.1"",""GCF_900094835.1""]"	[1249,1583,1616,1620,1629,89061,137591,155866,165096,759620,887702,1129792,1162633,1505725,1631871,2559928,2714949,2953879]
