component	version	evidence
Codex CLI session	0.162.0-alpha.2	work/g0/session_reproducibility.json
model	gpt-6.1-sol	work/g0/session_reproducibility.json
reasoning effort	ultra	work/g0/session_reproducibility.json
session ID	01a11a7e-d1a0-7222-b517-5d08748b462f	work/g0/session_reproducibility.json
NCBI Datasets API	v2	response_receipts.json exact endpoint URLs
NCBI E-utilities	version not returned	response_receipts.json efetch.fcgi taxonomy
NCBI Taxonomy retrieval window	2026-10-08T08:51:50.553815+00:00 through 2026-10-08T08:55:15.085599+00:00	Raw response receipts; no full taxdump release snapshot downloaded
Python	3.14.6	Prior live version check; resource inventory
requests	2.34.2	Existing installed dependency check
PowerShell	7.6.5	Prior live version check
