assembly_accession	display_label	operational_group	biosample_host_raw	biosample_isolation_source_raw	biosample_hostDisease_raw	report_accession	report_currentAccession	source_report_selected_record_line	source_report_relative_path	source_report_sha256
GCF_000009425.1	Lactococcus cremoris subsp. cremoris MG1363	Lactococcus				GCF_000009425.1	GCF_000009425.1	1	data/raw_ncbi/GCF_000009425.1/package/ncbi_dataset/data/assembly_data_report.jsonl	6b876869820d5bb0da3845fab4c70d9df804244f41dc099c9e9f14b2fa3a05d9
GCF_000010145.1	Limosilactobacillus fermentum IFO 3956	Limosilactobacillus				GCF_000010145.1	GCF_000010145.1	1	data/raw_ncbi/GCF_000010145.1/package/ncbi_dataset/data/assembly_data_report.jsonl	932569b8cd0abccf7047ecf66a1bff85dd47cc0b655226180cd4163e747282d1
GCF_000011045.1	Lacticaseibacillus rhamnosus GG ATCC 53103	Lacticaseibacillus				GCF_000011045.1	GCF_000011045.1	1	data/raw_ncbi/GCF_000011045.1/package/ncbi_dataset/data/assembly_data_report.jsonl	b027bbf8b13348812fb7a2754ed66ea715dc05b97a6e1ea48993fc60dda20ff7
GCF_000014385.1	Oenococcus oeni PSU-1	Oenococcus				GCF_000014385.1	GCF_000014385.1	1	data/raw_ncbi/GCF_000014385.1/package/ncbi_dataset/data/assembly_data_report.jsonl	52acebd034a48208db9f0a71b2760ae0dfb80cbb1789e15e0f186c109871cc53
GCF_000014425.1	Lactobacillus gasseri ATCC 33323 = JCM 1131	Lactobacillus_sensu_stricto				GCF_000014425.1	GCF_000014425.1	1	data/raw_ncbi/GCF_000014425.1/package/ncbi_dataset/data/assembly_data_report.jsonl	01246c7f4db137e1228626cda57001ebc82b3831e1ff7a636b6e44bff8bb8ac3
GCF_000014445.1	Leuconostoc mesenteroides subsp. mesenteroides ATCC 8293	Leuconostoc				GCF_000014445.1	GCF_000014445.1	1	data/raw_ncbi/GCF_000014445.1/package/ncbi_dataset/data/assembly_data_report.jsonl	dea50fcbe5cee86ecd6b3704b4c712a77555efaa5debf33eb8f5e1a5f5880e06
GCF_000014505.1	Pediococcus pentosaceus ATCC 25745	Pediococcus				GCF_000014505.1	GCF_000014505.1	1	data/raw_ncbi/GCF_000014505.1/package/ncbi_dataset/data/assembly_data_report.jsonl	595d2025e5dae138862a5708e5a1116e1fb619eea4aba4fa0ac48e4443edb54a
GCF_000014545.1	Lactococcus cremoris subsp. cremoris SK11	Lactococcus				GCF_000014545.1	GCF_000014545.1	1	data/raw_ncbi/GCF_000014545.1/package/ncbi_dataset/data/assembly_data_report.jsonl	6eaaa79f5bdc29d7dcd05963c68cef1a1bc34c87b8102f0be244f959cf2dd5d0
GCF_000015385.1	Lactobacillus helveticus DPC 4571	Lactobacillus_sensu_stricto				GCF_000015385.1	GCF_000015385.1	1	data/raw_ncbi/GCF_000015385.1/package/ncbi_dataset/data/assembly_data_report.jsonl	458c6851f198309620089db1e556cf270a4945499807972ae3d78af2572e300e
GCF_000016825.1	Limosilactobacillus reuteri subsp. reuteri JCM 1112 = DSM 20016	Limosilactobacillus				GCF_000016825.1	GCF_000016825.1	1	data/raw_ncbi/GCF_000016825.1/package/ncbi_dataset/data/assembly_data_report.jsonl	32ea419761aa75bc5b7ea4faf6489aa33f318a091112c12dc8dac6172a7d12af
GCF_000023085.1	Lactiplantibacillus plantarum JDM1	Lactiplantibacillus				GCF_000023085.1	GCF_000023085.1	1	data/raw_ncbi/GCF_000023085.1/package/ncbi_dataset/data/assembly_data_report.jsonl	8591fc00e9b2c70408661e4a9cba96ff61e9737ba13179c19b4c1c4cdfa175a7
GCF_000025045.1	Lactococcus lactis subsp. lactis KF147	Lactococcus	mung bean	sprouts		GCF_000025045.1	GCF_000025045.1	1	data/raw_ncbi/GCF_000025045.1/package/ncbi_dataset/data/assembly_data_report.jsonl	13e0c7883502419fc25d7ea398f53f9ee1c1c10c02fe97a3b17d9afdf65ffb0e
GCF_000026405.1	Leuconostoc citreum KM20	Leuconostoc				GCF_000026405.1	GCF_000026405.1	1	data/raw_ncbi/GCF_000026405.1/package/ncbi_dataset/data/assembly_data_report.jsonl	7e00eebc753e2210ede3f21c900f39ce7dba8afa7d970f6c4930646ce883c08a
GCF_000092505.1	Leuconostoc kimchii IMSNU 11154	Leuconostoc				GCF_000092505.1	GCF_000092505.1	1	data/raw_ncbi/GCF_000092505.1/package/ncbi_dataset/data/assembly_data_report.jsonl	1e2c12e0aefeab9dccc99cf2b4a61c7815e6b3fdad2401a26b20ea1c1632f66e
GCF_000148815.2	Lactiplantibacillus plantarum ST-III	Lactiplantibacillus				GCF_000148815.2	GCF_000148815.2	2	data/raw_ncbi/GCF_000148815.2/package/ncbi_dataset/data/assembly_data_report.jsonl	fe804bdeefc6a0bbcc800fae2075487eee772c2643f26175136f977de479be66
GCF_000155515.2	Lacticaseibacillus paracasei subsp. paracasei 8700:2 362.5013889	Lacticaseibacillus	Homo sapiens			GCF_000155515.2	GCF_000155515.2	2	data/raw_ncbi/GCF_000155515.2/package/ncbi_dataset/data/assembly_data_report.jsonl	3daf81fb2282b2e53f0b8a27cb5dbce3077de6915b15a9b5748c08e5b52ed4e6
GCF_000160835.1	Limosilactobacillus antri DSM 16041	Limosilactobacillus	Homo sapiens	missing		GCF_000160835.1	GCF_000160835.1	1	data/raw_ncbi/GCF_000160835.1/package/ncbi_dataset/data/assembly_data_report.jsonl	d5d49d241d848abcf22cc51d79f9048ced520407f7375c48087ccdb5d143def0
GCF_000203855.3	Lactiplantibacillus plantarum WCFS1	Lactiplantibacillus				GCF_000203855.3	GCF_000203855.3	3	data/raw_ncbi/GCF_000203855.3/package/ncbi_dataset/data/assembly_data_report.jsonl	04905a5a5ceb5fd265eb3d794288b692ac843f75a96563f38a6cf4871810d241
GCF_000237995.1	Pediococcus claussenii ATCC BAA-344	Pediococcus				GCF_000237995.1	GCF_000237995.1	1	data/raw_ncbi/GCF_000237995.1/package/ncbi_dataset/data/assembly_data_report.jsonl	ceb284182b8023a5ad011008b8272b19446be732c3dd628c89a6120012e26c32
GCF_000241055.1	Oenococcus kitaharae DSM 17330	Oenococcus				GCF_000241055.1	GCF_000241055.1	1	data/raw_ncbi/GCF_000241055.1/package/ncbi_dataset/data/assembly_data_report.jsonl	1fae5b704643232ab54f0635d83ad03295c9344fa0dada366ac323c0d0d8203f
GCF_000269925.1	Lactococcus garvieae ATCC 49156	Lactococcus				GCF_000269925.1	GCF_000269925.1	1	data/raw_ncbi/GCF_000269925.1/package/ncbi_dataset/data/assembly_data_report.jsonl	47ea4df918ab989f301797d532c5ff266c92566bc1a1671f1eb1931ca0dc33c3
GCF_000269945.1	Lactococcus garvieae Lg2	Lactococcus				GCF_000269945.1	GCF_000269945.1	1	data/raw_ncbi/GCF_000269945.1/package/ncbi_dataset/data/assembly_data_report.jsonl	211b7b3d83df5c288fee04ea83b362763dc107bc232e888c39056d69f647ded2
GCF_000298875.1	Leuconostoc gelidum JB7	Leuconostoc		kimchi, Korean traditional fermented food		GCF_000298875.1	GCF_000298875.1	1	data/raw_ncbi/GCF_000298875.1/package/ncbi_dataset/data/assembly_data_report.jsonl	4c301a428bf0370b8e473eba0cd345d1de496b38f7b9b49792fcc1b4448f092b
GCF_000468955.1	Lactococcus cremoris subsp. cremoris KW2	Lactococcus				GCF_000468955.1	GCF_000468955.1	1	data/raw_ncbi/GCF_000468955.1/package/ncbi_dataset/data/assembly_data_report.jsonl	24292e789693a2dd8ec15764d98aa05c8a438d93ab9dc251a8f1b21ec77b9fbb
GCF_000691805.2	Weissella oryzae SG25	Weissella				GCF_000691805.2	GCF_000691805.2	1	data/raw_ncbi/GCF_000691805.2/package/ncbi_dataset/data/assembly_data_report.jsonl	8d6aa101055eef32d0944a53ea8e8e6ea6b35991de015a4ba8e42dad68b66c8d
GCF_001434365.1	Limosilactobacillus gastricus DSM 16045	Limosilactobacillus	Homo sapiens	gastric biopsies, stomach mucosa		GCF_001434365.1	GCF_001434365.1	1	data/raw_ncbi/GCF_001434365.1/package/ncbi_dataset/data/assembly_data_report.jsonl	2e91441ea15aaf804327aef331b4d23024fdb891fbfb2d190e5551fb271387ac
GCF_001434705.1	Lacticaseibacillus nasuensis JCM 17158	Lacticaseibacillus		sudan grass Sorghum sudanense (piper) silage		GCF_001434705.1	GCF_001434705.1	1	data/raw_ncbi/GCF_001434705.1/package/ncbi_dataset/data/assembly_data_report.jsonl	aebc57e325e6a7213e30710d83ab626bb15ff009ea1c1526810df8f2b9e59853
GCF_001435245.1	Limosilactobacillus equigenerosi DSM 18793 = JCM 14505	Limosilactobacillus	horse	thoroughbred horses		GCF_001435245.1	GCF_001435245.1	1	data/raw_ncbi/GCF_001435245.1/package/ncbi_dataset/data/assembly_data_report.jsonl	b8598523c94bbe2ff94125ad4b8f97e7b33cbfa9225e99622642e2224519f101
GCF_001436135.1	Lacticaseibacillus thailandensis DSM 22698 = JCM 13996	Lacticaseibacillus		fermented tea leaves (miang)		GCF_001436135.1	GCF_001436135.1	1	data/raw_ncbi/GCF_001436135.1/package/ncbi_dataset/data/assembly_data_report.jsonl	57ddece3c77e0de5005711dee84b3f38ae3977f4222bca7d75d97b3997c39fba
GCF_001436905.1	Pediococcus claussenii DSM 14800	Pediococcus				GCF_001436905.1	GCF_001436905.1	1	data/raw_ncbi/GCF_001436905.1/package/ncbi_dataset/data/assembly_data_report.jsonl	ca4dab52c9a97fb2e32edb9fee7ba80a124f175f191ddedd6f4f31872d0d83a4
GCF_001437055.1	Limosilactobacillus secaliphilus DSM 17896	Limosilactobacillus		type II sourdough fermentation		GCF_001437055.1	GCF_001437055.1	1	data/raw_ncbi/GCF_001437055.1/package/ncbi_dataset/data/assembly_data_report.jsonl	5e79edbc9131bdbbf8c0eb3ba16c26c5bbb15786a24f31d11ee04ccc24a0086b
GCF_001437425.1	Weissella minor DSM 20014	Weissella		fermented sausages		GCF_001437425.1	GCF_001437425.1	1	data/raw_ncbi/GCF_001437425.1/package/ncbi_dataset/data/assembly_data_report.jsonl	36ffc13e26148a7a5fc2e4e12b57aaa02943147f6e208d48c688667bfe9ade3b
GCF_001438705.1	Weissella kandleri DSM 20593	Weissella		fermented sausages		GCF_001438705.1	GCF_001438705.1	1	data/raw_ncbi/GCF_001438705.1/package/ncbi_dataset/data/assembly_data_report.jsonl	904169c4b430f3e80b030fb253cc04fb872980ece598f1479109ccfc7b2a8197
GCF_001536305.1	Leuconostoc gasicomitatum KG16-1	Leuconostoc				GCF_001536305.1	GCF_001536305.1	1	data/raw_ncbi/GCF_001536305.1/package/ncbi_dataset/data/assembly_data_report.jsonl	32c4622c892e74b5ab25b1f1e9aae9aebe06290c83cf04c2e2e8e3f21ea34cf4
GCF_001618285.1	Oenococcus oeni DSPZS12	Oenococcus		Aglianico wines from Vulture zone		GCF_001618285.1	GCF_001618285.1	1	data/raw_ncbi/GCF_001618285.1/package/ncbi_dataset/data/assembly_data_report.jsonl	3a1b42d4f6d67433192d284e3cb22693bfe82a695653d0b113041ce278ee45ae
GCF_001702215.1	Pediococcus claussenii TMW 2.53	Pediococcus		brewery environment		GCF_001702215.1	GCF_001702215.1	1	data/raw_ncbi/GCF_001702215.1/package/ncbi_dataset/data/assembly_data_report.jsonl	6d2c0fccf50a5c7710a0ccfe7034ccd8858b4b75f5ac5581291b37405f5ac5d3
GCF_001702235.1	Pediococcus claussenii TMW 2.54	Pediococcus		brewery environment		GCF_001702235.1	GCF_001702235.1	1	data/raw_ncbi/GCF_001702235.1/package/ncbi_dataset/data/assembly_data_report.jsonl	10bf377e77a8aa384765a0d3fe41d0fc366a5b5f12a533a5d88ace89fae1c829
GCF_001752505.1	Oenococcus kitaharae NRIC_0650	Oenococcus		Composting distilled shochu residue		GCF_001752505.1	GCF_001752505.1	1	data/raw_ncbi/GCF_001752505.1/package/ncbi_dataset/data/assembly_data_report.jsonl	2beba3794effa9c830d07436a511ddf0827f82cfa3cf755ea47d662424140803
GCF_001752515.1	Oenococcus kitaharae NRIC_0649	Oenococcus		Composting distilled shochu residue		GCF_001752515.1	GCF_001752515.1	1	data/raw_ncbi/GCF_001752515.1/package/ncbi_dataset/data/assembly_data_report.jsonl	b3660e0466433822fa5760fd8791e4a1b87ceebd3c4c9c140a9bc8ddd960c614
GCF_001752545.1	Oenococcus kitaharae NRIC_0647	Oenococcus		Composting distilled shochu residue		GCF_001752545.1	GCF_001752545.1	1	data/raw_ncbi/GCF_001752545.1/package/ncbi_dataset/data/assembly_data_report.jsonl	664007a0d3db11a4857805bcec3a098507a322ed3f69517107504f0f40c1ed60
GCF_001761545.1	Weissella soli KACC 11848	Weissella		korean fermentation food kimchi		GCF_001761545.1	GCF_001761545.1	1	data/raw_ncbi/GCF_001761545.1/package/ncbi_dataset/data/assembly_data_report.jsonl	84e7795ded40ca807b9525bd170e2df6256ba298565770ecdb23306ee7503c96
GCF_001767275.1	Pediococcus acidilactici ZPA017	Pediococcus	pig			GCF_001767275.1	GCF_001767275.1	1	data/raw_ncbi/GCF_001767275.1/package/ncbi_dataset/data/assembly_data_report.jsonl	4634e91e7125d844d716da741d6f096e1e12d3f561e7cabcea6ab9a4f036b204
GCF_001888925.1	Lactobacillus delbrueckii subsp. jakobsenii ZN7a-9 = DSM 26046	Lactobacillus_sensu_stricto		environment		GCF_001888925.1	GCF_001888925.1	1	data/raw_ncbi/GCF_001888925.1/package/ncbi_dataset/data/assembly_data_report.jsonl	b8d0cc77a21b1867483311326788e67036d9498e0c75a7d368fc3239892bd12c
GCF_001891125.1	Leuconostoc suionicum DSM 20241	Leuconostoc		missing		GCF_001891125.1	GCF_001891125.1	1	data/raw_ncbi/GCF_001891125.1/package/ncbi_dataset/data/assembly_data_report.jsonl	29a7dbba80cc55b11c959c254068b58652d1d99b3570e0c5ebe023d7fff9f378
GCF_001932615.1	Weissella jogaejeotgali FOL01	Weissella		Jogaejeotgal, a Traditional Korean Fermented Seafood		GCF_001932615.1	GCF_001932615.1	1	data/raw_ncbi/GCF_001932615.1/package/ncbi_dataset/data/assembly_data_report.jsonl	432cedb46df47d75174ea53dd4b72e4bea50ef1116671e1a8d9427348271bed8
GCF_001998805.1	Leuconostoc garlicum KFRI01	Leuconostoc		kimchi		GCF_001998805.1	GCF_001998805.1	1	data/raw_ncbi/GCF_001998805.1/package/ncbi_dataset/data/assembly_data_report.jsonl	6d7978cee56e1e1b48447770fd5533cd3d943f69394cd847b98055fe5eddd324
GCF_002174215.1	Pediococcus acidilactici SRCM101189	Pediococcus		food		GCF_002174215.1	GCF_002174215.1	1	data/raw_ncbi/GCF_002174215.1/package/ncbi_dataset/data/assembly_data_report.jsonl	786f86a9d9d45537d477adba28fdeca2b9c30b356e8a6e405129b8d1d7440005
GCF_002950695.1	Weissella koreensis WiKim0080	Weissella		fermented cabbage		GCF_002950695.1	GCF_002950695.1	1	data/raw_ncbi/GCF_002950695.1/package/ncbi_dataset/data/assembly_data_report.jsonl	bc5ea4e7ef31d5ff33a9972165394b650544b5cf8c1a66bbccea49632e1e4156
GCF_002970915.1	Lactiplantibacillus koreensis CBA3605	Lactiplantibacillus		kimchi		GCF_002970915.1	GCF_002970915.1	1	data/raw_ncbi/GCF_002970915.1/package/ncbi_dataset/data/assembly_data_report.jsonl	41fbdf1628027231c8565756f010d9f1e36cdeb5c29cefa4595bf5f645d019af
GCF_002970935.1	Lactiplantibacillus kimchii CBA3606	Lactiplantibacillus				GCF_002970935.1	GCF_002970935.1	1	data/raw_ncbi/GCF_002970935.1/package/ncbi_dataset/data/assembly_data_report.jsonl	4a7727160ee6e2a70c267aa83a04e9f68320bd2b4581c3536e97171dddc9b8e1
GCF_003150935.1	Lactobacillus apis ESL0185	Lactobacillus_sensu_stricto	Apis mellifera			GCF_003150935.1	GCF_003150935.1	1	data/raw_ncbi/GCF_003150935.1/package/ncbi_dataset/data/assembly_data_report.jsonl	208be4ce9367a0f2c7ee04d51f833d39aedaf8211cd7b47f3d70129ef6e96ea1
GCF_003151025.1	Lactobacillus kullabergensis ESL0186	Lactobacillus_sensu_stricto	Apis mellifera			GCF_003151025.1	GCF_003151025.1	1	data/raw_ncbi/GCF_003151025.1/package/ncbi_dataset/data/assembly_data_report.jsonl	a3f30c6c1fc358a9fecf73ae51b7d1b4883cd15a90a081c92b25607197ae75df
GCF_003173695.1	Lactobacillus helsingborgensis ESL0183	Lactobacillus_sensu_stricto	Apis mellifera			GCF_003173695.1	GCF_003173695.1	1	data/raw_ncbi/GCF_003173695.1/package/ncbi_dataset/data/assembly_data_report.jsonl	af73ae227ecd0689397dcbb1a32a3d448fa0b0332721b609c74fbd4cdb0a9b95
GCF_003176835.1	Lactococcus lactis subsp. lactis 14B4	Lactococcus		almond drupe		GCF_003176835.1	GCF_003176835.1	1	data/raw_ncbi/GCF_003176835.1/package/ncbi_dataset/data/assembly_data_report.jsonl	17df9f54a0e507446e6e2a69bde20ec91d92e5e493cbb015c57dc798f8406b37
GCF_003264795.1	Oenococcus oeni 19	Oenococcus		Patagonian red wine		GCF_003264795.1	GCF_003264795.1	1	data/raw_ncbi/GCF_003264795.1/package/ncbi_dataset/data/assembly_data_report.jsonl	7717e43f3cb7a293badbdf77851815a61b30ddb6a8c8d6672222a686d800eb43
GCF_003584685.1	Lactobacillus paragasseri JCM 5343	Lactobacillus_sensu_stricto				GCF_003584685.1	GCF_003584685.1	1	data/raw_ncbi/GCF_003584685.1/package/ncbi_dataset/data/assembly_data_report.jsonl	d0c7eb836b8b55ed0112de92aeb4d773cb612996f8dd82d54d2f3d76eaa018ed
GCF_003641185.1	Lactiplantibacillus pentosus DSM 20314	Lactiplantibacillus		missing		GCF_003641185.1	GCF_003641185.1	1	data/raw_ncbi/GCF_003641185.1/package/ncbi_dataset/data/assembly_data_report.jsonl	f1ddb7758c995e5b2d2ff3bd9504db75945d87416c7e10a90d2e5cd2e3f03db2
GCF_003722275.1	Lactococcus lactis IL1403	Lactococcus	missing			GCF_003722275.1	GCF_003722275.1	1	data/raw_ncbi/GCF_003722275.1/package/ncbi_dataset/data/assembly_data_report.jsonl	f28eeecb525b23100b973d392e987c6d5449f7ae7a2ca2209ce727380d45af15
GCF_003999355.1	Lactobacillus amylolyticus L5	Lactobacillus_sensu_stricto		Naturally fermented tofu whey		GCF_003999355.1	GCF_003999355.1	1	data/raw_ncbi/GCF_003999355.1/package/ncbi_dataset/data/assembly_data_report.jsonl	ae0c542edb0b59618bba0257134b4592324f7256f6935312cad7c525b825d8db
GCF_004354645.1	Leuconostoc fallax ATCC 700006	Leuconostoc		missing		GCF_004354645.1	GCF_004354645.1	1	data/raw_ncbi/GCF_004354645.1/package/ncbi_dataset/data/assembly_data_report.jsonl	fbe372a49dbd813ea513f76ab9b358df1e983f4c1bcbd60afd6f0ab6ef29706a
GCF_004377635.1	Oenococcus oeni a1	Oenococcus	not applicable	lab culture		GCF_004377635.1	GCF_004377635.1	1	data/raw_ncbi/GCF_004377635.1/package/ncbi_dataset/data/assembly_data_report.jsonl	f94f425483303eb71aa8f154498c7d74c7def2767262ad9b32f77ea7311fbb83
GCF_005405405.1	Lactiplantibacillus plajomi NBRC 107333	Lactiplantibacillus				GCF_005405405.1	GCF_005405405.1	1	data/raw_ncbi/GCF_005405405.1/package/ncbi_dataset/data/assembly_data_report.jsonl	666b929495d6154c35f8d66ed085eb643faeb10132fddb098169672aec53ad17
GCF_005405465.1	Weissella thailandensis JCM 10695	Weissella				GCF_005405465.1	GCF_005405465.1	1	data/raw_ncbi/GCF_005405465.1/package/ncbi_dataset/data/assembly_data_report.jsonl	6139d4b582b4a6537b2d0b42138ca58437b0da11bc23ac1e0fb0b9b1ae5438e8
GCF_007954605.1	Leuconostoc lactis CBA3625	Leuconostoc		kimchi		GCF_007954605.1	GCF_007954605.1	1	data/raw_ncbi/GCF_007954605.1/package/ncbi_dataset/data/assembly_data_report.jsonl	44124eae91f7c980662c7974126c92dd9d6556ebe2bdfcc91ba3869aec7262c1
GCF_007954785.1	Leuconostoc citreum CBA3621	Leuconostoc		kimchi		GCF_007954785.1	GCF_007954785.1	1	data/raw_ncbi/GCF_007954785.1/package/ncbi_dataset/data/assembly_data_report.jsonl	050c8d526a0169021125cd695b5b589ca9847e6946436d14a461bad1665ded50
GCF_008107645.1	Leuconostoc litchii MB7	Leuconostoc		Lychee		GCF_008107645.1	GCF_008107645.1	1	data/raw_ncbi/GCF_008107645.1/package/ncbi_dataset/data/assembly_data_report.jsonl	ae61dd2d8d5a5c0405b114478e70807e90c7e2f568a450d76288e36067d043eb
GCF_008831485.1	Lactobacillus acetotolerans LA749	Lactobacillus_sensu_stricto		fermented vinegar broth		GCF_008831485.1	GCF_008831485.1	1	data/raw_ncbi/GCF_008831485.1/package/ncbi_dataset/data/assembly_data_report.jsonl	f13e921c3d485990425f91b826e5cd3a7e963a4d109f0f889d28f25d509fe17b
GCF_009184845.1	Lacticaseibacillus manihotivorans LM010	Lacticaseibacillus		cassava sour starch fermentation		GCF_009184845.1	GCF_009184845.1	1	data/raw_ncbi/GCF_009184845.1/package/ncbi_dataset/data/assembly_data_report.jsonl	44b9f69617045c21467fc28628161910463e4af5f54b61862b201648b12b10e4
GCF_009856565.1	Streptococcus thermophilus EU01	Streptococcus_thermophilus	Homo sapiens			GCF_009856565.1	GCF_009856565.1	1	data/raw_ncbi/GCF_009856565.1/package/ncbi_dataset/data/assembly_data_report.jsonl	2d6b8142a0556169bdeec017ace98601fc2ce5bef5ade6c3ff93f02e9af9ad85
GCF_009913655.1	Lactiplantibacillus plantarum SRCM100442	Lactiplantibacillus		infant faecal		GCF_009913655.1	GCF_009913655.1	1	data/raw_ncbi/GCF_009913655.1/package/ncbi_dataset/data/assembly_data_report.jsonl	c5fac6c86c0c8b1974450e5d5ce36036de1d3c963de1c0ebb358b2704cdcc272
GCF_009913995.1	Pediococcus pentosaceus SRCM102738	Pediococcus		Soybean paste (Chonggugjang)		GCF_009913995.1	GCF_009913995.1	1	data/raw_ncbi/GCF_009913995.1/package/ncbi_dataset/data/assembly_data_report.jsonl	1dedfb4c7addffea0865a7e24ef69c6edf12bccd665b431c30a0e9cb3aa595a9
GCF_009914015.1	Pediococcus pentosaceus SRCM102739	Pediococcus		Soybean paste (Chonggugjang)		GCF_009914015.1	GCF_009914015.1	1	data/raw_ncbi/GCF_009914015.1/package/ncbi_dataset/data/assembly_data_report.jsonl	4674f3412bf6740bb1a827300e72ceded2e0e23cb09fc81cc1edb434c60e1972
GCF_009914035.1	Pediococcus pentosaceus SRCM102740	Pediococcus		Soybean paste (Chonggugjang)		GCF_009914035.1	GCF_009914035.1	1	data/raw_ncbi/GCF_009914035.1/package/ncbi_dataset/data/assembly_data_report.jsonl	e3fce964f3b2157c9cd5529c8f8ac6d6437582c68faa5472893fd08909607d27
GCF_010092385.1	Pediococcus acidilactici CACC 537	Pediococcus	Canine	Canine feces		GCF_010092385.1	GCF_010092385.1	1	data/raw_ncbi/GCF_010092385.1/package/ncbi_dataset/data/assembly_data_report.jsonl	0504dcf7076a1d09d75a919e24c20fa6fa9d3d9d79b93c3899a43fe99d587b3a
GCF_011058775.1	Lactobacillus iners C0322A1	Lactobacillus_sensu_stricto	Homo sapiens	Mid-vagina		GCF_011058775.1	GCF_011058775.1	1	data/raw_ncbi/GCF_011058775.1/package/ncbi_dataset/data/assembly_data_report.jsonl	d032c534107389149f7b6c09607cdbaddaceb8ffa099a751c361f3c2937feea5
GCF_011304355.1	Weissella coleopterorum HDW19	Weissella	Cybister lewisianus			GCF_011304355.1	GCF_011304355.1	1	data/raw_ncbi/GCF_011304355.1/package/ncbi_dataset/data/assembly_data_report.jsonl	6f6b52b42dcb415da0a440138e0367ecfb9b034bf5dad5af4668c0a2c31e67c4
GCF_013113695.1	Oenococcus oeni OE37	Oenococcus		Chardonnay wine		GCF_013113695.1	GCF_013113695.1	1	data/raw_ncbi/GCF_013113695.1/package/ncbi_dataset/data/assembly_data_report.jsonl	0f19ebd1ea401f570a041af9c64888ae6d74fe42e278d961891f5f52db6420db
GCF_013407595.1	Lacticaseibacillus absianus YH-lac23	Lacticaseibacillus	mini-pig	cecum		GCF_013407595.1	GCF_013407595.1	1	data/raw_ncbi/GCF_013407595.1/package/ncbi_dataset/data/assembly_data_report.jsonl	0a5e482f6410747d64b8cc5d26c03ce610e525d568ffb2f3eb2ea0060602212f
GCF_014131735.1	Lactiplantibacillus plantarum DSM 20174	Lactiplantibacillus	pickled cabbage			GCF_014131735.1	GCF_014131735.1	1	data/raw_ncbi/GCF_014131735.1/package/ncbi_dataset/data/assembly_data_report.jsonl	93c7891183e5cc05755428d9728bfeced5e88ddf53827ad39c5aa925dfe3d42a
GCF_014145545.1	Limosilactobacillus agrestis BG-MG3-A	Limosilactobacillus	Myodes glareolus (bank vole)	jejunum		GCF_014145545.1	GCF_014145545.1	1	data/raw_ncbi/GCF_014145545.1/package/ncbi_dataset/data/assembly_data_report.jsonl	5c7220353bc65ed8ac774e4234e7c2fbaa7f6b724024081ea67905dba20b5c82
GCF_014145555.1	Limosilactobacillus albertensis Lr3000	Limosilactobacillus	Hamster	stomach		GCF_014145555.1	GCF_014145555.1	1	data/raw_ncbi/GCF_014145555.1/package/ncbi_dataset/data/assembly_data_report.jsonl	1f9ecf2415b343e40518236ea8deb75be017461bef62c1c29968f561474958e6
GCF_014145615.1	Limosilactobacillus balticus BG-AF3-A	Limosilactobacillus	Apodemus flavicollis (yellow-necked mouse)	jejunum		GCF_014145615.1	GCF_014145615.1	1	data/raw_ncbi/GCF_014145615.1/package/ncbi_dataset/data/assembly_data_report.jsonl	be68877ad87302c120391888c458414ed590d93b205f09823dcc9d8d3f1181cc
GCF_014397255.1	Weissella diestrammenae KACC 16890	Weissella	Diestrammena coreana (camel cricket)	gut		GCF_014397255.1	GCF_014397255.1	1	data/raw_ncbi/GCF_014397255.1/package/ncbi_dataset/data/assembly_data_report.jsonl	5f655a7fb9503977061b43548b47493c22829d425f6228365a8fe7c0a2d3adc6
GCF_014656585.1	Lactobacillus kefiranofaciens 1207	Lactobacillus_sensu_stricto		Kefir		GCF_014656585.1	GCF_014656585.1	1	data/raw_ncbi/GCF_014656585.1/package/ncbi_dataset/data/assembly_data_report.jsonl	8e900d3015cbcf47abdb03419caf26d48c224eef1d85fd578ad1abf3750c26ee
GCF_014789145.1	Weissella viridescens NJ100	Weissella		Low-temperature meat products		GCF_014789145.1	GCF_014789145.1	1	data/raw_ncbi/GCF_014789145.1/package/ncbi_dataset/data/assembly_data_report.jsonl	c20cecb179ae2980bf1fa1bfea62b4d6bcdb2187990f1fe5478b2990f341ad34
GCF_016127255.1	Leuconostoc pseudomesenteroides FDAARGOS_1003	Leuconostoc	missing	missing	missing	GCF_016127255.1	GCF_016127255.1	1	data/raw_ncbi/GCF_016127255.1/package/ncbi_dataset/data/assembly_data_report.jsonl	9765afa48da053c6cbdda7e977893bacb91067314b66c4466ccc6e920f8910c5
GCF_016127815.1	Pediococcus acidilactici FDAARGOS_1007	Pediococcus	missing	missing	missing	GCF_016127815.1	GCF_016127815.1	1	data/raw_ncbi/GCF_016127815.1/package/ncbi_dataset/data/assembly_data_report.jsonl	7fed5f48ec26ca57cb10a8d894de93819f1a009a46c4b8891d56bf72b27c8b4c
GCF_016647595.1	Lactobacillus ultunensis Kx293C1	Lactobacillus_sensu_stricto	Homo sapiens	gut mucosa		GCF_016647595.1	GCF_016647595.1	1	data/raw_ncbi/GCF_016647595.1/package/ncbi_dataset/data/assembly_data_report.jsonl	a104aa0b4ef93a0b9271f337e90cb6a553d5de07cb1a3de8fb268f88db571a89
GCF_016919665.1	Lactococcus taiwanensis K_LL001	Lactococcus	Grasshopper	feces		GCF_016919665.1	GCF_016919665.1	1	data/raw_ncbi/GCF_016919665.1/package/ncbi_dataset/data/assembly_data_report.jsonl	dc13b7f6a59627eff675ca55f2d331f12bfb66fa716483a513686d3c1c4ad455
GCF_017068355.1	Lactococcus taiwanensis K_LL004	Lactococcus	Grasshopper	feces		GCF_017068355.1	GCF_017068355.1	1	data/raw_ncbi/GCF_017068355.1/package/ncbi_dataset/data/assembly_data_report.jsonl	04d40c982eeb3a0f0af75653dcef0413f96a975fbb9a45d4debb6521744c491e
GCF_017894345.1	Lactobacillus taiwanensis CLG01	Lactobacillus_sensu_stricto	Mus musculus			GCF_017894345.1	GCF_017894345.1	1	data/raw_ncbi/GCF_017894345.1/package/ncbi_dataset/data/assembly_data_report.jsonl	4614152d13182ad05ccb2b04eb3b2fa61b9e98b7a330325f7abce50107c0647f
GCF_018394055.1	Weissella ceti CECT 7719	Weissella	Mesoplodon bidens			GCF_018394055.1	GCF_018394055.1	1	data/raw_ncbi/GCF_018394055.1/package/ncbi_dataset/data/assembly_data_report.jsonl	54c7ac0d53c75d67f7638eb656e62619c6978cfbf930b0cc8125d46807505e8c
GCF_018502505.1	Weissella tructae W-1	Weissella	Oncorhynchus mykiss			GCF_018502505.1	GCF_018502505.1	1	data/raw_ncbi/GCF_018502505.1/package/ncbi_dataset/data/assembly_data_report.jsonl	045eb2b326b16d286aafd5abd4bb1ebb2ef2223423580556d90e0f705d68c51b
GCF_019448175.1	Pediococcus acidilactici PMC202	Pediococcus		young radish kimchi		GCF_019448175.1	GCF_019448175.1	1	data/raw_ncbi/GCF_019448175.1/package/ncbi_dataset/data/assembly_data_report.jsonl	e3880360b4a7ddf8ed2e18e515f7b197f632c18c972cefcac4253e840118572e
GCF_019469265.1	Lactobacillus panisapium ESL0416	Lactobacillus_sensu_stricto	Apis cerana			GCF_019469265.1	GCF_019469265.1	1	data/raw_ncbi/GCF_019469265.1/package/ncbi_dataset/data/assembly_data_report.jsonl	2900c73b079f528e263ca825f7f41d227379220fcc4b17675dca13fe4e867f66
GCF_019576155.1	Weissella confusa LM1	Weissella	Locusta migratoria	gut		GCF_019576155.1	GCF_019576155.1	1	data/raw_ncbi/GCF_019576155.1/package/ncbi_dataset/data/assembly_data_report.jsonl	618f9c8bd286a8397eb2c5c15ae7341caee8b49c52ba402a233eae3dec4fcb94
GCF_019797825.1	Limosilactobacillus panis MT-01	Limosilactobacillus		Maotai Daqu		GCF_019797825.1	GCF_019797825.1	1	data/raw_ncbi/GCF_019797825.1/package/ncbi_dataset/data/assembly_data_report.jsonl	34c690e09e86c3793b46f86e04f1e1f67ee56a92b4c01fd6a55aaff9419b05b5
GCF_020510245.1	Oenococcus oeni AWRIB429	Oenococcus		Wine		GCF_020510245.1	GCF_020510245.1	1	data/raw_ncbi/GCF_020510245.1/package/ncbi_dataset/data/assembly_data_report.jsonl	63681cac80f932904f4ab8f24952bee994d3f7f3ee4ba9e5c10f5af2dc305bc6
GCF_020784695.1	Limosilactobacillus secundus LR77	Limosilactobacillus	Apodemus agrarius			GCF_020784695.1	GCF_020784695.1	1	data/raw_ncbi/GCF_020784695.1/package/ncbi_dataset/data/assembly_data_report.jsonl	5134ca9b50042123b1d7a66030ca3e2d4c8c6ab0de50f834974f137f0cffcc93
GCF_020844005.1	Streptococcus thermophilus 4078	Streptococcus_thermophilus		Dairy		GCF_020844005.1	GCF_020844005.1	1	data/raw_ncbi/GCF_020844005.1/package/ncbi_dataset/data/assembly_data_report.jsonl	4611bec92a09aeca83b62303e6c7728c38ca9c546802d7367788400aed7158ad
GCF_021378055.1	Pediococcus pentosaceus ST75/87BZ	Pediococcus		traditional fermented cereal		GCF_021378055.1	GCF_021378055.1	1	data/raw_ncbi/GCF_021378055.1/package/ncbi_dataset/data/assembly_data_report.jsonl	59e58bb406783ef02d086c0e21ec938661426c53adffd3476f98a43d0b718939
GCF_023169905.1	Lactococcus cremoris 7-1	Lactococcus				GCF_023169905.1	GCF_023169905.1	1	data/raw_ncbi/GCF_023169905.1/package/ncbi_dataset/data/assembly_data_report.jsonl	8c3bfd579d7d8ac67ff3e869f092274dda8c4f0e09e01ea208d80af957f570fc
GCF_023499275.1	Lactococcus petauri B1726	Lactococcus		fermented balsam pear		GCF_023499275.1	GCF_023499275.1	1	data/raw_ncbi/GCF_023499275.1/package/ncbi_dataset/data/assembly_data_report.jsonl	f6b9d5e4649cc597138cca82c962d2d7ed9a11c270032bc777a785a4f4ec51a9
GCF_023920145.1	Oenococcus oeni SD-2a	Oenococcus		wine		GCF_023920145.1	GCF_023920145.1	1	data/raw_ncbi/GCF_023920145.1/package/ncbi_dataset/data/assembly_data_report.jsonl	4cb2b8efade0e6e8a794981053b5cc2f8435bd0a47494eceda068e563275ec3c
GCF_024334065.1	Streptococcus thermophilus CH8	Streptococcus_thermophilus		culture		GCF_024334065.1	GCF_024334065.1	1	data/raw_ncbi/GCF_024334065.1/package/ncbi_dataset/data/assembly_data_report.jsonl	489e9e290a803c70ac2daa5d97131a245e45c13dcb6aebc379c74578cdf7ebbe
GCF_024397795.1	Lactobacillus intestinalis DSM 6629	Lactobacillus_sensu_stricto	Rat			GCF_024397795.1	GCF_024397795.1	1	data/raw_ncbi/GCF_024397795.1/package/ncbi_dataset/data/assembly_data_report.jsonl	fddd941f9983decf29e554b72fb256242cbdc488aa29d842e66cd529bc2a8698
GCF_024718545.1	Weissella fangxianensis HBUAS51963	Weissella		Rice wine starter		GCF_024718545.1	GCF_024718545.1	1	data/raw_ncbi/GCF_024718545.1/package/ncbi_dataset/data/assembly_data_report.jsonl	40c67b635764ad2a2daf1ea7e45e6f01260122d9630b292bf0ae8a9acb4fb87c
GCF_025311495.1	Limosilactobacillus oris AM_LB10	Limosilactobacillus	Gallus gallus	feces		GCF_025311495.1	GCF_025311495.1	1	data/raw_ncbi/GCF_025311495.1/package/ncbi_dataset/data/assembly_data_report.jsonl	a7c23c34d9f0c29efbeed5ee55c7bf757ba0428cb91d0235be3445076f15376d
GCF_025490915.1	Lacticaseibacillus parakribbianus YH-lacS6	Lacticaseibacillus	pig	feces		GCF_025490915.1	GCF_025490915.1	1	data/raw_ncbi/GCF_025490915.1/package/ncbi_dataset/data/assembly_data_report.jsonl	5aa8f439608b4d1f3b322bfade83966510ef83e8e4eae09b32bbb665eb9a098e
GCF_025739325.1	Streptococcus thermophilus CNRZ1151	Streptococcus_thermophilus		Dairy		GCF_025739325.1	GCF_025739325.1	1	data/raw_ncbi/GCF_025739325.1/package/ncbi_dataset/data/assembly_data_report.jsonl	05de6dc08b70985a9976ea94e7dff52a9a9df62ac8e68178a045cc4cbccfdb95
GCF_025948295.1	Streptococcus thermophilus CNRZ385	Streptococcus_thermophilus		Dairy		GCF_025948295.1	GCF_025948295.1	1	data/raw_ncbi/GCF_025948295.1/package/ncbi_dataset/data/assembly_data_report.jsonl	756f1a548fffab944ce645a669122ad15683f4b93c2fd19745c1698ff93aa8f4
GCF_026222675.1	Lactiplantibacillus pentosus OHF 23	Lactiplantibacillus	Homo sapiens	missing		GCF_026222675.1	GCF_026222675.1	1	data/raw_ncbi/GCF_026222675.1/package/ncbi_dataset/data/assembly_data_report.jsonl	1b7f8f57a655356ff30c4256e185529f17d733aca4745a5d89618bfab6daa9e8
GCF_028607025.1	Limosilactobacillus portuensis LV1276_C155	Limosilactobacillus	Homo sapiens			GCF_028607025.1	GCF_028607025.1	1	data/raw_ncbi/GCF_028607025.1/package/ncbi_dataset/data/assembly_data_report.jsonl	afe03ed90be55f76e02dbb7ef678918d0674c47cb883f90ec590e520b5ea6d81
GCF_028621815.1	Pediococcus acidilactici SRCM102024	Pediococcus		Jelly		GCF_028621815.1	GCF_028621815.1	1	data/raw_ncbi/GCF_028621815.1/package/ncbi_dataset/data/assembly_data_report.jsonl	e9dbac9f565543d67f91aecc10d4ed0f9d804b03f1e969b1ebf8b66948f197fa
GCF_028736235.1	Lacticaseibacillus pabuli KACC 23028	Lacticaseibacillus		Fermented feeds		GCF_028736235.1	GCF_028736235.1	1	data/raw_ncbi/GCF_028736235.1/package/ncbi_dataset/data/assembly_data_report.jsonl	d6cc49246bb556f1c552c7605136e2c229c2916e71e0fe3278bec7d418b7997a
GCF_029025825.1	Lactiplantibacillus paraplantarum FL-8	Lactiplantibacillus		Fermented pepper		GCF_029025825.1	GCF_029025825.1	1	data/raw_ncbi/GCF_029025825.1/package/ncbi_dataset/data/assembly_data_report.jsonl	a575320a774c5709f52eecaa7d29ae5a5605ac88111a2b46dd9c9969e8cca3df
GCF_029726355.1	Lacticaseibacillus huelsenbergensis DSM 115425	Lacticaseibacillus		corn silage		GCF_029726355.1	GCF_029726355.1	1	data/raw_ncbi/GCF_029726355.1/package/ncbi_dataset/data/assembly_data_report.jsonl	5247ebf5a92af67d089ff5c8f0082828359cfcd43876730edf0c7d75a4ffd76b
GCF_029854335.1	Lactiplantibacillus plantarum MY04	Lactiplantibacillus		Fermented bamboo shoots		GCF_029854335.1	GCF_029854335.1	1	data/raw_ncbi/GCF_029854335.1/package/ncbi_dataset/data/assembly_data_report.jsonl	868ac90f3a3b7b61b35f01c472762d9c90d5fc5c7387ce9c2b97043f818dd9d6
GCF_029866985.1	Streptococcus thermophilus DGCC7710	Streptococcus_thermophilus		dairy culture		GCF_029866985.1	GCF_029866985.1	1	data/raw_ncbi/GCF_029866985.1/package/ncbi_dataset/data/assembly_data_report.jsonl	549bb73c2ae9c3ae3d2dfb618cc2487cf75e4583afc3c070d4de3be62696f601
GCF_030480545.1	Lacticaseibacillus pantheris CM2	Lacticaseibacillus				GCF_030480545.1	GCF_030480545.1	1	data/raw_ncbi/GCF_030480545.1/package/ncbi_dataset/data/assembly_data_report.jsonl	c4cf30111f6a77315f419cd2f8f08bf8bde103a3ad95b55c58ec0f28f06121cc
GCF_030770265.1	Lacticaseibacillus parahuelsenbergensis NCIMB 15471	Lacticaseibacillus		grass silage		GCF_030770265.1	GCF_030770265.1	1	data/raw_ncbi/GCF_030770265.1/package/ncbi_dataset/data/assembly_data_report.jsonl	c6ada7f762b4d8052307dc4d7cc30b483fa102c37ffa797d3298410086a5fa71
GCF_030770295.1	Lacticaseibacillus styriensis NCIMB 15473	Lacticaseibacillus		corn silage		GCF_030770295.1	GCF_030770295.1	1	data/raw_ncbi/GCF_030770295.1/package/ncbi_dataset/data/assembly_data_report.jsonl	5e3498a3f335465681be7e66a6ac00517543daf6abe6ef77ce7da1674da6480b
GCF_030770335.1	Lacticaseibacillus zeae subsp. silagei NCIMB 15474	Lacticaseibacillus		corn silage		GCF_030770335.1	GCF_030770335.1	1	data/raw_ncbi/GCF_030770335.1/package/ncbi_dataset/data/assembly_data_report.jsonl	265c6e84872bcde4d39ab561921ff2d3441ca40acca79c7ddcf9d9f4ee638ff2
GCF_032762665.1	Oenococcus oeni K19-3	Oenococcus				GCF_032762665.1	GCF_032762665.1	1	data/raw_ncbi/GCF_032762665.1/package/ncbi_dataset/data/assembly_data_report.jsonl	0027b193fd225ff06be7893d96d40decffcc6808fe5de23b5c0864ed7ca5cb53
GCF_033142085.1	Oenococcus oeni UCMA15129	Oenococcus		Apple juice in fermentation (cider)		GCF_033142085.1	GCF_033142085.1	1	data/raw_ncbi/GCF_033142085.1/package/ncbi_dataset/data/assembly_data_report.jsonl	2975ab41fe1c845e5f1d5c0c12244cbf17eed6c34fff89768d4be09b75bb1c88
GCF_033570435.1	Limosilactobacillus reuteri P43	Limosilactobacillus	Gallus gallus	BSL2 poultry research facilities at Dearstyne (NCSU)		GCF_033570435.1	GCF_033570435.1	1	data/raw_ncbi/GCF_033570435.1/package/ncbi_dataset/data/assembly_data_report.jsonl	dc62037b8251ccff8078e035febcc97df88fc700acf56a30e862189f62e1cba0
GCF_034703025.1	Pediococcus acidilactici AF2019	Pediococcus	Chicken	Chicken farm		GCF_034703025.1	GCF_034703025.1	1	data/raw_ncbi/GCF_034703025.1/package/ncbi_dataset/data/assembly_data_report.jsonl	82f6a692667035acc2ea0cc9d43aba2ecf3c6fbacdddf95a780654a4cf44a5c8
GCF_035985965.1	Lactococcus lactis subsp. lactis C20	Lactococcus		not collected		GCF_035985965.1	GCF_035985965.1	1	data/raw_ncbi/GCF_035985965.1/package/ncbi_dataset/data/assembly_data_report.jsonl	32af519034766b357b756a445b8fc83c4e79665c13dc921977518410c1fad76d
GCF_036246165.1	Lactiplantibacillus paraxiangfangensis 142-6	Lactiplantibacillus				GCF_036246165.1	GCF_036246165.1	1	data/raw_ncbi/GCF_036246165.1/package/ncbi_dataset/data/assembly_data_report.jsonl	054486c7090672b0b95c02afa878a32f3b0192acf0ea7d276083edcf86603862
GCF_036246185.1	Lactiplantibacillus paraxiangfangensis 231-9	Lactiplantibacillus				GCF_036246185.1	GCF_036246185.1	1	data/raw_ncbi/GCF_036246185.1/package/ncbi_dataset/data/assembly_data_report.jsonl	520d47adb4151e14fb83b722ff411045ad83579b825b830158ff18912d7bc8dd
GCF_036246225.1	Lacticaseibacillus salsurivasis 74-4	Lacticaseibacillus				GCF_036246225.1	GCF_036246225.1	1	data/raw_ncbi/GCF_036246225.1/package/ncbi_dataset/data/assembly_data_report.jsonl	2db23087c07382ea6a67dfb47bdeeccf61bd3519e975d9c8829e55e85ce7a120
GCF_036327715.1	Weissella paramesenteroides MbWp-142	Weissella		mulberry wine		GCF_036327715.1	GCF_036327715.1	1	data/raw_ncbi/GCF_036327715.1/package/ncbi_dataset/data/assembly_data_report.jsonl	87e92e15bbf448a927628501b8ce4d0467699491ecbef16cf93d77ea4f9e210f
GCF_037290055.1	Lactiplantibacillus argentoratensis D1	Lactiplantibacillus	missing	silage sample		GCF_037290055.1	GCF_037290055.1	1	data/raw_ncbi/GCF_037290055.1/package/ncbi_dataset/data/assembly_data_report.jsonl	36872bb759a7ee82b7b6ded26541c7666820a779c7b481af5e70fcb48628f0ca
GCF_037891785.1	Lactococcus petauri R21-91A	Lactococcus	Oncorhynchus mykiss			GCF_037891785.1	GCF_037891785.1	1	data/raw_ncbi/GCF_037891785.1/package/ncbi_dataset/data/assembly_data_report.jsonl	7173a459ae56eb1d3a2bfce0a3294a85cc7edad7edae3b9d0a0cce0238e96367
GCF_037892375.1	Lactococcus formosensis M04020401 EE5e5	Lactococcus	Micropterus salmoides			GCF_037892375.1	GCF_037892375.1	1	data/raw_ncbi/GCF_037892375.1/package/ncbi_dataset/data/assembly_data_report.jsonl	cea227f8eff6b260e59ccb51c4c7bf06ed58250794a57cfb75fa8f25ba40abf9
GCF_038049945.1	Streptococcus thermophilus TCI125	Streptococcus_thermophilus		breast milk		GCF_038049945.1	GCF_038049945.1	1	data/raw_ncbi/GCF_038049945.1/package/ncbi_dataset/data/assembly_data_report.jsonl	078a35905f28a74247305151c13810c3162147b397f96714c47609e6f4a0cb95
GCF_039645515.1	Lactococcus petauri R22-25 IC35	Lactococcus	Ictalurus sp.			GCF_039645515.1	GCF_039645515.1	1	data/raw_ncbi/GCF_039645515.1/package/ncbi_dataset/data/assembly_data_report.jsonl	e8adacba18f245de0733637a6b34e74b094a4af2264b611bb2b01dde50172a07
GCF_039645575.1	Lactococcus formosensis M20011502 FF20a2	Lactococcus	Lates calcarifer			GCF_039645575.1	GCF_039645575.1	1	data/raw_ncbi/GCF_039645575.1/package/ncbi_dataset/data/assembly_data_report.jsonl	8cee0050f8f94b3753a6ab8ae8327de5d9b5812adb4ef4a97c31151152b954e0
GCF_039783225.1	Streptococcus thermophilus CNRZ760	Streptococcus_thermophilus		Dairy		GCF_039783225.1	GCF_039783225.1	1	data/raw_ncbi/GCF_039783225.1/package/ncbi_dataset/data/assembly_data_report.jsonl	a343ec7f0325509e1dc83bce4b7a655cd42b2301e3353a9e5456658eeb6364e5
GCF_039783785.1	Streptococcus thermophilus CNRZ887	Streptococcus_thermophilus		Dairy		GCF_039783785.1	GCF_039783785.1	1	data/raw_ncbi/GCF_039783785.1/package/ncbi_dataset/data/assembly_data_report.jsonl	a6ed70fc34c62926cec3557d55da716572f36c026f06099eba19d22d3d76981f
GCF_039955095.1	Limosilactobacillus allomucosae WILCCON 0051	Limosilactobacillus	wild boar	fecal sample		GCF_039955095.1	GCF_039955095.1	1	data/raw_ncbi/GCF_039955095.1/package/ncbi_dataset/data/assembly_data_report.jsonl	16581d1a5dfe36bd9edc81989cf6d5e81316b14d62258370a449d9d3b8f9e390
GCF_041225485.1	Lactococcus ileimucosae 26-13	Lactococcus	Mus musculus	Caecal content of wild mouse		GCF_041225485.1	GCF_041225485.1	1	data/raw_ncbi/GCF_041225485.1/package/ncbi_dataset/data/assembly_data_report.jsonl	f28a7e9826ff83f59af31ab83f0c3f62a51f5efd66427b84b7e17732d89394dc
GCF_041225605.1	Lactococcus muris 20-218	Lactococcus	Mus musculus	Feces of SPF mouse		GCF_041225605.1	GCF_041225605.1	1	data/raw_ncbi/GCF_041225605.1/package/ncbi_dataset/data/assembly_data_report.jsonl	06419f45536e25c0b5429148b5fd53ed799fe9022081d1c1807760fff8604d8e
GCF_041281755.1	Weissella sagaensis ZD-66	Weissella	missing	pickled vegetables		GCF_041281755.1	GCF_041281755.1	1	data/raw_ncbi/GCF_041281755.1/package/ncbi_dataset/data/assembly_data_report.jsonl	9fb09e9d8ab304073ead91c2f8ca5b3cce7cff6fb2472ffa5cab9e4d5ca25388
GCF_041509385.1	Streptococcus thermophilus S24750	Streptococcus_thermophilus		cheese starter culture		GCF_041509385.1	GCF_041509385.1	1	data/raw_ncbi/GCF_041509385.1/package/ncbi_dataset/data/assembly_data_report.jsonl	1ab4948a017ea1e0f08df49aa5fa20073cc31459e30a9261d235e881d31baec7
GCF_041514285.1	Streptococcus thermophilus S24733	Streptococcus_thermophilus		cheese starter culture		GCF_041514285.1	GCF_041514285.1	1	data/raw_ncbi/GCF_041514285.1/package/ncbi_dataset/data/assembly_data_report.jsonl	a5de077131dfb5b553c46ebd1a02f537343f732c35958254c3f98783ab2654a5
GCF_041514295.1	Streptococcus thermophilus S24732	Streptococcus_thermophilus		cheese starter culture		GCF_041514295.1	GCF_041514295.1	1	data/raw_ncbi/GCF_041514295.1/package/ncbi_dataset/data/assembly_data_report.jsonl	040436e6390b98ec05abb6c4ce91ea9655c02afbfb790df4df5899fbb69719d8
GCF_041893975.1	Streptococcus thermophilus S24748	Streptococcus_thermophilus		cheese starter culture		GCF_041893975.1	GCF_041893975.1	1	data/raw_ncbi/GCF_041893975.1/package/ncbi_dataset/data/assembly_data_report.jsonl	dee8f85cd47325ff3bd1cf6a303aa6fe58fec0b0e5f5a76fbb0a545ea6361d86
GCF_042847315.1	Lacticaseibacillus jixiensis N163-3-2	Lacticaseibacillus				GCF_042847315.1	GCF_042847315.1	1	data/raw_ncbi/GCF_042847315.1/package/ncbi_dataset/data/assembly_data_report.jsonl	2fd5c25895957c467ee1a8a36b4f17b5c02229e758fb85252f4ce931b70f042c
GCF_042997415.1	Lactobacillus mulieris CM2267_MRS1	Lactobacillus_sensu_stricto	Homo sapiens	ENVO:02000040		GCF_042997415.1	GCF_042997415.1	1	data/raw_ncbi/GCF_042997415.1/package/ncbi_dataset/data/assembly_data_report.jsonl	35af003eaedf48b11fd90ca2ae9cd963c8df3d72255b2b5145e7e2500f385b26
GCF_045760565.1	Lactococcus muris GBG-M2	Lactococcus	mice	feces		GCF_045760565.1	GCF_045760565.1	1	data/raw_ncbi/GCF_045760565.1/package/ncbi_dataset/data/assembly_data_report.jsonl	66e7a57778cec2b0a1b55a3ccc4e8ff257ff6254ea8a118df3699ed33478c073
GCF_045801155.1	Leuconostoc falkenbergense SAEED 24451	Leuconostoc	Camelus dromedarius	raw camel milk		GCF_045801155.1	GCF_045801155.1	1	data/raw_ncbi/GCF_045801155.1/package/ncbi_dataset/data/assembly_data_report.jsonl	8ed916fc5e4c34647f596e4bb680cd2823fc146e05458915dc3c6bca52a01f62
GCF_045862825.1	Lactiplantibacillus brownii MH-1	Lactiplantibacillus		food		GCF_045862825.1	GCF_045862825.1	1	data/raw_ncbi/GCF_045862825.1/package/ncbi_dataset/data/assembly_data_report.jsonl	d271f336339c1367ea8152053a006ce997dfe6613748f520e354548231dabfff
GCF_046109915.1	Lactobacillus helveticus TCI357	Lactobacillus_sensu_stricto		Asian pear		GCF_046109915.1	GCF_046109915.1	1	data/raw_ncbi/GCF_046109915.1/package/ncbi_dataset/data/assembly_data_report.jsonl	bdc3796c372b117a1e057483c81ecbbc16e661db4cb2e8fbe35c3eeb869a71a0
GCF_047344935.1	Leuconostoc mesenteroides F17	Leuconostoc	Camel	Camel milk		GCF_047344935.1	GCF_047344935.1	1	data/raw_ncbi/GCF_047344935.1/package/ncbi_dataset/data/assembly_data_report.jsonl	e5d2d52715fa79eab54cded53f3ceb8b97ad8fcc3c968501b10cd71eddde2047
GCF_050407965.1	Lactiplantibacillus pentosus TBRC 20328	Lactiplantibacillus	missing	fermented pork sausage		GCF_050407965.1	GCF_050407965.1	1	data/raw_ncbi/GCF_050407965.1/package/ncbi_dataset/data/assembly_data_report.jsonl	c126bf4b7b48018ba83cf15e86d5ca4e8d6528518a548a8f04c99e17f713616f
GCF_050847345.1	Lactiplantibacillus argentoratensis 12-27B	Lactiplantibacillus		Fura		GCF_050847345.1	GCF_050847345.1	1	data/raw_ncbi/GCF_050847345.1/package/ncbi_dataset/data/assembly_data_report.jsonl	45a4116d8343e64c4c2d8e1b796cf824d29d1cef4973d4b8a884f0b77e8eae51
GCF_051098045.1	Lactiplantibacillus paraplantarum IBB3436	Lactiplantibacillus	Cattle	milk		GCF_051098045.1	GCF_051098045.1	1	data/raw_ncbi/GCF_051098045.1/package/ncbi_dataset/data/assembly_data_report.jsonl	c8424e04ef2ab9d2760e6ff608a3f2ff4aad13223a7ebbbfcee1f75bd87b77eb
GCF_052569745.1	Streptococcus thermophilus UCCSt50	Streptococcus_thermophilus		milk		GCF_052569745.1	GCF_052569745.1	1	data/raw_ncbi/GCF_052569745.1/package/ncbi_dataset/data/assembly_data_report.jsonl	300a185e0c7144122c0e040163b8f12763c248403df1cd2f9a7da382abcc205a
GCF_052570115.1	Streptococcus thermophilus F1B	Streptococcus_thermophilus		milk		GCF_052570115.1	GCF_052570115.1	1	data/raw_ncbi/GCF_052570115.1/package/ncbi_dataset/data/assembly_data_report.jsonl	62e93ed0f081fd5fcdfca4b7a3df880923a64c3e11e45064bcee321ef18d3131
GCF_052571685.1	Streptococcus thermophilus F2A	Streptococcus_thermophilus		milk		GCF_052571685.1	GCF_052571685.1	1	data/raw_ncbi/GCF_052571685.1/package/ncbi_dataset/data/assembly_data_report.jsonl	263be741593ef17d15f069963447231b8f6f80a401141af6aa7a66ab16ef8eb4
GCF_054073565.1	Weissella cibaria LB13201	Weissella	Bos taurus coreanae			GCF_054073565.1	GCF_054073565.1	1	data/raw_ncbi/GCF_054073565.1/package/ncbi_dataset/data/assembly_data_report.jsonl	525aec895be807c430f12ff84d081526803bb00969870d7290629238798ac570
GCF_054331775.1	Limosilactobacillus ingluviei Ch9e	Limosilactobacillus	chicken	feces		GCF_054331775.1	GCF_054331775.1	1	data/raw_ncbi/GCF_054331775.1/package/ncbi_dataset/data/assembly_data_report.jsonl	85301d1ea4573160bcb6f70e9fd06047286fdb5d6b206d679e3a7f6a5b179ac2
GCF_054452875.2	Lacticaseibacillus saniviri TDH-8	Lacticaseibacillus	Cyprinus carpio var. specularis (mirror carp)	intestine		GCF_054452875.2	GCF_054452875.2	1	data/raw_ncbi/GCF_054452875.2/package/ncbi_dataset/data/assembly_data_report.jsonl	e4ebf97926478bc5aad30812d557ca5dd68d630879e04c7b47f0f5b277a623ea
GCF_054784775.1	Lacticaseibacillus boliensis GG6-2	Lacticaseibacillus				GCF_054784775.1	GCF_054784775.1	1	data/raw_ncbi/GCF_054784775.1/package/ncbi_dataset/data/assembly_data_report.jsonl	59e9d31cae27dabff4381cda54ae570597e9bce65ddf96457f57e7b1d5d6ad7d
GCF_054785075.1	Lacticaseibacillus suihuaensis N149-9	Lacticaseibacillus				GCF_054785075.1	GCF_054785075.1	1	data/raw_ncbi/GCF_054785075.1/package/ncbi_dataset/data/assembly_data_report.jsonl	44d18286399b62f5ad2263f0ae4b991aaf6f29c39c2ee2ec4314f8a416a85469
GCF_055180435.1	Lactococcus cremoris FAM 17886	Lactococcus				GCF_055180435.1	GCF_055180435.1	1	data/raw_ncbi/GCF_055180435.1/package/ncbi_dataset/data/assembly_data_report.jsonl	66ce31ffc7c0dfbd3fb1920445357b48b383d594fab1366c474b7b91b8ef7e78
GCF_055502585.1	Lactobacillus kitasatonis PLL-01	Lactobacillus_sensu_stricto	chicken			GCF_055502585.1	GCF_055502585.1	1	data/raw_ncbi/GCF_055502585.1/package/ncbi_dataset/data/assembly_data_report.jsonl	f13f63d3a9a1b4537074ec6df98f67d7ebeb7818ea07baa3e6d6f7c18ec650a3
GCF_055755075.1	Pediococcus pentosaceus MIANGUAN2	Pediococcus	Homo sapiens	health human feces		GCF_055755075.1	GCF_055755075.1	1	data/raw_ncbi/GCF_055755075.1/package/ncbi_dataset/data/assembly_data_report.jsonl	cf6fe0f044be620ac1fb0282ff23ecb92c266d31ebf001d0570ad7e8f47c3105
GCF_056269605.1	Streptococcus thermophilus ST250	Streptococcus_thermophilus		cheese		GCF_056269605.1	GCF_056269605.1	1	data/raw_ncbi/GCF_056269605.1/package/ncbi_dataset/data/assembly_data_report.jsonl	7721a5feb76ffda878672f5d6a4be57c6be6546479e98427bb9070c14963ffe6
GCF_056676095.1	Limosilactobacillus mucosae CXY	Limosilactobacillus	pig			GCF_056676095.1	GCF_056676095.1	1	data/raw_ncbi/GCF_056676095.1/package/ncbi_dataset/data/assembly_data_report.jsonl	03673ddb52aae3533dd1789b41eae77e6246f0c4e3391a65c0f2998526519fcf
GCF_057786735.1	Streptococcus thermophilus	Streptococcus_thermophilus		spontanious fermented milk		GCF_057786735.1	GCF_057786735.1	1	data/raw_ncbi/GCF_057786735.1/package/ncbi_dataset/data/assembly_data_report.jsonl	5009c0b4572a892fd87037240dd8aee773dab2ffefa6894e626fe2db51e0a3f1
GCF_058111805.1	Leuconostoc suionicum NIBL3969	Leuconostoc		kimchi		GCF_058111805.1	GCF_058111805.1	1	data/raw_ncbi/GCF_058111805.1/package/ncbi_dataset/data/assembly_data_report.jsonl	ab12c22ada3df270dea7e5304f419daa718fa32d2586066f4258f4c27324b234
GCF_059089415.1	Pediococcus acidilactici 46A	Pediococcus	Homo sapiens			GCF_059089415.1	GCF_059089415.1	1	data/raw_ncbi/GCF_059089415.1/package/ncbi_dataset/data/assembly_data_report.jsonl	bbdbf8e9a261d796da5fe260305ec303e038375c23ca9b805341ee6f72cc0454
GCF_060305805.1	Lactococcus lactis LBMWF02	Lactococcus	Oreochomis niloticus	intestine		GCF_060305805.1	GCF_060305805.1	1	data/raw_ncbi/GCF_060305805.1/package/ncbi_dataset/data/assembly_data_report.jsonl	fcb8eff55c47682c822f2cd158ef3acd86b329b1dff09ba7f9a78961419ca176
GCF_060307215.1	Lactococcus lactis LBMWF01	Lactococcus	Oncorhynchus mykiss	intestine		GCF_060307215.1	GCF_060307215.1	1	data/raw_ncbi/GCF_060307215.1/package/ncbi_dataset/data/assembly_data_report.jsonl	e2ab5d65fd7ce8310667600e51f47684b77880eaa25324d6238d3d781514faf1
GCF_900016205.1	Leuconostoc inhae PL111	Leuconostoc		carrot		GCF_900016205.1	GCF_900016205.1	1	data/raw_ncbi/GCF_900016205.1/package/ncbi_dataset/data/assembly_data_report.jsonl	9669c9445ceaefdeea09f3831f2d90e960b774a452cf469a1de73bded3d78ee8
GCF_900094835.1	Weissella bombi R-53094	Weissella				GCF_900094835.1	GCF_900094835.1	1	data/raw_ncbi/GCF_900094835.1/package/ncbi_dataset/data/assembly_data_report.jsonl	5408b147ec9e6538b5f2d198a971ca703c747ec6a782cd2ae6b86a012a655aec
GCF_900240275.1	[Lactobacillus] timonensis Marseille-P3825	Limosilactobacillus		stool		GCF_900240275.1	GCF_900240275.1	1	data/raw_ncbi/GCF_900240275.1/package/ncbi_dataset/data/assembly_data_report.jsonl	aa32ac71c7b17adbb5ff23f19814b837c0effcb01856d94001cc41a680c548ba
GCF_900519455.1	Oenococcus oeni UBOCC-A-315001	Oenococcus				GCF_900519455.1	GCF_900519455.1	1	data/raw_ncbi/GCF_900519455.1/package/ncbi_dataset/data/assembly_data_report.jsonl	8c08d1ce13a587fce7b3281bbb6f222947befff017ca29b5832fe0d5a169e1ec
GCF_900519475.1	Oenococcus oeni CRBO_1381	Oenococcus				GCF_900519475.1	GCF_900519475.1	1	data/raw_ncbi/GCF_900519475.1/package/ncbi_dataset/data/assembly_data_report.jsonl	e18ef213f7b599e21215a5e74311e05e20121e6b7c384116e7ae14298ac12299
GCF_900636965.1	Lacticaseibacillus rhamnosus NCTC13764	Lacticaseibacillus	missing	not available: to be reported later		GCF_900636965.1	GCF_900636965.1	1	data/raw_ncbi/GCF_900636965.1/package/ncbi_dataset/data/assembly_data_report.jsonl	fad19bba69730854a252895874c2caa31a7aa608ccd35cfcb0e0af58a7249a51
GCF_903885985.1	Streptococcus thermophilus	Streptococcus_thermophilus		artisanal lactic starter (for Gruyere de Comte cheese making)		GCF_903885985.1	GCF_903885985.1	1	data/raw_ncbi/GCF_903885985.1/package/ncbi_dataset/data/assembly_data_report.jsonl	323c27d296b4bc83d0476091ebd111021a2b359b52517fdd357dbba67fe2bf56
GCF_903886345.1	Streptococcus thermophilus	Streptococcus_thermophilus		artisanal lactic starter (for Emmental cheese making)		GCF_903886345.1	GCF_903886345.1	1	data/raw_ncbi/GCF_903886345.1/package/ncbi_dataset/data/assembly_data_report.jsonl	0a2434cca2aef43717aa66170406bd5bf15486b13fec2ed5ae69739200e03e32
GCF_903886475.1	Streptococcus thermophilus	Streptococcus_thermophilus		lactic starter (for yogurt making)		GCF_903886475.1	GCF_903886475.1	1	data/raw_ncbi/GCF_903886475.1/package/ncbi_dataset/data/assembly_data_report.jsonl	59e68664b42f1fb13f4ab57a54f604ab1f09fff0b2afa704ac3c5091fe473398
GCF_903891025.1	Streptococcus thermophilus	Streptococcus_thermophilus		yogurt		GCF_903891025.1	GCF_903891025.1	1	data/raw_ncbi/GCF_903891025.1/package/ncbi_dataset/data/assembly_data_report.jsonl	ab9a42efe120e5a0844082882042f86cba9315dc7ec26532201c2b7153ab1eda
GCF_903891205.1	Streptococcus thermophilus	Streptococcus_thermophilus		yogurt		GCF_903891205.1	GCF_903891205.1	1	data/raw_ncbi/GCF_903891205.1/package/ncbi_dataset/data/assembly_data_report.jsonl	659cefdd6d4b3e38d041216cd6282cf058eff2ca591e9fd38089b3538161a854
GCF_947539375.1	Lactobacillus isalae AMBV1719	Lactobacillus_sensu_stricto		human vagina		GCF_947539375.1	GCF_947539375.1	1	data/raw_ncbi/GCF_947539375.1/package/ncbi_dataset/data/assembly_data_report.jsonl	ce720feccd85194269bcc2f49cb82d0f32c2cca2bf9a2af27a8769eee390c10b
GCF_963243495.1	Lactiplantibacillus xiangfangensis IMDO EBMM8	Lactiplantibacillus		sourdough		GCF_963243495.1	GCF_963243495.1	1	data/raw_ncbi/GCF_963243495.1/package/ncbi_dataset/data/assembly_data_report.jsonl	48b8f502917153615913aed22cd4a1288a707da4e34bbce89d1e361c586c1fe3
GCF_963281025.1	Limosilactobacillus vaginalis	Limosilactobacillus				GCF_963281025.1	GCF_963281025.1	1	data/raw_ncbi/GCF_963281025.1/package/ncbi_dataset/data/assembly_data_report.jsonl	dc450260ad339990825750a4d509faefa4a86a11c9fec87227a9167652d15ba7
GCF_964063315.1	Leuconostoc carnosum	Leuconostoc				GCF_964063315.1	GCF_964063315.1	1	data/raw_ncbi/GCF_964063315.1/package/ncbi_dataset/data/assembly_data_report.jsonl	a25f51b148db803e55074ed69760dbdd312e83c114ed1308cf8650c5819261c3
GCF_965136965.1	Lactiplantibacillus plajomi CIP110952T	Lactiplantibacillus				GCF_965136965.1	GCF_965136965.1	1	data/raw_ncbi/GCF_965136965.1/package/ncbi_dataset/data/assembly_data_report.jsonl	ed74dc0c79beb0ac7bf082176908c28ff3eeaefb34703eb89a44ca825cd631cc
GCF_965286035.1	Leuconostoc pseudomesenteroides HF-IBB-469	Leuconostoc		Kefir water		GCF_965286035.1	GCF_965286035.1	1	data/raw_ncbi/GCF_965286035.1/package/ncbi_dataset/data/assembly_data_report.jsonl	0b038ef76f983f33c8fb0228d290fa88c0821d4249734e7c8dca1e32c40bc979
GCF_965286295.1	Lactiplantibacillus argentoratensis UH016_15	Lactiplantibacillus		sourdough		GCF_965286295.1	GCF_965286295.1	1	data/raw_ncbi/GCF_965286295.1/package/ncbi_dataset/data/assembly_data_report.jsonl	2a86702e8e66445a7c0d2121c9510cc4eb36537dbc0fb1c6667f17ec44ec812f
GCF_965286585.1	Limosilactobacillus fermentum HF-IBB-205	Limosilactobacillus		Bors		GCF_965286585.1	GCF_965286585.1	1	data/raw_ncbi/GCF_965286585.1/package/ncbi_dataset/data/assembly_data_report.jsonl	3d07243ce12909f0eab452fc90a6e0fadd72b227c014c8e85ef8732a707a64ec
GCF_982267005.1	Leuconostoc lactis	Leuconostoc				GCF_982267005.1	GCF_982267005.1	1	data/raw_ncbi/GCF_982267005.1/package/ncbi_dataset/data/assembly_data_report.jsonl	68175c7f21ce5fa8677e3d7eb364a0a6a461f993f1507dd96356abe2a8e63d27
