detector	model_id	proposed_type	subtype	source_member	source_sha256	review_status	exclusion_basis
DefenseFinder	defense-finder-models/DefenseFinder/Other_Type_IV/Other_Type_IV	IV		defense-finder-models-9b0d07b759f5f73d8c2b9aa3e696f4cdd04c11d2/definitions/DefenseFinder/Other_Type_IV/Other_Type_IV.xml	c49d001a31f3605a1c1b3be25d8293199d998b9365f0b27b8bcd7ec7ba71127a	CANDIDATE_SCOPE_ONLY_NOT_COMPLETE	
DefenseFinder	defense-finder-models/RM/GmrSD_RM_Type_IV/GmrSD_RM_Type_IV	IV	GmrSD	defense-finder-models-9b0d07b759f5f73d8c2b9aa3e696f4cdd04c11d2/definitions/RM/GmrSD_RM_Type_IV/GmrSD_RM_Type_IV.xml	48186eec107a2033a750787e874e859ad5e990b54178733c43595387aec33920	CANDIDATE_SCOPE_ONLY_NOT_COMPLETE	
DefenseFinder	defense-finder-models/RM/McrBC/McrBC	IV	McrBC	defense-finder-models-9b0d07b759f5f73d8c2b9aa3e696f4cdd04c11d2/definitions/RM/McrBC/McrBC.xml	57e83ca24e13e7e03f4cdca81c19f987d53fa85fbf580cfe3255a91b2475613d	CANDIDATE_SCOPE_ONLY_NOT_COMPLETE	
DefenseFinder	defense-finder-models/RM/PD-Lambda-5/PD-Lambda-5			defense-finder-models-9b0d07b759f5f73d8c2b9aa3e696f4cdd04c11d2/definitions/RM/PD-Lambda-5/PD-Lambda-5.xml	5fc7fb7621dc0ca1046a2bf740eb7250b709fc7c434f06370ec1cc3b9d99501a	CANDIDATE_SCOPE_ONLY_NOT_COMPLETE	RM directory membership does not establish conventional Type I-IV
DefenseFinder	defense-finder-models/RM/Panchino_gp28/Panchino_gp28			defense-finder-models-9b0d07b759f5f73d8c2b9aa3e696f4cdd04c11d2/definitions/RM/Panchino_gp28/Panchino_gp28.xml	1f892ecbb7b6e5a3e83c7ffd2a1712270a1efbfb3a4f4a761b8dbfce73e8972e	CANDIDATE_SCOPE_ONLY_NOT_COMPLETE	RM directory membership does not establish conventional Type I-IV
DefenseFinder	defense-finder-models/RM/PrrC/PrrC			defense-finder-models-9b0d07b759f5f73d8c2b9aa3e696f4cdd04c11d2/definitions/RM/PrrC/PrrC.xml	613a56be0bc6718d502a836aa02b628cf2c8924c911bd06d266a7f8af238e0f8	CANDIDATE_SCOPE_ONLY_NOT_COMPLETE	RM directory membership does not establish conventional Type I-IV
DefenseFinder	defense-finder-models/RM/RM/RM_Type_I	I		defense-finder-models-9b0d07b759f5f73d8c2b9aa3e696f4cdd04c11d2/definitions/RM/RM/RM_Type_I.xml	00149574ee163b6738f617d4cdbbaaa19909ce07552a1996eeb3d4dda9beee9a	CANDIDATE_SCOPE_ONLY_NOT_COMPLETE	
DefenseFinder	defense-finder-models/RM/RM/RM_Type_II	II		defense-finder-models-9b0d07b759f5f73d8c2b9aa3e696f4cdd04c11d2/definitions/RM/RM/RM_Type_II.xml	5bddb0cd6a17b53378687a30e4de681bf56ccb7835e3cfd3896cd770696a077b	CANDIDATE_SCOPE_ONLY_NOT_COMPLETE	
DefenseFinder	defense-finder-models/RM/RM/RM_Type_IIG	II	IIG	defense-finder-models-9b0d07b759f5f73d8c2b9aa3e696f4cdd04c11d2/definitions/RM/RM/RM_Type_IIG.xml	aefd58441c6fe2973f101ca11a483bca003596e46631547df0ba9ef90c2ff5f3	CANDIDATE_SCOPE_ONLY_NOT_COMPLETE	
DefenseFinder	defense-finder-models/RM/RM/RM_Type_IIG_2	II	IIG	defense-finder-models-9b0d07b759f5f73d8c2b9aa3e696f4cdd04c11d2/definitions/RM/RM/RM_Type_IIG_2.xml	29eeea95473367991b35f3ad07bcb287ec5c6ab40aff362a71cdd43d4a24e685	CANDIDATE_SCOPE_ONLY_NOT_COMPLETE	
DefenseFinder	defense-finder-models/RM/RM/RM_Type_III	III		defense-finder-models-9b0d07b759f5f73d8c2b9aa3e696f4cdd04c11d2/definitions/RM/RM/RM_Type_III.xml	b71fcf90dd44e0e75fa698f899b045a125ac55e0bf9e79b4057252537d9874ee	CANDIDATE_SCOPE_ONLY_NOT_COMPLETE	
DefenseFinder	defense-finder-models/RM/RM/RM_Type_IV	IV		defense-finder-models-9b0d07b759f5f73d8c2b9aa3e696f4cdd04c11d2/definitions/RM/RM/RM_Type_IV.xml	67398a51a19352a040523a3f443b514e82889831c84c49196b5af841f61e825a	CANDIDATE_SCOPE_ONLY_NOT_COMPLETE	
DefenseFinder	defense-finder-models/RM/RM/RM_Type_IV_1	IV		defense-finder-models-9b0d07b759f5f73d8c2b9aa3e696f4cdd04c11d2/definitions/RM/RM/RM_Type_IV_1.xml	353fd677f9ee3d43ecc37546cec05dae6b8eed3fdf2544f2a6f6967c77211731	CANDIDATE_SCOPE_ONLY_NOT_COMPLETE	
DefenseFinder	defense-finder-models/RM/RM_Type_I/N6_RM_Type_I	I		defense-finder-models-9b0d07b759f5f73d8c2b9aa3e696f4cdd04c11d2/definitions/RM/RM_Type_I/N6_RM_Type_I.xml	8959d484f72ef199060f88ff28721f692776ad3f7c55e95e3c1f9bdeb59bb739	CANDIDATE_SCOPE_ONLY_NOT_COMPLETE	
DefenseFinder	defense-finder-models/RM/RM_Type_II/D12_RM_Type_II	II		defense-finder-models-9b0d07b759f5f73d8c2b9aa3e696f4cdd04c11d2/definitions/RM/RM_Type_II/D12_RM_Type_II.xml	7afb3e002a99da63afe7e2a39c40c783b3bed872bd61bf8becf1bf3f61a9a99d	CANDIDATE_SCOPE_ONLY_NOT_COMPLETE	
DefenseFinder	defense-finder-models/RM/RM_Type_II/D12_RM_Type_II_HNH	II		defense-finder-models-9b0d07b759f5f73d8c2b9aa3e696f4cdd04c11d2/definitions/RM/RM_Type_II/D12_RM_Type_II_HNH.xml	efcdb81b9012de285781ed6b30659181d2cb046ef69e6cdd8cca91d4dcd91c65	CANDIDATE_SCOPE_ONLY_NOT_COMPLETE	
DefenseFinder	defense-finder-models/RM/RM_Type_II/D12_RM_Type_II_PDDEXK	II		defense-finder-models-9b0d07b759f5f73d8c2b9aa3e696f4cdd04c11d2/definitions/RM/RM_Type_II/D12_RM_Type_II_PDDEXK.xml	aefc0ba6d361e91bffda6c8e0aa8275b1e365377edbd08753f168aa565306a5e	CANDIDATE_SCOPE_ONLY_NOT_COMPLETE	
DefenseFinder	defense-finder-models/RM/RM_Type_II/DNA_met_RM_Type_II	II		defense-finder-models-9b0d07b759f5f73d8c2b9aa3e696f4cdd04c11d2/definitions/RM/RM_Type_II/DNA_met_RM_Type_II.xml	5c55b7037feb46836f50193041e829b74e633c10a3df8920ad988372ec53c868	CANDIDATE_SCOPE_ONLY_NOT_COMPLETE	
DefenseFinder	defense-finder-models/RM/RM_Type_II/DNA_met_RM_Type_II_HATPase	II		defense-finder-models-9b0d07b759f5f73d8c2b9aa3e696f4cdd04c11d2/definitions/RM/RM_Type_II/DNA_met_RM_Type_II_HATPase.xml	d918768d009feea1432bfcc31b01d12ae786bf54e29cd33e3a1148594158a753	CANDIDATE_SCOPE_ONLY_NOT_COMPLETE	
DefenseFinder	defense-finder-models/RM/RM_Type_II/DNA_met_RM_Type_II_HNH	II		defense-finder-models-9b0d07b759f5f73d8c2b9aa3e696f4cdd04c11d2/definitions/RM/RM_Type_II/DNA_met_RM_Type_II_HNH.xml	f16356dca32fa619496282eb36560b74129e5b4ab8d7f614e122981564bfb37b	CANDIDATE_SCOPE_ONLY_NOT_COMPLETE	
DefenseFinder	defense-finder-models/RM/RM_Type_II/DNA_met_RM_Type_II_PDDEXK	II		defense-finder-models-9b0d07b759f5f73d8c2b9aa3e696f4cdd04c11d2/definitions/RM/RM_Type_II/DNA_met_RM_Type_II_PDDEXK.xml	f32f543b04fb90efb1156d0195c98973752807d51804bc91953d4a43d7baabc9	CANDIDATE_SCOPE_ONLY_NOT_COMPLETE	
DefenseFinder	defense-finder-models/RM/RM_Type_II/DNA_met_RM_Type_II_PLD	II		defense-finder-models-9b0d07b759f5f73d8c2b9aa3e696f4cdd04c11d2/definitions/RM/RM_Type_II/DNA_met_RM_Type_II_PLD.xml	e03f54dae243f4ac4f803865cd6c3a0457325965e51bef7e48a0f8037c07d8c4	CANDIDATE_SCOPE_ONLY_NOT_COMPLETE	
DefenseFinder	defense-finder-models/RM/RM_Type_II/N6_N4_RM_Type_II	II		defense-finder-models-9b0d07b759f5f73d8c2b9aa3e696f4cdd04c11d2/definitions/RM/RM_Type_II/N6_N4_RM_Type_II.xml	f8ea82d33bfc1e6f11ca78281818e5d9cc8de43327e1e10edf8665be7350a00a	CANDIDATE_SCOPE_ONLY_NOT_COMPLETE	
DefenseFinder	defense-finder-models/RM/RM_Type_II/N6_N4_RM_Type_II_HATPase	II		defense-finder-models-9b0d07b759f5f73d8c2b9aa3e696f4cdd04c11d2/definitions/RM/RM_Type_II/N6_N4_RM_Type_II_HATPase.xml	6f012c842b6452df262e9f676f758c4064fed5b5d0a8d8b358f2b5f3ede85887	CANDIDATE_SCOPE_ONLY_NOT_COMPLETE	
DefenseFinder	defense-finder-models/RM/RM_Type_II/N6_N4_RM_Type_II_HNH	II		defense-finder-models-9b0d07b759f5f73d8c2b9aa3e696f4cdd04c11d2/definitions/RM/RM_Type_II/N6_N4_RM_Type_II_HNH.xml	1f1eb473651e16ba7339164eab315cfc3c8587c4f8cfd927c5459e4412c4bb07	CANDIDATE_SCOPE_ONLY_NOT_COMPLETE	
DefenseFinder	defense-finder-models/RM/RM_Type_II/N6_N4_RM_Type_II_PDDEXK	II		defense-finder-models-9b0d07b759f5f73d8c2b9aa3e696f4cdd04c11d2/definitions/RM/RM_Type_II/N6_N4_RM_Type_II_PDDEXK.xml	43984ffb8314b0f3433547006e784c5885c2bda82ba4dd4ebaf7c1e97dc398f0	CANDIDATE_SCOPE_ONLY_NOT_COMPLETE	
DefenseFinder	defense-finder-models/RM/RM_Type_II/N6_N4_RM_Type_II_PLD	II		defense-finder-models-9b0d07b759f5f73d8c2b9aa3e696f4cdd04c11d2/definitions/RM/RM_Type_II/N6_N4_RM_Type_II_PLD.xml	0242ac14ad9925e8b066149c6516af435f86f4469ca8e0714726d8e9944fbf58	CANDIDATE_SCOPE_ONLY_NOT_COMPLETE	
DefenseFinder	defense-finder-models/RM/RM_Type_II/N6_RM_Type_II_HATPase	II		defense-finder-models-9b0d07b759f5f73d8c2b9aa3e696f4cdd04c11d2/definitions/RM/RM_Type_II/N6_RM_Type_II_HATPase.xml	9ade49816dced472765803c27fff290a9fecb2b96e6fac655c074aae10c8f694	CANDIDATE_SCOPE_ONLY_NOT_COMPLETE	
DefenseFinder	defense-finder-models/RM/RM_Type_II/N6_RM_Type_II_HNH	II		defense-finder-models-9b0d07b759f5f73d8c2b9aa3e696f4cdd04c11d2/definitions/RM/RM_Type_II/N6_RM_Type_II_HNH.xml	879033cdff74ac7f6506c5a4cea5894644df8a0d72ad63e9642c309d41c51d7a	CANDIDATE_SCOPE_ONLY_NOT_COMPLETE	
DefenseFinder	defense-finder-models/RM/RM_Type_II/N6_RM_Type_II_PDDEXK	II		defense-finder-models-9b0d07b759f5f73d8c2b9aa3e696f4cdd04c11d2/definitions/RM/RM_Type_II/N6_RM_Type_II_PDDEXK.xml	65cb5f93a8176afa415040634f604446e6d2163a652a932ac95d348a58f18ad5	CANDIDATE_SCOPE_ONLY_NOT_COMPLETE	
DefenseFinder	defense-finder-models/RM/RM_Type_IIG/N6_RM_Type_IIG	II	IIG	defense-finder-models-9b0d07b759f5f73d8c2b9aa3e696f4cdd04c11d2/definitions/RM/RM_Type_IIG/N6_RM_Type_IIG.xml	cc59ab80be461c287abc4b57e3b6ba17f201a1fa362af55283985c93c2191779	CANDIDATE_SCOPE_ONLY_NOT_COMPLETE	
DefenseFinder	defense-finder-models/RM/RM_Type_III/N6_N4_RM_Type_III	III		defense-finder-models-9b0d07b759f5f73d8c2b9aa3e696f4cdd04c11d2/definitions/RM/RM_Type_III/N6_N4_RM_Type_III.xml	b71fcf90dd44e0e75fa698f899b045a125ac55e0bf9e79b4057252537d9874ee	CANDIDATE_SCOPE_ONLY_NOT_COMPLETE	
PADLOC	RM_type_HNH			padloc-db-7f99b47b75e232b111c18626badb9ac32e8e0b5a/sys/RM_type_HNH.yaml	817719181fee91b2bf4dbb822cb1d97ec251f866d5c82855b8405c4967435cdb	CANDIDATE_SCOPE_ONLY_NOT_COMPLETE	HNH alone is generic nuclease; VSPR is repair
PADLOC	RM_type_I	I		padloc-db-7f99b47b75e232b111c18626badb9ac32e8e0b5a/sys/RM_type_I.yaml	04829d2a5db188aef303dc50e9a6a7f77a92b70f14f8d4c09c5aaf3a46fea71f	CANDIDATE_SCOPE_ONLY_NOT_COMPLETE	
PADLOC	RM_type_II	II		padloc-db-7f99b47b75e232b111c18626badb9ac32e8e0b5a/sys/RM_type_II.yaml	f8fce6e81696c631c544d92d9b12a90b141fb95579a73cd5c8c209d6632e8a62	CANDIDATE_SCOPE_ONLY_NOT_COMPLETE	
PADLOC	RM_type_IIG	II	IIG	padloc-db-7f99b47b75e232b111c18626badb9ac32e8e0b5a/sys/RM_type_IIG.yaml	bcc05bd67aa4a3b368a94d6356c9f70f88c1a8d6178f733215915d034d50786a	CANDIDATE_SCOPE_ONLY_NOT_COMPLETE	
PADLOC	RM_type_III	III		padloc-db-7f99b47b75e232b111c18626badb9ac32e8e0b5a/sys/RM_type_III.yaml	40013a0f5f0cb26b0ed2111b1eb356c14ad8b58ff9538730a6f062eaf4aa3b20	CANDIDATE_SCOPE_ONLY_NOT_COMPLETE	
PADLOC	RM_type_IV	IV		padloc-db-7f99b47b75e232b111c18626badb9ac32e8e0b5a/sys/RM_type_IV.yaml	0141248ce09f96766dbdb4617e3938ed58d6701c50307a9b1dfb3a73a4933c59	CANDIDATE_SCOPE_ONLY_NOT_COMPLETE	
PADLOC	VSPR			padloc-db-7f99b47b75e232b111c18626badb9ac32e8e0b5a/sys/VSPR.yaml	3e88660553d0a250b145bf3bee591beabf6915724f64488129dd537f94be842e	CANDIDATE_SCOPE_ONLY_NOT_COMPLETE	HNH alone is generic nuclease; VSPR is repair
